
══════════════════════════════════════════════════════════════════════
║                 Silicon Rider Bench - AI 外卖骑手基准测试                  ║
══════════════════════════════════════════════════════════════════════

Level 1 - 完整基准测试：大地图，24小时周期，持续订单生成，动态拥堵

配置详情：
- 时长: 1440 分钟 (24.0 小时)
- 地图大小: large
- 种子: 933487
- 基准订单频率: 每 5 分钟


使用自定义种子: 622539

正在初始化模拟器...
✓ 模拟器初始化完成

正在初始化 AI 客户端...
⚠ API_KEY not set. If the upstream API requires authentication, it will return an error.
✓ AI 客户端初始化完成
  模型: E:\Hermes3.6-35B-A3B-Uncensored-Genesis-V7-MTP-APEX-Compact.gguf

开始时间: 2026/8/11 16:10:44

开始模拟...


──────────────────────────────────────────────────────────────────────
⏰ 时间: 06:00    | 🔄 迭代: 1
📍 位置: node_0     | 🔋 电量: 100.0% (50.0km)
💰 利润: ¥0.00     | ✅ 完成: 0 单
📦 背包: 空
💬 AI: Executed 1 tool call(s)

================================================================================
[对话轮次 #1] ASSISTANT
================================================================================

【Tool Calls】

  [1] get_my_status
  Arguments:
    {}

================================================================================


--------------------------------------------------------------------------------
[对话轮次 #1] TOOL: get_my_status
--------------------------------------------------------------------------------

【Result】
{
  "success": true,
  "data": {
    "position": "node_0",
    "battery": 100,
    "batteryRange": 50,
    "acceptedOrders": [],
    "carriedOrders": [],
    "totalWeight": 0,
    "remainingCapacity": 10,
    "currentTime": 360,
    "formattedTime": "06:00",
    "remainingTime": 1440,
    "formattedRemainingTime": "24小时",
    "profit": 0
  }
}

--------------------------------------------------------------------------------


──────────────────────────────────────────────────────────────────────
⏰ 时间: 06:00    | 🔄 迭代: 2
📍 位置: node_0     | 🔋 电量: 100.0% (50.0km)
💰 利润: ¥0.00     | ✅ 完成: 0 单
📦 背包: 空
💬 AI: Executed 1 tool call(s)

================================================================================
[对话轮次 #2] ASSISTANT
================================================================================

【Tool Calls】

  [1] search_nearby_orders
  Arguments:
    {
        "radius": 5
    }

================================================================================


--------------------------------------------------------------------------------
[对话轮次 #2] TOOL: search_nearby_orders
--------------------------------------------------------------------------------

【Result】
{
  "success": true,
  "data": {
    "orders": []
  }
}

--------------------------------------------------------------------------------


──────────────────────────────────────────────────────────────────────
⏰ 时间: 06:00    | 🔄 迭代: 3
📍 位置: node_0     | 🔋 电量: 100.0% (50.0km)
💰 利润: ¥0.00     | ✅ 完成: 0 单
📦 背包: 空
💬 AI: Executed 1 tool call(s)

================================================================================
[对话轮次 #3] ASSISTANT
================================================================================

【Tool Calls】

  [1] search_nearby_orders
  Arguments:
    {
        "radius": 10
    }

================================================================================


--------------------------------------------------------------------------------
[对话轮次 #3] TOOL: search_nearby_orders
--------------------------------------------------------------------------------

【Result】
{
  "success": true,
  "data": {
    "orders": [
      {
        "id": "order_2",
        "type": "food",
        "name": "[\"牛肉汤\",\"火腿煎蛋\"]",
        "deliveryFee": 15.15,
        "weight": 0.928020145278424,
        "itemPrice": 17.687611347064376,
        "pickupLocation": "node_71",
        "deliveryLocation": "node_61",
        "distance": 14,
        "estimatedTimeLimit": 53
      }
    ]
  }
}

--------------------------------------------------------------------------------


──────────────────────────────────────────────────────────────────────
⏰ 时间: 06:00    | 🔄 迭代: 4
📍 位置: node_0     | 🔋 电量: 100.0% (50.0km)
💰 利润: ¥0.00     | ✅ 完成: 0 单
📦 背包: 1/5 单 | ⚖️  重量: 0.93/10kg
   1. order_2 🍔 ⏳待取餐 - 0.93kg - ¥16.15
💬 AI: Executed 1 tool call(s)

================================================================================
[对话轮次 #4] ASSISTANT
================================================================================

【Tool Calls】

  [1] accept_order
  Arguments:
    {
        "orderId": "order_2"
    }

================================================================================


--------------------------------------------------------------------------------
[对话轮次 #4] TOOL: accept_order
--------------------------------------------------------------------------------

【Result】
{
  "success": true,
  "data": {
    "success": true,
    "order": {
      "id": "order_2",
      "type": "food",
      "name": "[\"牛肉汤\",\"火腿煎蛋\"]",
      "pickupLocation": "node_71",
      "deliveryLocation": "node_61",
      "distance": 14,
      "itemPrice": 17.687611347064376,
      "deliveryFee": 16.15,
      "weight": 0.928020145278424,
      "timeLimit": 53,
      "createdAt": 360,
      "pickedUp": false,
      "delivered": false,
      "acceptedAt": 360,
      "deadline": 413
    }
  }
}

--------------------------------------------------------------------------------


──────────────────────────────────────────────────────────────────────
⏰ 时间: 06:12    | 🔄 迭代: 5
📍 位置: node_71    | 🔋 电量: 88.0% (44.0km)
💰 利润: ¥0.00     | ✅ 完成: 0 单
📦 背包: 1/5 单 | ⚖️  重量: 0.93/10kg
   1. order_2 🍔 ⏳待取餐 - 0.93kg - ¥16.15
💬 AI: Executed 1 tool call(s)

================================================================================
[对话轮次 #5] ASSISTANT
================================================================================

【Tool Calls】

  [1] move_to
  Arguments:
    {
        "targetLocationId": "node_71"
    }

================================================================================


--------------------------------------------------------------------------------
[对话轮次 #5] TOOL: move_to
--------------------------------------------------------------------------------

【Result】
{
  "success": true,
  "data": {
    "success": true,
    "timeCost": 12,
    "batteryCost": 12,
    "newPosition": "node_71",
    "distance": 6
  }
}

--------------------------------------------------------------------------------


──────────────────────────────────────────────────────────────────────
⏰ 时间: 06:14    | 🔄 迭代: 6
📍 位置: node_71    | 🔋 电量: 88.0% (44.0km)
💰 利润: ¥0.00     | ✅ 完成: 0 单
📦 背包: 1/5 单 | ⚖️  重量: 0.93/10kg
   1. order_2 🍔 ✓已取餐 - 0.93kg - ¥16.15
💬 AI: Executed 1 tool call(s)

================================================================================
[对话轮次 #6] ASSISTANT
================================================================================

【Tool Calls】

  [1] pickup_food
  Arguments:
    {
        "orderId": "order_2"
    }

================================================================================


--------------------------------------------------------------------------------
[对话轮次 #6] TOOL: pickup_food
--------------------------------------------------------------------------------

【Result】
{
  "success": true,
  "data": {
    "success": true,
    "timeCost": 2
  }
}

--------------------------------------------------------------------------------


──────────────────────────────────────────────────────────────────────
⏰ 时间: 06:42    | 🔄 迭代: 7
📍 位置: node_61    | 🔋 电量: 60.0% (30.0km)
💰 利润: ¥0.00     | ✅ 完成: 0 单
📦 背包: 1/5 单 | ⚖️  重量: 0.93/10kg
   1. order_2 🍔 ✓已取餐 - 0.93kg - ¥16.15
💬 AI: Executed 1 tool call(s)

================================================================================
[对话轮次 #7] ASSISTANT
================================================================================

【Tool Calls】

  [1] move_to
  Arguments:
    {
        "targetLocationId": "node_61"
    }

================================================================================


--------------------------------------------------------------------------------
[对话轮次 #7] TOOL: move_to
--------------------------------------------------------------------------------

【Result】
{
  "success": true,
  "data": {
    "success": true,
    "timeCost": 28,
    "batteryCost": 28,
    "newPosition": "node_61",
    "distance": 14
  }
}

--------------------------------------------------------------------------------


──────────────────────────────────────────────────────────────────────
✅ 订单完成: order_2 🍔
   配送费: ¥16.15
   实际收入: ¥16.15
   状态: 准时完成
──────────────────────────────────────────────────────────────────────

──────────────────────────────────────────────────────────────────────
⏰ 时间: 06:43    | 🔄 迭代: 8
📍 位置: node_61    | 🔋 电量: 60.0% (30.0km)
💰 利润: ¥16.15    | ✅ 完成: 1 单
📦 背包: 空
💬 AI: Executed 1 tool call(s)

================================================================================
[对话轮次 #8] ASSISTANT
================================================================================

【Tool Calls】

  [1] deliver_food
  Arguments:
    {
        "orderId": "order_2"
    }

================================================================================


--------------------------------------------------------------------------------
[对话轮次 #8] TOOL: deliver_food
--------------------------------------------------------------------------------

【Result】
{
  "success": true,
  "data": {
    "success": true,
    "payment": 16.15,
    "overtime": 0,
    "penalty": 0,
    "timeCost": 1
  }
}

--------------------------------------------------------------------------------


──────────────────────────────────────────────────────────────────────
⏰ 时间: 06:43    | 🔄 迭代: 9
📍 位置: node_61    | 🔋 电量: 60.0% (30.0km)
💰 利润: ¥16.15    | ✅ 完成: 1 单
📦 背包: 空
💬 AI: Executed 1 tool call(s)

================================================================================
[对话轮次 #9] ASSISTANT
================================================================================

【Tool Calls】

  [1] get_my_status
  Arguments:
    {}

================================================================================


--------------------------------------------------------------------------------
[对话轮次 #9] TOOL: get_my_status
--------------------------------------------------------------------------------

【Result】
{
  "success": true,
  "data": {
    "position": "node_61",
    "battery": 60,
    "batteryRange": 30,
    "acceptedOrders": [],
    "carriedOrders": [],
    "totalWeight": 0,
    "remainingCapacity": 10,
    "currentTime": 403,
    "formattedTime": "06:43",
    "remainingTime": 1397,
    "formattedRemainingTime": "23小时17分钟",
    "profit": 16.15
  }
}

--------------------------------------------------------------------------------


──────────────────────────────────────────────────────────────────────
⏰ 时间: 06:43    | 🔄 迭代: 10
📍 位置: node_61    | 🔋 电量: 60.0% (30.0km)
💰 利润: ¥16.15    | ✅ 完成: 1 单
📦 背包: 空
💬 AI: Executed 1 tool call(s)

================================================================================
[对话轮次 #10] ASSISTANT
================================================================================

【Tool Calls】

  [1] search_nearby_orders
  Arguments:
    {
        "radius": 10
    }

================================================================================


--------------------------------------------------------------------------------
[对话轮次 #10] TOOL: search_nearby_orders
--------------------------------------------------------------------------------

【Result】
{
  "success": true,
  "data": {
    "orders": [
      {
        "id": "order_3",
        "type": "food",
        "name": "[\"豉油乳鸽皇\",\"蔬菜干豆汤\"]",
        "deliveryFee": 17.564213562373098,
        "weight": 0.9753517867065966,
        "itemPrice": 15.486112928483635,
        "pickupLocation": "node_66",
        "deliveryLocation": "node_15",
        "distance": 16.414213562373096,
        "estimatedTimeLimit": 60.24264068711929
      },
      {
        "id": "order_6",
        "type": "food",
        "name": "[\"干烧桂鱼\",\"萝卜干腊肉\",\"柠檬搅滑冰\"]",
        "deliveryFee": 13.544582277000881,
        "weight": 0.6246617219876498,
        "itemPrice": 60.85048398235813,
        "pickupLocation": "node_49",
        "deliveryLocation": "node_48",
        "distance": 6,
        "estimatedTimeLimit": 29
      }
    ]
  }
}

--------------------------------------------------------------------------------

[OrderGenerator] Removing 4 expired order(s): order_1, order_4, order_5, order_6

──────────────────────────────────────────────────────────────────────
⏰ 时间: 06:43    | 🔄 迭代: 11
📍 位置: node_61    | 🔋 电量: 60.0% (30.0km)
💰 利润: ¥16.15    | ✅ 完成: 1 单
📦 背包: 空
💬 AI: Executed 1 tool call(s)

================================================================================
[对话轮次 #11] ASSISTANT
================================================================================

【Tool Calls】

  [1] accept_order
  Arguments:
    {
        "orderId": "order_6"
    }

================================================================================


--------------------------------------------------------------------------------
[对话轮次 #11] TOOL: accept_order
--------------------------------------------------------------------------------

【Result】
{
  "success": false,
  "error": {
    "code": "INVALID_ORDER",
    "message": "Order not found: order_6",
    "details": {
      "orderId": "order_6"
    }
  }
}

--------------------------------------------------------------------------------


──────────────────────────────────────────────────────────────────────
⏰ 时间: 06:43    | 🔄 迭代: 12
📍 位置: node_61    | 🔋 电量: 60.0% (30.0km)
💰 利润: ¥16.15    | ✅ 完成: 1 单
📦 背包: 1/5 单 | ⚖️  重量: 0.98/10kg
   1. order_3 🍔 ⏳待取餐 - 0.98kg - ¥18.56
💬 AI: Executed 1 tool call(s)

================================================================================
[对话轮次 #12] ASSISTANT
================================================================================

【Tool Calls】

  [1] accept_order
  Arguments:
    {
        "orderId": "order_3"
    }

================================================================================


--------------------------------------------------------------------------------
[对话轮次 #12] TOOL: accept_order
--------------------------------------------------------------------------------

【Result】
{
  "success": true,
  "data": {
    "success": true,
    "order": {
      "id": "order_3",
      "type": "food",
      "name": "[\"豉油乳鸽皇\",\"蔬菜干豆汤\"]",
      "pickupLocation": "node_66",
      "deliveryLocation": "node_15",
      "distance": 16.414213562373096,
      "itemPrice": 15.486112928483635,
      "deliveryFee": 18.564213562373098,
      "weight": 0.9753517867065966,
      "timeLimit": 60.24264068711929,
      "createdAt": 360,
      "pickedUp": false,
      "delivered": false,
      "acceptedAt": 403,
      "deadline": 463.2426406871193
    }
  }
}

--------------------------------------------------------------------------------


──────────────────────────────────────────────────────────────────────
⏰ 时间: 06:55    | 🔄 迭代: 13
📍 位置: node_66    | 🔋 电量: 48.0% (24.0km)
💰 利润: ¥16.15    | ✅ 完成: 1 单
📦 背包: 1/5 单 | ⚖️  重量: 0.98/10kg
   1. order_3 🍔 ⏳待取餐 - 0.98kg - ¥18.56
💬 AI: Executed 1 tool call(s)

================================================================================
[对话轮次 #13] ASSISTANT
================================================================================

【Tool Calls】

  [1] move_to
  Arguments:
    {
        "targetLocationId": "node_66"
    }

================================================================================


--------------------------------------------------------------------------------
[对话轮次 #13] TOOL: move_to
--------------------------------------------------------------------------------

【Result】
{
  "success": true,
  "data": {
    "success": true,
    "timeCost": 12,
    "batteryCost": 12,
    "newPosition": "node_66",
    "distance": 6
  }
}

--------------------------------------------------------------------------------

[AI Client] History limit reached. Trimmed to 25 non-system messages (removed 2 oldest messages)
[AI Client] No user message in history after trim, re-anchored with a user query (llama.cpp multi_step_tool template requires it)

──────────────────────────────────────────────────────────────────────
⏰ 时间: 06:57    | 🔄 迭代: 14
📍 位置: node_66    | 🔋 电量: 48.0% (24.0km)
💰 利润: ¥16.15    | ✅ 完成: 1 单
📦 背包: 1/5 单 | ⚖️  重量: 0.98/10kg
   1. order_3 🍔 ✓已取餐 - 0.98kg - ¥18.56
💬 AI: Executed 1 tool call(s)

================================================================================
[对话轮次 #14] ASSISTANT
================================================================================

【Tool Calls】

  [1] pickup_food
  Arguments:
    {
        "orderId": "order_3"
    }

================================================================================


--------------------------------------------------------------------------------
[对话轮次 #14] TOOL: pickup_food
--------------------------------------------------------------------------------

【Result】
{
  "success": true,
  "data": {
    "success": true,
    "timeCost": 2
  }
}

--------------------------------------------------------------------------------

[AI Client] History limit reached. Trimmed to 25 non-system messages (removed 3 oldest messages)

──────────────────────────────────────────────────────────────────────
⏰ 时间: 07:29    | 🔄 迭代: 15
📍 位置: node_15    | 🔋 电量: 15.2% (7.6km)
💰 利润: ¥16.15    | ✅ 完成: 1 单
📦 背包: 1/5 单 | ⚖️  重量: 0.98/10kg
   1. order_3 🍔 ✓已取餐 - 0.98kg - ¥18.56
💬 AI: Executed 1 tool call(s)

================================================================================
[对话轮次 #15] ASSISTANT
================================================================================

【Tool Calls】

  [1] move_to
  Arguments:
    {
        "targetLocationId": "node_15"
    }

================================================================================


--------------------------------------------------------------------------------
[对话轮次 #15] TOOL: move_to
--------------------------------------------------------------------------------

【Result】
{
  "success": true,
  "data": {
    "success": true,
    "timeCost": 32.82842712474619,
    "batteryCost": 32.82842712474619,
    "newPosition": "node_15",
    "distance": 16.414213562373096
  }
}

--------------------------------------------------------------------------------

[OrderGenerator] Removing 3 expired order(s): order_7, order_8, order_9
[AI Client] History limit reached. Trimmed to 25 non-system messages (removed 2 oldest messages)

──────────────────────────────────────────────────────────────────────
✅ 订单完成: order_3 🍔
   配送费: ¥18.56
   实际收入: ¥18.56
   状态: 准时完成
──────────────────────────────────────────────────────────────────────

──────────────────────────────────────────────────────────────────────
⏰ 时间: 07:30    | 🔄 迭代: 16
📍 位置: node_15    | 🔋 电量: 15.2% (7.6km)
💰 利润: ¥34.71    | ✅ 完成: 2 单
📦 背包: 空
💬 AI: Executed 1 tool call(s)

================================================================================
[对话轮次 #16] ASSISTANT
================================================================================

【Tool Calls】

  [1] deliver_food
  Arguments:
    {
        "orderId": "order_3"
    }

================================================================================


--------------------------------------------------------------------------------
[对话轮次 #16] TOOL: deliver_food
--------------------------------------------------------------------------------

【Result】
{
  "success": true,
  "data": {
    "success": true,
    "payment": 18.564213562373098,
    "overtime": 0,
    "penalty": 0,
    "timeCost": 1
  }
}

--------------------------------------------------------------------------------

[AI Client] History limit reached. Trimmed to 25 non-system messages (removed 2 oldest messages)

──────────────────────────────────────────────────────────────────────
⏰ 时间: 07:30    | 🔄 迭代: 17
📍 位置: node_15    | 🔋 电量: 15.2% (7.6km)
💰 利润: ¥34.71    | ✅ 完成: 2 单
📦 背包: 空
💬 AI: Executed 1 tool call(s)

================================================================================
[对话轮次 #17] ASSISTANT
================================================================================

【Tool Calls】

  [1] search_nearby_battery_stations
  Arguments:
    {
        "radius": 10
    }

================================================================================


--------------------------------------------------------------------------------
[对话轮次 #17] TOOL: search_nearby_battery_stations
--------------------------------------------------------------------------------

【Result】
{
  "success": true,
  "data": {
    "stations": [
      {
        "id": "node_65",
        "name": "换电站_65",
        "distance": 2,
        "estimatedTime": 4.4,
        "position": {
          "x": 11,
          "y": 14
        }
      },
      {
        "id": "node_41",
        "name": "换电站_41",
        "distance": 5,
        "estimatedTime": 10,
        "position": {
          "x": 10,
          "y": 8
        }
      },
      {
        "id": "node_53",
        "name": "换电站_53",
        "distance": 7,
        "estimatedTime": 15,
        "position": {
          "x": 3,
          "y": 13
        }
      },
      {
        "id": "node_5",
        "name": "换电站_5",
        "distance": 8,
        "estimatedTime": 16,
        "position": {
          "x": 4,
          "y": 11
        }
      },
      {
        "id": "node_69",
        "name": "换电站_69",
        "distance": 9,
        "estimatedTime": 18,
        "position": {
          "x": 6,
          "y": 8
        }
      },
      {
        "id": "node_32",
        "name": "换电站_32",
        "distance": 10,
        "estimatedTime": 20,
        "position": {
          "x": 2,
          "y": 11
        }
      }
    ]
  }
}

--------------------------------------------------------------------------------

[AI Client] History limit reached. Trimmed to 25 non-system messages (removed 2 oldest messages)

──────────────────────────────────────────────────────────────────────
⏰ 时间: 07:35    | 🔄 迭代: 18
📍 位置: node_65    | 🔋 电量: 11.2% (5.6km)
💰 利润: ¥34.71    | ✅ 完成: 2 单
📦 背包: 空
💬 AI: Executed 1 tool call(s)

================================================================================
[对话轮次 #18] ASSISTANT
================================================================================

【Tool Calls】

  [1] move_to
  Arguments:
    {
        "targetLocationId": "node_65"
    }

================================================================================


--------------------------------------------------------------------------------
[对话轮次 #18] TOOL: move_to
--------------------------------------------------------------------------------

【Result】
{
  "success": true,
  "data": {
    "success": true,
    "timeCost": 4.8,
    "batteryCost": 4,
    "newPosition": "node_65",
    "distance": 2
  }
}

--------------------------------------------------------------------------------

[AI Client] History limit reached. Trimmed to 25 non-system messages (removed 2 oldest messages)

──────────────────────────────────────────────────────────────────────
⏰ 时间: 07:36    | 🔄 迭代: 19
📍 位置: node_65    | 🔋 电量: 100.0% (50.0km)
💰 利润: ¥34.21    | ✅ 完成: 2 单
📦 背包: 空
💬 AI: Executed 1 tool call(s)

================================================================================
[对话轮次 #19] ASSISTANT
================================================================================

【Tool Calls】

  [1] swap_battery
  Arguments:
    {}

================================================================================


--------------------------------------------------------------------------------
[对话轮次 #19] TOOL: swap_battery
--------------------------------------------------------------------------------

【Result】
{
  "success": true,
  "data": {
    "success": true,
    "cost": 0.5,
    "timeCost": 1,
    "newBattery": 100
  }
}

--------------------------------------------------------------------------------

[AI Client] History limit reached. Trimmed to 25 non-system messages (removed 2 oldest messages)

──────────────────────────────────────────────────────────────────────
⏰ 时间: 07:36    | 🔄 迭代: 20
📍 位置: node_65    | 🔋 电量: 100.0% (50.0km)
💰 利润: ¥34.21    | ✅ 完成: 2 单
📦 背包: 空
💬 AI: Executed 1 tool call(s)

================================================================================
[对话轮次 #20] ASSISTANT
================================================================================

【Tool Calls】

  [1] search_nearby_orders
  Arguments:
    {
        "radius": 10
    }

================================================================================


--------------------------------------------------------------------------------
[对话轮次 #20] TOOL: search_nearby_orders
--------------------------------------------------------------------------------

【Result】
{
  "success": true,
  "data": {
    "orders": [
      {
        "id": "order_11",
        "type": "food",
        "name": "[\"荷香蒸乳鸽\",\"爆炒牛肋骨\",\"招牌羔蟹肉炒饭\",\"芝华士威士忌 18 年\"]",
        "deliveryFee": 15.308678684418556,
        "weight": 0.9517713694367558,
        "itemPrice": 65.34516873187385,
        "pickupLocation": "node_71",
        "deliveryLocation": "node_4",
        "distance": 7,
        "estimatedTimeLimit": 32
      }
    ]
  }
}

--------------------------------------------------------------------------------

[AI Client] History limit reached. Trimmed to 25 non-system messages (removed 2 oldest messages)

──────────────────────────────────────────────────────────────────────
⏰ 时间: 07:36    | 🔄 迭代: 21
📍 位置: node_65    | 🔋 电量: 100.0% (50.0km)
💰 利润: ¥34.21    | ✅ 完成: 2 单
📦 背包: 1/5 单 | ⚖️  重量: 0.95/10kg
   1. order_11 🍔 ⏳待取餐 - 0.95kg - ¥15.31
💬 AI: Executed 1 tool call(s)

================================================================================
[对话轮次 #21] ASSISTANT
================================================================================

【Tool Calls】

  [1] accept_order
  Arguments:
    {
        "orderId": "order_11"
    }

================================================================================


--------------------------------------------------------------------------------
[对话轮次 #21] TOOL: accept_order
--------------------------------------------------------------------------------

【Result】
{
  "success": true,
  "data": {
    "success": true,
    "order": {
      "id": "order_11",
      "type": "food",
      "name": "[\"荷香蒸乳鸽\",\"爆炒牛肋骨\",\"招牌羔蟹肉炒饭\",\"芝华士威士忌 18 年\"]",
      "pickupLocation": "node_71",
      "deliveryLocation": "node_4",
      "distance": 7,
      "itemPrice": 65.34516873187385,
      "deliveryFee": 15.308678684418556,
      "weight": 0.9517713694367558,
      "timeLimit": 32,
      "createdAt": 449.8284271247462,
      "pickedUp": false,
      "delivered": false,
      "acceptedAt": 456.6284271247462,
      "deadline": 488.6284271247462
    }
  }
}

--------------------------------------------------------------------------------

[AI Client] History limit reached. Trimmed to 25 non-system messages (removed 2 oldest messages)

──────────────────────────────────────────────────────────────────────
⏰ 时间: 07:50    | 🔄 迭代: 22
📍 位置: node_71    | 🔋 电量: 86.0% (43.0km)
💰 利润: ¥34.21    | ✅ 完成: 2 单
📦 背包: 1/5 单 | ⚖️  重量: 0.95/10kg
   1. order_11 🍔 ⏳待取餐 - 0.95kg - ¥15.31
💬 AI: Executed 1 tool call(s)

================================================================================
[对话轮次 #22] ASSISTANT
================================================================================

【Tool Calls】

  [1] move_to
  Arguments:
    {
        "targetLocationId": "node_71"
    }

================================================================================


--------------------------------------------------------------------------------
[对话轮次 #22] TOOL: move_to
--------------------------------------------------------------------------------

【Result】
{
  "success": true,
  "data": {
    "success": true,
    "timeCost": 14,
    "batteryCost": 14,
    "newPosition": "node_71",
    "distance": 7
  }
}

--------------------------------------------------------------------------------

[AI Client] History limit reached. Trimmed to 25 non-system messages (removed 2 oldest messages)

──────────────────────────────────────────────────────────────────────
⏰ 时间: 07:52    | 🔄 迭代: 23
📍 位置: node_71    | 🔋 电量: 86.0% (43.0km)
💰 利润: ¥34.21    | ✅ 完成: 2 单
📦 背包: 1/5 单 | ⚖️  重量: 0.95/10kg
   1. order_11 🍔 ✓已取餐 - 0.95kg - ¥15.31
💬 AI: Executed 1 tool call(s)

================================================================================
[对话轮次 #23] ASSISTANT
================================================================================

【Tool Calls】

  [1] pickup_food
  Arguments:
    {
        "orderId": "order_11"
    }

================================================================================


--------------------------------------------------------------------------------
[对话轮次 #23] TOOL: pickup_food
--------------------------------------------------------------------------------

【Result】
{
  "success": true,
  "data": {
    "success": true,
    "timeCost": 2
  }
}

--------------------------------------------------------------------------------

[AI Client] History limit reached. Trimmed to 25 non-system messages (removed 2 oldest messages)

──────────────────────────────────────────────────────────────────────
⏰ 时间: 08:06    | 🔄 迭代: 24
📍 位置: node_4     | 🔋 电量: 72.0% (36.0km)
💰 利润: ¥34.21    | ✅ 完成: 2 单
📦 背包: 1/5 单 | ⚖️  重量: 0.95/10kg
   1. order_11 🍔 ✓已取餐 - 0.95kg - ¥15.31
💬 AI: Executed 1 tool call(s)

================================================================================
[对话轮次 #24] ASSISTANT
================================================================================

【Tool Calls】

  [1] move_to
  Arguments:
    {
        "targetLocationId": "node_4"
    }

================================================================================


--------------------------------------------------------------------------------
[对话轮次 #24] TOOL: move_to
--------------------------------------------------------------------------------

【Result】
{
  "success": true,
  "data": {
    "success": true,
    "timeCost": 14,
    "batteryCost": 14,
    "newPosition": "node_4",
    "distance": 7
  }
}

--------------------------------------------------------------------------------

[AI Client] History limit reached. Trimmed to 25 non-system messages (removed 2 oldest messages)

──────────────────────────────────────────────────────────────────────
✅ 订单完成: order_11 🍔
   配送费: ¥15.31
   实际收入: ¥15.31
   状态: 准时完成
──────────────────────────────────────────────────────────────────────

──────────────────────────────────────────────────────────────────────
⏰ 时间: 08:07    | 🔄 迭代: 25
📍 位置: node_4     | 🔋 电量: 72.0% (36.0km)
💰 利润: ¥49.52    | ✅ 完成: 3 单
📦 背包: 空
💬 AI: Executed 1 tool call(s)

================================================================================
[对话轮次 #25] ASSISTANT
================================================================================

【Tool Calls】

  [1] deliver_food
  Arguments:
    {
        "orderId": "order_11"
    }

================================================================================


--------------------------------------------------------------------------------
[对话轮次 #25] TOOL: deliver_food
--------------------------------------------------------------------------------

【Result】
{
  "success": true,
  "data": {
    "success": true,
    "payment": 15.308678684418556,
    "overtime": 0,
    "penalty": 0,
    "timeCost": 1
  }
}

--------------------------------------------------------------------------------

[OrderGenerator] Removing 1 expired order(s): order_12
[AI Client] History limit reached. Trimmed to 25 non-system messages (removed 2 oldest messages)

──────────────────────────────────────────────────────────────────────
⏰ 时间: 08:07    | 🔄 迭代: 26
📍 位置: node_4     | 🔋 电量: 72.0% (36.0km)
💰 利润: ¥49.52    | ✅ 完成: 3 单
📦 背包: 空
💬 AI: Executed 1 tool call(s)

================================================================================
[对话轮次 #26] ASSISTANT
================================================================================

【Tool Calls】

  [1] search_nearby_orders
  Arguments:
    {
        "radius": 10
    }

================================================================================


--------------------------------------------------------------------------------
[对话轮次 #26] TOOL: search_nearby_orders
--------------------------------------------------------------------------------

【Result】
{
  "success": true,
  "data": {
    "orders": [
      {
        "id": "order_10",
        "type": "food",
        "name": "[\"虾籽炒豆腐\",\"马蹄鲜虾肠粉\"]",
        "deliveryFee": 12.634094459062908,
        "weight": 0.8084814173635095,
        "itemPrice": 27.547865574015304,
        "pickupLocation": "node_94",
        "deliveryLocation": "node_27",
        "distance": 11,
        "estimatedTimeLimit": 44
      },
      {
        "id": "order_14",
        "type": "supermarket",
        "name": "[\"日用品\",\"零食\",\"清洁用品\"]",
        "deliveryFee": 22.424303292389958,
        "weight": 7.045368429971859,
        "itemPrice": 101.31943113170564,
        "pickupLocation": "node_67",
        "deliveryLocation": "node_25",
        "distance": 8,
        "estimatedTimeLimit": 35
      },
      {
        "id": "order_15",
        "type": "food",
        "name": "[\"白灼生中虾\"]",
        "deliveryFee": 21.906807113847275,
        "weight": 0.7038301582215354,
        "itemPrice": 52.22576464177109,
        "pickupLocation": "node_96",
        "deliveryLocation": "node_51",
        "distance": 15.828427124746192,
        "estimatedTimeLimit": 58.485281374238575
      }
    ]
  }
}

--------------------------------------------------------------------------------

[AI Client] History limit reached. Trimmed to 25 non-system messages (removed 2 oldest messages)
[AI Client] No user message in history after trim, re-anchored with a user query (llama.cpp multi_step_tool template requires it)

──────────────────────────────────────────────────────────────────────
⏰ 时间: 08:07    | 🔄 迭代: 27
📍 位置: node_4     | 🔋 电量: 72.0% (36.0km)
💰 利润: ¥49.52    | ✅ 完成: 3 单
📦 背包: 空
💬 AI: Executed 1 tool call(s)

================================================================================
[对话轮次 #27] ASSISTANT
================================================================================

【Tool Calls】

  [1] get_my_status
  Arguments:
    {}

================================================================================


--------------------------------------------------------------------------------
[对话轮次 #27] TOOL: get_my_status
--------------------------------------------------------------------------------

【Result】
{
  "success": true,
  "data": {
    "position": "node_4",
    "battery": 72,
    "batteryRange": 36,
    "acceptedOrders": [],
    "carriedOrders": [],
    "totalWeight": 0,
    "remainingCapacity": 10,
    "currentTime": 487.6284271247462,
    "formattedTime": "08:7.628427124746224",
    "remainingTime": 1312.3715728752538,
    "formattedRemainingTime": "21小时52.37157287525383分钟",
    "profit": 49.522892246791656
  }
}

--------------------------------------------------------------------------------

[AI Client] History limit reached. Trimmed to 25 non-system messages (removed 3 oldest messages)

──────────────────────────────────────────────────────────────────────
⏰ 时间: 08:07    | 🔄 迭代: 28
📍 位置: node_4     | 🔋 电量: 72.0% (36.0km)
💰 利润: ¥49.52    | ✅ 完成: 3 单
📦 背包: 1/5 单 | ⚖️  重量: 7.05/10kg
   1. order_14 🛒 ⏳待取餐 - 7.05kg - ¥22.42
💬 AI: Executed 1 tool call(s)

================================================================================
[对话轮次 #28] ASSISTANT
================================================================================

【Tool Calls】

  [1] accept_order
  Arguments:
    {
        "orderId": "order_14"
    }

================================================================================


--------------------------------------------------------------------------------
[对话轮次 #28] TOOL: accept_order
--------------------------------------------------------------------------------

【Result】
{
  "success": true,
  "data": {
    "success": true,
    "order": {
      "id": "order_14",
      "type": "supermarket",
      "name": "[\"日用品\",\"零食\",\"清洁用品\"]",
      "pickupLocation": "node_67",
      "deliveryLocation": "node_25",
      "distance": 8,
      "itemPrice": 101.31943113170564,
      "deliveryFee": 22.424303292389958,
      "weight": 7.045368429971859,
      "timeLimit": 35,
      "createdAt": 456.6284271247462,
      "pickedUp": false,
      "delivered": false,
      "acceptedAt": 487.6284271247462,
      "deadline": 522.6284271247462
    }
  }
}

--------------------------------------------------------------------------------

[AI Client] History limit reached. Trimmed to 25 non-system messages (removed 2 oldest messages)

──────────────────────────────────────────────────────────────────────
⏰ 时间: 08:07    | 🔄 迭代: 29
📍 位置: node_4     | 🔋 电量: 72.0% (36.0km)
💰 利润: ¥49.52    | ✅ 完成: 3 单
📦 背包: 2/5 单 | ⚖️  重量: 7.85/10kg
   1. order_14 🛒 ⏳待取餐 - 7.05kg - ¥22.42
   2. order_10 🍔 ⏳待取餐 - 0.81kg - ¥12.63
💬 AI: Executed 1 tool call(s)

================================================================================
[对话轮次 #29] ASSISTANT
================================================================================

【Tool Calls】

  [1] accept_order
  Arguments:
    {
        "orderId": "order_10"
    }

================================================================================


--------------------------------------------------------------------------------
[对话轮次 #29] TOOL: accept_order
--------------------------------------------------------------------------------

【Result】
{
  "success": true,
  "data": {
    "success": true,
    "order": {
      "id": "order_10",
      "type": "food",
      "name": "[\"虾籽炒豆腐\",\"马蹄鲜虾肠粉\"]",
      "pickupLocation": "node_94",
      "deliveryLocation": "node_27",
      "distance": 11,
      "itemPrice": 27.547865574015304,
      "deliveryFee": 12.634094459062908,
      "weight": 0.8084814173635095,
      "timeLimit": 44,
      "createdAt": 449.8284271247462,
      "pickedUp": false,
      "delivered": false,
      "acceptedAt": 487.6284271247462,
      "deadline": 531.6284271247462
    }
  }
}

--------------------------------------------------------------------------------

[AI Client] History limit reached. Trimmed to 25 non-system messages (removed 2 oldest messages)

──────────────────────────────────────────────────────────────────────
⏰ 时间: 08:27    | 🔄 迭代: 30
📍 位置: node_67    | 🔋 电量: 52.0% (26.0km)
💰 利润: ¥49.52    | ✅ 完成: 3 单
📦 背包: 2/5 单 | ⚖️  重量: 7.85/10kg
   1. order_14 🛒 ⏳待取餐 - 7.05kg - ¥22.42
   2. order_10 🍔 ⏳待取餐 - 0.81kg - ¥12.63
💬 AI: Executed 1 tool call(s)

================================================================================
[对话轮次 #30] ASSISTANT
================================================================================

【Tool Calls】

  [1] move_to
  Arguments:
    {
        "targetLocationId": "node_67"
    }

================================================================================


--------------------------------------------------------------------------------
[对话轮次 #30] TOOL: move_to
--------------------------------------------------------------------------------

【Result】
{
  "success": true,
  "data": {
    "success": true,
    "timeCost": 20,
    "batteryCost": 20,
    "newPosition": "node_67",
    "distance": 10
  }
}

--------------------------------------------------------------------------------

[OrderGenerator] Removing 1 expired order(s): order_13
[AI Client] History limit reached. Trimmed to 25 non-system messages (removed 2 oldest messages)

──────────────────────────────────────────────────────────────────────
⏰ 时间: 08:29    | 🔄 迭代: 31
📍 位置: node_67    | 🔋 电量: 52.0% (26.0km)
💰 利润: ¥49.52    | ✅ 完成: 3 单
📦 背包: 2/5 单 | ⚖️  重量: 7.85/10kg
   1. order_14 🛒 ✓已取餐 - 7.05kg - ¥22.42
   2. order_10 🍔 ⏳待取餐 - 0.81kg - ¥12.63
💬 AI: Executed 1 tool call(s)

================================================================================
[对话轮次 #31] ASSISTANT
================================================================================

【Tool Calls】

  [1] pickup_food
  Arguments:
    {
        "orderId": "order_14"
    }

================================================================================


--------------------------------------------------------------------------------
[对话轮次 #31] TOOL: pickup_food
--------------------------------------------------------------------------------

【Result】
{
  "success": true,
  "data": {
    "success": true,
    "timeCost": 2
  }
}

--------------------------------------------------------------------------------

[AI Client] History limit reached. Trimmed to 25 non-system messages (removed 2 oldest messages)

──────────────────────────────────────────────────────────────────────
⏰ 时间: 08:45    | 🔄 迭代: 32
📍 位置: node_25    | 🔋 电量: 36.0% (18.0km)
💰 利润: ¥49.52    | ✅ 完成: 3 单
📦 背包: 2/5 单 | ⚖️  重量: 7.85/10kg
   1. order_14 🛒 ✓已取餐 - 7.05kg - ¥22.42
   2. order_10 🍔 ⏳待取餐 - 0.81kg - ¥12.63
💬 AI: Executed 1 tool call(s)

================================================================================
[对话轮次 #32] ASSISTANT
================================================================================

【Tool Calls】

  [1] move_to
  Arguments:
    {
        "targetLocationId": "node_25"
    }

================================================================================


--------------------------------------------------------------------------------
[对话轮次 #32] TOOL: move_to
--------------------------------------------------------------------------------

【Result】
{
  "success": true,
  "data": {
    "success": true,
    "timeCost": 16,
    "batteryCost": 16,
    "newPosition": "node_25",
    "distance": 8
  }
}

--------------------------------------------------------------------------------

[AI Client] History limit reached. Trimmed to 25 non-system messages (removed 2 oldest messages)

──────────────────────────────────────────────────────────────────────
⏰ 订单完成: order_14 🛒
   配送费: ¥22.42
   实际收入: ¥22.42
   状态: 超时4.0分钟
──────────────────────────────────────────────────────────────────────

──────────────────────────────────────────────────────────────────────
⏰ 时间: 08:46    | 🔄 迭代: 33
📍 位置: node_25    | 🔋 电量: 36.0% (18.0km)
💰 利润: ¥71.95    | ✅ 完成: 4 单
📦 背包: 1/5 单 | ⚖️  重量: 0.81/10kg
   1. order_10 🍔 ⏳待取餐 - 0.81kg - ¥12.63
💬 AI: Executed 1 tool call(s)

================================================================================
[对话轮次 #33] ASSISTANT
================================================================================

【Tool Calls】

  [1] deliver_food
  Arguments:
    {
        "orderId": "order_14"
    }

================================================================================


--------------------------------------------------------------------------------
[对话轮次 #33] TOOL: deliver_food
--------------------------------------------------------------------------------

【Result】
{
  "success": true,
  "data": {
    "success": true,
    "payment": 22.424303292389958,
    "overtime": 4,
    "penalty": 0,
    "timeCost": 1
  }
}

--------------------------------------------------------------------------------

[AI Client] History limit reached. Trimmed to 25 non-system messages (removed 2 oldest messages)

──────────────────────────────────────────────────────────────────────
⏰ 时间: 09:25    | 🔄 迭代: 34
📍 位置: node_94    | 🔋 电量: 0.0% (0.0km)
💰 利润: ¥71.95    | ✅ 完成: 4 单
📦 背包: 1/5 单 | ⚖️  重量: 0.81/10kg
   1. order_10 🍔 ⏳待取餐 - 0.81kg - ¥12.63
💬 AI: Executed 1 tool call(s)

================================================================================
[对话轮次 #34] ASSISTANT
================================================================================

【Tool Calls】

  [1] move_to
  Arguments:
    {
        "targetLocationId": "node_94"
    }

================================================================================


--------------------------------------------------------------------------------
[对话轮次 #34] TOOL: move_to
--------------------------------------------------------------------------------

【Result】
{
  "success": true,
  "data": {
    "success": true,
    "timeCost": 38.485281374238575,
    "batteryCost": 36,
    "newPosition": "node_94",
    "distance": 18.414213562373096,
    "pushedDistance": 0.4142135623730958
  }
}

--------------------------------------------------------------------------------

[AI Client] History limit reached. Trimmed to 25 non-system messages (removed 2 oldest messages)

──────────────────────────────────────────────────────────────────────
⏰ 时间: 09:27    | 🔄 迭代: 35
📍 位置: node_94    | 🔋 电量: 0.0% (0.0km)
💰 利润: ¥71.95    | ✅ 完成: 4 单
📦 背包: 1/5 单 | ⚖️  重量: 0.81/10kg
   1. order_10 🍔 ✓已取餐 - 0.81kg - ¥12.63
💬 AI: Executed 1 tool call(s)

================================================================================
[对话轮次 #35] ASSISTANT
================================================================================

【Tool Calls】

  [1] pickup_food
  Arguments:
    {
        "orderId": "order_10"
    }

================================================================================


--------------------------------------------------------------------------------
[对话轮次 #35] TOOL: pickup_food
--------------------------------------------------------------------------------

【Result】
{
  "success": true,
  "data": {
    "success": true,
    "timeCost": 2
  }
}

--------------------------------------------------------------------------------

[OrderGenerator] Removing 4 expired order(s): order_15, order_16, order_17, order_19
[AI Client] History limit reached. Trimmed to 25 non-system messages (removed 2 oldest messages)

──────────────────────────────────────────────────────────────────────
⏰ 时间: 10:33    | 🔄 迭代: 36
📍 位置: node_27    | 🔋 电量: 0.0% (0.0km)
💰 利润: ¥71.95    | ✅ 完成: 4 单
📦 背包: 1/5 单 | ⚖️  重量: 0.81/10kg
   1. order_10 🍔 ✓已取餐 - 0.81kg - ¥12.63
💬 AI: Executed 1 tool call(s)

================================================================================
[对话轮次 #36] ASSISTANT
================================================================================

【Tool Calls】

  [1] move_to
  Arguments:
    {
        "targetLocationId": "node_27"
    }

================================================================================


--------------------------------------------------------------------------------
[对话轮次 #36] TOOL: move_to
--------------------------------------------------------------------------------

【Result】
{
  "success": true,
  "data": {
    "success": true,
    "timeCost": 66,
    "batteryCost": 0,
    "newPosition": "node_27",
    "distance": 11,
    "pushedDistance": 11
  }
}

--------------------------------------------------------------------------------

[AI Client] History limit reached. Trimmed to 25 non-system messages (removed 2 oldest messages)

──────────────────────────────────────────────────────────────────────
⏰ 订单完成: order_10 🍔
   配送费: ¥12.63
   实际收入: ¥3.79
   超时罚款: -¥8.84
   状态: 超时102.5分钟
──────────────────────────────────────────────────────────────────────

──────────────────────────────────────────────────────────────────────
⏰ 时间: 10:34    | 🔄 迭代: 37
📍 位置: node_27    | 🔋 电量: 0.0% (0.0km)
💰 利润: ¥75.74    | ✅ 完成: 5 单
📦 背包: 空
💬 AI: Executed 1 tool call(s)

================================================================================
[对话轮次 #37] ASSISTANT
================================================================================

【Tool Calls】

  [1] deliver_food
  Arguments:
    {
        "orderId": "order_10"
    }

================================================================================


--------------------------------------------------------------------------------
[对话轮次 #37] TOOL: deliver_food
--------------------------------------------------------------------------------

【Result】
{
  "success": true,
  "data": {
    "success": true,
    "payment": 3.7902283377188724,
    "overtime": 102.48528137423853,
    "penalty": 8.843866121344035,
    "timeCost": 1
  }
}

--------------------------------------------------------------------------------

[AI Client] History limit reached. Trimmed to 25 non-system messages (removed 2 oldest messages)

──────────────────────────────────────────────────────────────────────
⏰ 时间: 10:34    | 🔄 迭代: 38
📍 位置: node_27    | 🔋 电量: 0.0% (0.0km)
💰 利润: ¥75.74    | ✅ 完成: 5 单
📦 背包: 空
💬 AI: Executed 1 tool call(s)

================================================================================
[对话轮次 #38] ASSISTANT
================================================================================

【Tool Calls】

  [1] search_nearby_battery_stations
  Arguments:
    {
        "radius": 20
    }

================================================================================


--------------------------------------------------------------------------------
[对话轮次 #38] TOOL: search_nearby_battery_stations
--------------------------------------------------------------------------------

【Result】
{
  "success": true,
  "data": {
    "stations": [
      {
        "id": "node_44",
        "name": "换电站_44",
        "distance": 6,
        "estimatedTime": 12,
        "position": {
          "x": 6,
          "y": 1
        }
      },
      {
        "id": "node_41",
        "name": "换电站_41",
        "distance": 8.414213562373096,
        "estimatedTime": 16.82842712474619,
        "position": {
          "x": 10,
          "y": 8
        }
      },
      {
        "id": "node_21",
        "name": "换电站_21",
        "distance": 9,
        "estimatedTime": 18,
        "position": {
          "x": 5,
          "y": 3
        }
      },
      {
        "id": "node_2",
        "name": "换电站_2",
        "distance": 10,
        "estimatedTime": 20,
        "position": {
          "x": 5,
          "y": 4
        }
      },
      {
        "id": "node_69",
        "name": "换电站_69",
        "distance": 12.414213562373096,
        "estimatedTime": 24.82842712474619,
        "position": {
          "x": 6,
          "y": 8
        }
      },
      {
        "id": "node_65",
        "name": "换电站_65",
        "distance": 14,
        "estimatedTime": 28,
        "position": {
          "x": 11,
          "y": 14
        }
      },
      {
        "id": "node_97",
        "name": "换电站_97",
        "distance": 16.414213562373096,
        "estimatedTime": 32.82842712474619,
        "position": {
          "x": 3,
          "y": 9
        }
      },
      {
        "id": "node_5",
        "name": "换电站_5",
        "distance": 16.82842712474619,
        "estimatedTime": 33.65685424949238,
        "position": {
          "x": 4,
          "y": 11
        }
      },
      {
        "id": "node_32",
        "name": "换电站_32",
        "distance": 18.82842712474619,
        "estimatedTime": 37.65685424949238,
        "position": {
          "x": 2,
          "y": 11
        }
      },
      {
        "id": "node_53",
        "name": "换电站_53",
        "distance": 19.82842712474619,
        "estimatedTime": 39.65685424949238,
        "position": {
          "x": 3,
          "y": 13
        }
      }
    ]
  }
}

--------------------------------------------------------------------------------

[AI Client] History limit reached. Trimmed to 25 non-system messages (removed 2 oldest messages)

──────────────────────────────────────────────────────────────────────
⏰ 时间: 11:10    | 🔄 迭代: 39
📍 位置: node_44    | 🔋 电量: 0.0% (0.0km)
💰 利润: ¥75.74    | ✅ 完成: 5 单
📦 背包: 空
💬 AI: Executed 1 tool call(s)

================================================================================
[对话轮次 #39] ASSISTANT
================================================================================

【Tool Calls】

  [1] move_to
  Arguments:
    {
        "targetLocationId": "node_44"
    }

================================================================================


--------------------------------------------------------------------------------
[对话轮次 #39] TOOL: move_to
--------------------------------------------------------------------------------

【Result】
{
  "success": true,
  "data": {
    "success": true,
    "timeCost": 36,
    "batteryCost": 0,
    "newPosition": "node_44",
    "distance": 6,
    "pushedDistance": 6
  }
}

--------------------------------------------------------------------------------

[AI Client] History limit reached. Trimmed to 25 non-system messages (removed 2 oldest messages)
[AI Client] No user message in history after trim, re-anchored with a user query (llama.cpp multi_step_tool template requires it)

──────────────────────────────────────────────────────────────────────
⏰ 时间: 11:11    | 🔄 迭代: 40
📍 位置: node_44    | 🔋 电量: 100.0% (50.0km)
💰 利润: ¥75.24    | ✅ 完成: 5 单
📦 背包: 空
💬 AI: Executed 1 tool call(s)

================================================================================
[对话轮次 #40] ASSISTANT
================================================================================

【Tool Calls】

  [1] swap_battery
  Arguments:
    {}

================================================================================


--------------------------------------------------------------------------------
[对话轮次 #40] TOOL: swap_battery
--------------------------------------------------------------------------------

【Result】
{
  "success": true,
  "data": {
    "success": true,
    "cost": 0.5,
    "timeCost": 1,
    "newBattery": 100
  }
}

--------------------------------------------------------------------------------

[OrderGenerator] Removing 3 expired order(s): order_18, order_20, order_21
[AI Client] History limit reached. Trimmed to 25 non-system messages (removed 3 oldest messages)

──────────────────────────────────────────────────────────────────────
⏰ 时间: 11:11    | 🔄 迭代: 41
📍 位置: node_44    | 🔋 电量: 100.0% (50.0km)
💰 利润: ¥75.24    | ✅ 完成: 5 单
📦 背包: 空
💬 AI: Executed 1 tool call(s)

================================================================================
[对话轮次 #41] ASSISTANT
================================================================================

【Tool Calls】

  [1] search_nearby_orders
  Arguments:
    {
        "radius": 15
    }

================================================================================


--------------------------------------------------------------------------------
[对话轮次 #41] TOOL: search_nearby_orders
--------------------------------------------------------------------------------

【Result】
{
  "success": true,
  "data": {
    "orders": [
      {
        "id": "order_22",
        "type": "food",
        "name": "[\"醋溜豆芽\",\"韭王花枝片\",\"蒸饺\",\"马西酒园—威尼斯红\"]",
        "deliveryFee": 24.77801592106698,
        "weight": 0.8500761770410463,
        "itemPrice": 73.98832894745283,
        "pickupLocation": "node_83",
        "deliveryLocation": "node_99",
        "distance": 15,
        "estimatedTimeLimit": 56
      },
      {
        "id": "order_23",
        "type": "food",
        "name": "[\"滑肉片\"]",
        "deliveryFee": 14.861768929287791,
        "weight": 0.7628038362599909,
        "itemPrice": 39.78760516270995,
        "pickupLocation": "node_94",
        "deliveryLocation": "node_45",
        "distance": 11,
        "estimatedTimeLimit": 44
      }
    ]
  }
}

--------------------------------------------------------------------------------

[AI Client] History limit reached. Trimmed to 25 non-system messages (removed 2 oldest messages)

──────────────────────────────────────────────────────────────────────
⏰ 时间: 11:11    | 🔄 迭代: 42
📍 位置: node_44    | 🔋 电量: 100.0% (50.0km)
💰 利润: ¥75.24    | ✅ 完成: 5 单
📦 背包: 2/5 单 | ⚖️  重量: 1.61/10kg
   1. order_22 🍔 ⏳待取餐 - 0.85kg - ¥24.78
   2. order_23 🍔 ⏳待取餐 - 0.76kg - ¥14.86
💬 AI: Executed 2 tool call(s)

================================================================================
[对话轮次 #42] ASSISTANT
================================================================================

【Tool Calls】

  [1] accept_order
  Arguments:
    {
        "orderId": "order_22"
    }

  [2] accept_order
  Arguments:
    {
        "orderId": "order_23"
    }

================================================================================


--------------------------------------------------------------------------------
[对话轮次 #42] TOOL: accept_order
--------------------------------------------------------------------------------

【Result】
{
  "success": true,
  "data": {
    "success": true,
    "order": {
      "id": "order_22",
      "type": "food",
      "name": "[\"醋溜豆芽\",\"韭王花枝片\",\"蒸饺\",\"马西酒园—威尼斯红\"]",
      "pickupLocation": "node_83",
      "deliveryLocation": "node_99",
      "distance": 15,
      "itemPrice": 73.98832894745283,
      "deliveryFee": 24.77801592106698,
      "weight": 0.8500761770410463,
      "timeLimit": 56,
      "createdAt": 671.1137084989847,
      "pickedUp": false,
      "delivered": false,
      "acceptedAt": 671.1137084989847,
      "deadline": 727.1137084989847
    }
  }
}

--------------------------------------------------------------------------------


--------------------------------------------------------------------------------
[对话轮次 #42] TOOL: accept_order
--------------------------------------------------------------------------------

【Result】
{
  "success": true,
  "data": {
    "success": true,
    "order": {
      "id": "order_23",
      "type": "food",
      "name": "[\"滑肉片\"]",
      "pickupLocation": "node_94",
      "deliveryLocation": "node_45",
      "distance": 11,
      "itemPrice": 39.78760516270995,
      "deliveryFee": 14.861768929287791,
      "weight": 0.7628038362599909,
      "timeLimit": 44,
      "createdAt": 671.1137084989847,
      "pickedUp": false,
      "delivered": false,
      "acceptedAt": 671.1137084989847,
      "deadline": 715.1137084989847
    }
  }
}

--------------------------------------------------------------------------------

[AI Client] History limit reached. Trimmed to 25 non-system messages (removed 3 oldest messages)

──────────────────────────────────────────────────────────────────────
⏰ 时间: 11:21    | 🔄 迭代: 43
📍 位置: node_94    | 🔋 电量: 90.0% (45.0km)
💰 利润: ¥75.24    | ✅ 完成: 5 单
📦 背包: 2/5 单 | ⚖️  重量: 1.61/10kg
   1. order_22 🍔 ⏳待取餐 - 0.85kg - ¥24.78
   2. order_23 🍔 ⏳待取餐 - 0.76kg - ¥14.86
💬 AI: Executed 1 tool call(s)

================================================================================
[对话轮次 #43] ASSISTANT
================================================================================

【Tool Calls】

  [1] move_to
  Arguments:
    {
        "targetLocationId": "node_94"
    }

================================================================================


--------------------------------------------------------------------------------
[对话轮次 #43] TOOL: move_to
--------------------------------------------------------------------------------

【Result】
{
  "success": true,
  "data": {
    "success": true,
    "timeCost": 10,
    "batteryCost": 10,
    "newPosition": "node_94",
    "distance": 5
  }
}

--------------------------------------------------------------------------------

[AI Client] History limit reached. Trimmed to 25 non-system messages (removed 2 oldest messages)

──────────────────────────────────────────────────────────────────────
⏰ 时间: 11:23    | 🔄 迭代: 44
📍 位置: node_94    | 🔋 电量: 90.0% (45.0km)
💰 利润: ¥75.24    | ✅ 完成: 5 单
📦 背包: 2/5 单 | ⚖️  重量: 1.61/10kg
   1. order_22 🍔 ⏳待取餐 - 0.85kg - ¥24.78
   2. order_23 🍔 ✓已取餐 - 0.76kg - ¥14.86
💬 AI: Executed 1 tool call(s)

================================================================================
[对话轮次 #44] ASSISTANT
================================================================================

【Tool Calls】

  [1] pickup_food
  Arguments:
    {
        "orderId": "order_23"
    }

================================================================================


--------------------------------------------------------------------------------
[对话轮次 #44] TOOL: pickup_food
--------------------------------------------------------------------------------

【Result】
{
  "success": true,
  "data": {
    "success": true,
    "timeCost": 2
  }
}

--------------------------------------------------------------------------------

[AI Client] History limit reached. Trimmed to 25 non-system messages (removed 2 oldest messages)

──────────────────────────────────────────────────────────────────────
⏰ 时间: 11:45    | 🔄 迭代: 45
📍 位置: node_45    | 🔋 电量: 68.0% (34.0km)
💰 利润: ¥75.24    | ✅ 完成: 5 单
📦 背包: 2/5 单 | ⚖️  重量: 1.61/10kg
   1. order_22 🍔 ⏳待取餐 - 0.85kg - ¥24.78
   2. order_23 🍔 ✓已取餐 - 0.76kg - ¥14.86
💬 AI: Executed 1 tool call(s)

================================================================================
[对话轮次 #45] ASSISTANT
================================================================================

【Tool Calls】

  [1] move_to
  Arguments:
    {
        "targetLocationId": "node_45"
    }

================================================================================


--------------------------------------------------------------------------------
[对话轮次 #45] TOOL: move_to
--------------------------------------------------------------------------------

【Result】
{
  "success": true,
  "data": {
    "success": true,
    "timeCost": 22,
    "batteryCost": 22,
    "newPosition": "node_45",
    "distance": 11
  }
}

--------------------------------------------------------------------------------

[AI Client] History limit reached. Trimmed to 25 non-system messages (removed 2 oldest messages)

──────────────────────────────────────────────────────────────────────
✅ 订单完成: order_23 🍔
   配送费: ¥14.86
   实际收入: ¥14.86
   状态: 准时完成
──────────────────────────────────────────────────────────────────────

──────────────────────────────────────────────────────────────────────
⏰ 时间: 11:46    | 🔄 迭代: 46
📍 位置: node_45    | 🔋 电量: 68.0% (34.0km)
💰 利润: ¥90.10    | ✅ 完成: 6 单
📦 背包: 1/5 单 | ⚖️  重量: 0.85/10kg
   1. order_22 🍔 ⏳待取餐 - 0.85kg - ¥24.78
💬 AI: Executed 1 tool call(s)

================================================================================
[对话轮次 #46] ASSISTANT
================================================================================

【Tool Calls】

  [1] deliver_food
  Arguments:
    {
        "orderId": "order_23"
    }

================================================================================


--------------------------------------------------------------------------------
[对话轮次 #46] TOOL: deliver_food
--------------------------------------------------------------------------------

【Result】
{
  "success": true,
  "data": {
    "success": true,
    "payment": 14.861768929287791,
    "overtime": 0,
    "penalty": 0,
    "timeCost": 1
  }
}

--------------------------------------------------------------------------------

[AI Client] History limit reached. Trimmed to 25 non-system messages (removed 2 oldest messages)

──────────────────────────────────────────────────────────────────────
⏰ 时间: 12:12    | 🔄 迭代: 47
📍 位置: node_83    | 🔋 电量: 41.2% (20.6km)
💰 利润: ¥90.10    | ✅ 完成: 6 单
📦 背包: 1/5 单 | ⚖️  重量: 0.85/10kg
   1. order_22 🍔 ⏳待取餐 - 0.85kg - ¥24.78
💬 AI: Executed 1 tool call(s)

================================================================================
[对话轮次 #47] ASSISTANT
================================================================================

【Tool Calls】

  [1] move_to
  Arguments:
    {
        "targetLocationId": "node_83"
    }

================================================================================


--------------------------------------------------------------------------------
[对话轮次 #47] TOOL: move_to
--------------------------------------------------------------------------------

【Result】
{
  "success": true,
  "data": {
    "success": true,
    "timeCost": 26.82842712474619,
    "batteryCost": 26.82842712474619,
    "newPosition": "node_83",
    "distance": 13.414213562373096
  }
}

--------------------------------------------------------------------------------

[AI Client] History limit reached. Trimmed to 25 non-system messages (removed 2 oldest messages)

──────────────────────────────────────────────────────────────────────
⏰ 时间: 12:14    | 🔄 迭代: 48
📍 位置: node_83    | 🔋 电量: 41.2% (20.6km)
💰 利润: ¥90.10    | ✅ 完成: 6 单
📦 背包: 1/5 单 | ⚖️  重量: 0.85/10kg
   1. order_22 🍔 ✓已取餐 - 0.85kg - ¥24.78
💬 AI: Executed 1 tool call(s)

================================================================================
[对话轮次 #48] ASSISTANT
================================================================================

【Tool Calls】

  [1] pickup_food
  Arguments:
    {
        "orderId": "order_22"
    }

================================================================================


--------------------------------------------------------------------------------
[对话轮次 #48] TOOL: pickup_food
--------------------------------------------------------------------------------

【Result】
{
  "success": true,
  "data": {
    "success": true,
    "timeCost": 2
  }
}

--------------------------------------------------------------------------------

[AI Client] History limit reached. Trimmed to 25 non-system messages (removed 2 oldest messages)

──────────────────────────────────────────────────────────────────────
⏰ 时间: 12:44    | 🔄 迭代: 49
📍 位置: node_99    | 🔋 电量: 11.2% (5.6km)
💰 利润: ¥90.10    | ✅ 完成: 6 单
📦 背包: 1/5 单 | ⚖️  重量: 0.85/10kg
   1. order_22 🍔 ✓已取餐 - 0.85kg - ¥24.78
💬 AI: Executed 1 tool call(s)

================================================================================
[对话轮次 #49] ASSISTANT
================================================================================

【Tool Calls】

  [1] move_to
  Arguments:
    {
        "targetLocationId": "node_99"
    }

================================================================================


--------------------------------------------------------------------------------
[对话轮次 #49] TOOL: move_to
--------------------------------------------------------------------------------

【Result】
{
  "success": true,
  "data": {
    "success": true,
    "timeCost": 30,
    "batteryCost": 30,
    "newPosition": "node_99",
    "distance": 15
  }
}

--------------------------------------------------------------------------------

[AI Client] History limit reached. Trimmed to 25 non-system messages (removed 2 oldest messages)

──────────────────────────────────────────────────────────────────────
⏰ 订单完成: order_22 🍔
   配送费: ¥24.78
   实际收入: ¥7.43
   超时罚款: -¥17.34
   状态: 超时38.8分钟
──────────────────────────────────────────────────────────────────────

──────────────────────────────────────────────────────────────────────
⏰ 时间: 12:45    | 🔄 迭代: 50
📍 位置: node_99    | 🔋 电量: 11.2% (5.6km)
💰 利润: ¥97.53    | ✅ 完成: 7 单
📦 背包: 空
💬 AI: Executed 1 tool call(s)

================================================================================
[对话轮次 #50] ASSISTANT
================================================================================

【Tool Calls】

  [1] deliver_food
  Arguments:
    {
        "orderId": "order_22"
    }

================================================================================


--------------------------------------------------------------------------------
[对话轮次 #50] TOOL: deliver_food
--------------------------------------------------------------------------------

【Result】
{
  "success": true,
  "data": {
    "success": true,
    "payment": 7.433404776320096,
    "overtime": 38.82842712474621,
    "penalty": 17.344611144746885,
    "timeCost": 1
  }
}

--------------------------------------------------------------------------------

[OrderGenerator] Removing 2 expired order(s): order_24, order_25
[AI Client] History limit reached. Trimmed to 25 non-system messages (removed 2 oldest messages)

──────────────────────────────────────────────────────────────────────
⏰ 时间: 12:45    | 🔄 迭代: 51
📍 位置: node_99    | 🔋 电量: 11.2% (5.6km)
💰 利润: ¥97.53    | ✅ 完成: 7 单
📦 背包: 空
💬 AI: Executed 1 tool call(s)

================================================================================
[对话轮次 #51] ASSISTANT
================================================================================

【Tool Calls】

  [1] get_my_status
  Arguments:
    {}

================================================================================


--------------------------------------------------------------------------------
[对话轮次 #51] TOOL: get_my_status
--------------------------------------------------------------------------------

【Result】
{
  "success": true,
  "data": {
    "position": "node_99",
    "battery": 11.171572875253808,
    "batteryRange": 5.585786437626904,
    "acceptedOrders": [],
    "carriedOrders": [],
    "totalWeight": 0,
    "remainingCapacity": 10,
    "currentTime": 765.9421356237309,
    "formattedTime": "12:45.942135623730906",
    "remainingTime": 1034.0578643762692,
    "formattedRemainingTime": "17小时14.057864376269208分钟",
    "profit": 97.53259758250837
  }
}

--------------------------------------------------------------------------------

[AI Client] History limit reached. Trimmed to 25 non-system messages (removed 2 oldest messages)
[AI Client] No user message in history after trim, re-anchored with a user query (llama.cpp multi_step_tool template requires it)

──────────────────────────────────────────────────────────────────────
⏰ 时间: 12:45    | 🔄 迭代: 52
📍 位置: node_99    | 🔋 电量: 11.2% (5.6km)
💰 利润: ¥97.53    | ✅ 完成: 7 单
📦 背包: 空
💬 AI: Executed 2 tool call(s)

================================================================================
[对话轮次 #52] ASSISTANT
================================================================================

【Tool Calls】

  [1] search_nearby_battery_stations
  Arguments:
    {
        "radius": 15
    }

  [2] search_nearby_orders
  Arguments:
    {
        "radius": 15
    }

================================================================================


--------------------------------------------------------------------------------
[对话轮次 #52] TOOL: search_nearby_battery_stations
--------------------------------------------------------------------------------

【Result】
{
  "success": true,
  "data": {
    "stations": [
      {
        "id": "node_65",
        "name": "换电站_65",
        "distance": 5,
        "estimatedTime": 10,
        "position": {
          "x": 11,
          "y": 14
        }
      },
      {
        "id": "node_41",
        "name": "换电站_41",
        "distance": 8,
        "estimatedTime": 16,
        "position": {
          "x": 10,
          "y": 8
        }
      },
      {
        "id": "node_5",
        "name": "换电站_5",
        "distance": 11,
        "estimatedTime": 22,
        "position": {
          "x": 4,
          "y": 11
        }
      },
      {
        "id": "node_53",
        "name": "换电站_53",
        "distance": 12,
        "estimatedTime": 24,
        "position": {
          "x": 3,
          "y": 13
        }
      },
      {
        "id": "node_69",
        "name": "换电站_69",
        "distance": 12,
        "estimatedTime": 24,
        "position": {
          "x": 6,
          "y": 8
        }
      },
      {
        "id": "node_32",
        "name": "换电站_32",
        "distance": 13,
        "estimatedTime": 26,
        "position": {
          "x": 2,
          "y": 11
        }
      },
      {
        "id": "node_97",
        "name": "换电站_97",
        "distance": 14,
        "estimatedTime": 28,
        "position": {
          "x": 3,
          "y": 9
        }
      }
    ]
  }
}

--------------------------------------------------------------------------------


--------------------------------------------------------------------------------
[对话轮次 #52] TOOL: search_nearby_orders
--------------------------------------------------------------------------------

【Result】
{
  "success": true,
  "data": {
    "orders": [
      {
        "id": "order_26",
        "type": "food",
        "name": "[\"砂锅炒翅\"]",
        "deliveryFee": 17.994289345340803,
        "weight": 0.6689300319412723,
        "itemPrice": 51.73111379612237,
        "pickupLocation": "node_63",
        "deliveryLocation": "node_24",
        "distance": 12,
        "estimatedTimeLimit": 47
      }
    ]
  }
}

--------------------------------------------------------------------------------

[AI Client] History limit reached. Trimmed to 25 non-system messages (removed 4 oldest messages)

──────────────────────────────────────────────────────────────────────
⏰ 时间: 12:55    | 🔄 迭代: 53
📍 位置: node_65    | 🔋 电量: 1.2% (0.6km)
💰 利润: ¥97.53    | ✅ 完成: 7 单
📦 背包: 空
💬 AI: Executed 1 tool call(s)

================================================================================
[对话轮次 #53] ASSISTANT
================================================================================

【Tool Calls】

  [1] move_to
  Arguments:
    {
        "targetLocationId": "node_65"
    }

================================================================================


--------------------------------------------------------------------------------
[对话轮次 #53] TOOL: move_to
--------------------------------------------------------------------------------

【Result】
{
  "success": true,
  "data": {
    "success": true,
    "timeCost": 10,
    "batteryCost": 10,
    "newPosition": "node_65",
    "distance": 5
  }
}

--------------------------------------------------------------------------------

[AI Client] History limit reached. Trimmed to 25 non-system messages (removed 2 oldest messages)

──────────────────────────────────────────────────────────────────────
⏰ 时间: 12:56    | 🔄 迭代: 54
📍 位置: node_65    | 🔋 电量: 100.0% (50.0km)
💰 利润: ¥97.03    | ✅ 完成: 7 单
📦 背包: 空
💬 AI: Executed 1 tool call(s)

================================================================================
[对话轮次 #54] ASSISTANT
================================================================================

【Tool Calls】

  [1] swap_battery
  Arguments:
    {}

================================================================================


--------------------------------------------------------------------------------
[对话轮次 #54] TOOL: swap_battery
--------------------------------------------------------------------------------

【Result】
{
  "success": true,
  "data": {
    "success": true,
    "cost": 0.5,
    "timeCost": 1,
    "newBattery": 100
  }
}

--------------------------------------------------------------------------------

[AI Client] History limit reached. Trimmed to 25 non-system messages (removed 2 oldest messages)

──────────────────────────────────────────────────────────────────────
⏰ 时间: 12:56    | 🔄 迭代: 55
📍 位置: node_65    | 🔋 电量: 100.0% (50.0km)
💰 利润: ¥97.03    | ✅ 完成: 7 单
📦 背包: 空
💬 AI: Executed 1 tool call(s)

================================================================================
[对话轮次 #55] ASSISTANT
================================================================================

【Tool Calls】

  [1] search_nearby_orders
  Arguments:
    {
        "radius": 15
    }

================================================================================


--------------------------------------------------------------------------------
[对话轮次 #55] TOOL: search_nearby_orders
--------------------------------------------------------------------------------

【Result】
{
  "success": true,
  "data": {
    "orders": [
      {
        "id": "order_26",
        "type": "food",
        "name": "[\"砂锅炒翅\"]",
        "deliveryFee": 17.994289345340803,
        "weight": 0.6689300319412723,
        "itemPrice": 51.73111379612237,
        "pickupLocation": "node_63",
        "deliveryLocation": "node_24",
        "distance": 12,
        "estimatedTimeLimit": 47
      }
    ]
  }
}

--------------------------------------------------------------------------------

[AI Client] History limit reached. Trimmed to 25 non-system messages (removed 2 oldest messages)

──────────────────────────────────────────────────────────────────────
⏰ 时间: 12:56    | 🔄 迭代: 56
📍 位置: node_65    | 🔋 电量: 100.0% (50.0km)
💰 利润: ¥97.03    | ✅ 完成: 7 单
📦 背包: 1/5 单 | ⚖️  重量: 0.67/10kg
   1. order_26 🍔 ⏳待取餐 - 0.67kg - ¥17.99
💬 AI: Executed 1 tool call(s)

================================================================================
[对话轮次 #56] ASSISTANT
================================================================================

【Tool Calls】

  [1] accept_order
  Arguments:
    {
        "orderId": "order_26"
    }

================================================================================


--------------------------------------------------------------------------------
[对话轮次 #56] TOOL: accept_order
--------------------------------------------------------------------------------

【Result】
{
  "success": true,
  "data": {
    "success": true,
    "order": {
      "id": "order_26",
      "type": "food",
      "name": "[\"砂锅炒翅\"]",
      "pickupLocation": "node_63",
      "deliveryLocation": "node_24",
      "distance": 12,
      "itemPrice": 51.73111379612237,
      "deliveryFee": 17.994289345340803,
      "weight": 0.6689300319412723,
      "timeLimit": 47,
      "createdAt": 765.9421356237309,
      "pickedUp": false,
      "delivered": false,
      "acceptedAt": 776.9421356237309,
      "deadline": 823.9421356237309
    }
  }
}

--------------------------------------------------------------------------------

[AI Client] History limit reached. Trimmed to 25 non-system messages (removed 2 oldest messages)

──────────────────────────────────────────────────────────────────────
⏰ 时间: 13:20    | 🔄 迭代: 57
📍 位置: node_63    | 🔋 电量: 76.0% (38.0km)
💰 利润: ¥97.03    | ✅ 完成: 7 单
📦 背包: 1/5 单 | ⚖️  重量: 0.67/10kg
   1. order_26 🍔 ⏳待取餐 - 0.67kg - ¥17.99
💬 AI: Executed 1 tool call(s)

================================================================================
[对话轮次 #57] ASSISTANT
================================================================================

【Tool Calls】

  [1] move_to
  Arguments:
    {
        "targetLocationId": "node_63"
    }

================================================================================


--------------------------------------------------------------------------------
[对话轮次 #57] TOOL: move_to
--------------------------------------------------------------------------------

【Result】
{
  "success": true,
  "data": {
    "success": true,
    "timeCost": 24,
    "batteryCost": 24,
    "newPosition": "node_63",
    "distance": 12
  }
}

--------------------------------------------------------------------------------

[AI Client] History limit reached. Trimmed to 25 non-system messages (removed 2 oldest messages)

──────────────────────────────────────────────────────────────────────
⏰ 时间: 13:22    | 🔄 迭代: 58
📍 位置: node_63    | 🔋 电量: 76.0% (38.0km)
💰 利润: ¥97.03    | ✅ 完成: 7 单
📦 背包: 1/5 单 | ⚖️  重量: 0.67/10kg
   1. order_26 🍔 ✓已取餐 - 0.67kg - ¥17.99
💬 AI: Executed 1 tool call(s)

================================================================================
[对话轮次 #58] ASSISTANT
================================================================================

【Tool Calls】

  [1] pickup_food
  Arguments:
    {
        "orderId": "order_26"
    }

================================================================================


--------------------------------------------------------------------------------
[对话轮次 #58] TOOL: pickup_food
--------------------------------------------------------------------------------

【Result】
{
  "success": true,
  "data": {
    "success": true,
    "timeCost": 2
  }
}

--------------------------------------------------------------------------------

[AI Client] History limit reached. Trimmed to 25 non-system messages (removed 2 oldest messages)

──────────────────────────────────────────────────────────────────────
⏰ 时间: 13:46    | 🔄 迭代: 59
📍 位置: node_24    | 🔋 电量: 52.0% (26.0km)
💰 利润: ¥97.03    | ✅ 完成: 7 单
📦 背包: 1/5 单 | ⚖️  重量: 0.67/10kg
   1. order_26 🍔 ✓已取餐 - 0.67kg - ¥17.99
💬 AI: Executed 1 tool call(s)

================================================================================
[对话轮次 #59] ASSISTANT
================================================================================

【Tool Calls】

  [1] move_to
  Arguments:
    {
        "targetLocationId": "node_24"
    }

================================================================================


--------------------------------------------------------------------------------
[对话轮次 #59] TOOL: move_to
--------------------------------------------------------------------------------

【Result】
{
  "success": true,
  "data": {
    "success": true,
    "timeCost": 24,
    "batteryCost": 24,
    "newPosition": "node_24",
    "distance": 12
  }
}

--------------------------------------------------------------------------------

[AI Client] History limit reached. Trimmed to 25 non-system messages (removed 2 oldest messages)

──────────────────────────────────────────────────────────────────────
⏰ 订单完成: order_26 🍔
   配送费: ¥17.99
   实际收入: ¥17.99
   状态: 超时4.0分钟
──────────────────────────────────────────────────────────────────────

──────────────────────────────────────────────────────────────────────
⏰ 时间: 13:47    | 🔄 迭代: 60
📍 位置: node_24    | 🔋 电量: 52.0% (26.0km)
💰 利润: ¥115.03   | ✅ 完成: 8 单
📦 背包: 空
💬 AI: Executed 1 tool call(s)

================================================================================
[对话轮次 #60] ASSISTANT
================================================================================

【Tool Calls】

  [1] deliver_food
  Arguments:
    {
        "orderId": "order_26"
    }

================================================================================


--------------------------------------------------------------------------------
[对话轮次 #60] TOOL: deliver_food
--------------------------------------------------------------------------------

【Result】
{
  "success": true,
  "data": {
    "success": true,
    "payment": 17.994289345340803,
    "overtime": 4,
    "penalty": 0,
    "timeCost": 1
  }
}

--------------------------------------------------------------------------------

[OrderGenerator] Removing 1 expired order(s): order_28
[AI Client] History limit reached. Trimmed to 25 non-system messages (removed 2 oldest messages)

──────────────────────────────────────────────────────────────────────
⏰ 时间: 13:47    | 🔄 迭代: 61
📍 位置: node_24    | 🔋 电量: 52.0% (26.0km)
💰 利润: ¥115.03   | ✅ 完成: 8 单
📦 背包: 空
💬 AI: Executed 1 tool call(s)

================================================================================
[对话轮次 #61] ASSISTANT
================================================================================

【Tool Calls】

  [1] get_my_status
  Arguments:
    {}

================================================================================


--------------------------------------------------------------------------------
[对话轮次 #61] TOOL: get_my_status
--------------------------------------------------------------------------------

【Result】
{
  "success": true,
  "data": {
    "position": "node_24",
    "battery": 52,
    "batteryRange": 26,
    "acceptedOrders": [],
    "carriedOrders": [],
    "totalWeight": 0,
    "remainingCapacity": 10,
    "currentTime": 827.9421356237309,
    "formattedTime": "13:47.942135623730906",
    "remainingTime": 972.0578643762691,
    "formattedRemainingTime": "16小时12.057864376269094分钟",
    "profit": 115.02688692784918
  }
}

--------------------------------------------------------------------------------

[AI Client] History limit reached. Trimmed to 25 non-system messages (removed 2 oldest messages)

──────────────────────────────────────────────────────────────────────
⏰ 时间: 13:47    | 🔄 迭代: 62
📍 位置: node_24    | 🔋 电量: 52.0% (26.0km)
💰 利润: ¥115.03   | ✅ 完成: 8 单
📦 背包: 空
💬 AI: Executed 1 tool call(s)

================================================================================
[对话轮次 #62] ASSISTANT
================================================================================

【Tool Calls】

  [1] search_nearby_orders
  Arguments:
    {
        "radius": 15
    }

================================================================================


--------------------------------------------------------------------------------
[对话轮次 #62] TOOL: search_nearby_orders
--------------------------------------------------------------------------------

【Result】
{
  "success": true,
  "data": {
    "orders": [
      {
        "id": "order_27",
        "type": "food",
        "name": "[\"干烧虾球\",\"蔬菜干豆汤\"]",
        "deliveryFee": 23.60675942244756,
        "weight": 0.9341764997225255,
        "itemPrice": 25.223925579339266,
        "pickupLocation": "node_7",
        "deliveryLocation": "node_37",
        "distance": 22.414213562373096,
        "estimatedTimeLimit": 78.24264068711929
      },
      {
        "id": "order_29",
        "type": "food",
        "name": "[\"夏果澳带\",\"肉末冬菜包\"]",
        "deliveryFee": 13.15,
        "weight": 0.8637890398968011,
        "itemPrice": 24.78274710709229,
        "pickupLocation": "node_72",
        "deliveryLocation": "node_33",
        "distance": 12,
        "estimatedTimeLimit": 47
      },
      {
        "id": "order_30",
        "type": "pharmacy",
        "name": "[\"感冒药\"]",
        "deliveryFee": 21.291226506315198,
        "weight": 0.1235840165638365,
        "itemPrice": 45.42784968856722,
        "pickupLocation": "node_84",
        "deliveryLocation": "node_56",
        "distance": 16.414213562373096,
        "estimatedTimeLimit": 60.24264068711929
      }
    ]
  }
}

--------------------------------------------------------------------------------

[AI Client] History limit reached. Trimmed to 25 non-system messages (removed 2 oldest messages)

──────────────────────────────────────────────────────────────────────
⏰ 时间: 13:47    | 🔄 迭代: 63
📍 位置: node_24    | 🔋 电量: 52.0% (26.0km)
💰 利润: ¥115.03   | ✅ 完成: 8 单
📦 背包: 2/5 单 | ⚖️  重量: 1.06/10kg
   1. order_27 🍔 ⏳待取餐 - 0.93kg - ¥23.61
   2. order_30 💊 ⏳待取餐 - 0.12kg - ¥21.29
💬 AI: Executed 2 tool call(s)

================================================================================
[对话轮次 #63] ASSISTANT
================================================================================

【Tool Calls】

  [1] accept_order
  Arguments:
    {
        "orderId": "order_27"
    }

  [2] accept_order
  Arguments:
    {
        "orderId": "order_30"
    }

================================================================================


--------------------------------------------------------------------------------
[对话轮次 #63] TOOL: accept_order
--------------------------------------------------------------------------------

【Result】
{
  "success": true,
  "data": {
    "success": true,
    "order": {
      "id": "order_27",
      "type": "food",
      "name": "[\"干烧虾球\",\"蔬菜干豆汤\"]",
      "pickupLocation": "node_7",
      "deliveryLocation": "node_37",
      "distance": 22.414213562373096,
      "itemPrice": 25.223925579339266,
      "deliveryFee": 23.60675942244756,
      "weight": 0.9341764997225255,
      "timeLimit": 78.24264068711929,
      "createdAt": 776.9421356237309,
      "pickedUp": false,
      "delivered": false,
      "acceptedAt": 827.9421356237309,
      "deadline": 906.1847763108502
    }
  }
}

--------------------------------------------------------------------------------


--------------------------------------------------------------------------------
[对话轮次 #63] TOOL: accept_order
--------------------------------------------------------------------------------

【Result】
{
  "success": true,
  "data": {
    "success": true,
    "order": {
      "id": "order_30",
      "type": "pharmacy",
      "name": "[\"感冒药\"]",
      "pickupLocation": "node_84",
      "deliveryLocation": "node_56",
      "distance": 16.414213562373096,
      "itemPrice": 45.42784968856722,
      "deliveryFee": 21.291226506315198,
      "weight": 0.1235840165638365,
      "timeLimit": 60.24264068711929,
      "createdAt": 827.9421356237309,
      "pickedUp": false,
      "delivered": false,
      "acceptedAt": 827.9421356237309,
      "deadline": 888.1847763108502
    }
  }
}

--------------------------------------------------------------------------------

[AI Client] History limit reached. Trimmed to 25 non-system messages (removed 3 oldest messages)
[AI Client] No user message in history after trim, re-anchored with a user query (llama.cpp multi_step_tool template requires it)

──────────────────────────────────────────────────────────────────────
⏰ 时间: 14:00    | 🔄 迭代: 64
📍 位置: node_7     | 🔋 电量: 39.2% (19.6km)
💰 利润: ¥115.03   | ✅ 完成: 8 单
📦 背包: 2/5 单 | ⚖️  重量: 1.06/10kg
   1. order_27 🍔 ⏳待取餐 - 0.93kg - ¥23.61
   2. order_30 💊 ⏳待取餐 - 0.12kg - ¥21.29
💬 AI: Executed 1 tool call(s)

================================================================================
[对话轮次 #64] ASSISTANT
================================================================================

【Tool Calls】

  [1] move_to
  Arguments:
    {
        "targetLocationId": "node_7"
    }

================================================================================


--------------------------------------------------------------------------------
[对话轮次 #64] TOOL: move_to
--------------------------------------------------------------------------------

【Result】
{
  "success": true,
  "data": {
    "success": true,
    "timeCost": 12.82842712474619,
    "batteryCost": 12.82842712474619,
    "newPosition": "node_7",
    "distance": 6.414213562373095
  }
}

--------------------------------------------------------------------------------

[AI Client] History limit reached. Trimmed to 25 non-system messages (removed 3 oldest messages)

──────────────────────────────────────────────────────────────────────
⏰ 时间: 14:02    | 🔄 迭代: 65
📍 位置: node_7     | 🔋 电量: 39.2% (19.6km)
💰 利润: ¥115.03   | ✅ 完成: 8 单
📦 背包: 2/5 单 | ⚖️  重量: 1.06/10kg
   1. order_27 🍔 ✓已取餐 - 0.93kg - ¥23.61
   2. order_30 💊 ⏳待取餐 - 0.12kg - ¥21.29
💬 AI: Executed 1 tool call(s)

================================================================================
[对话轮次 #65] ASSISTANT
================================================================================

【Tool Calls】

  [1] pickup_food
  Arguments:
    {
        "orderId": "order_27"
    }

================================================================================


--------------------------------------------------------------------------------
[对话轮次 #65] TOOL: pickup_food
--------------------------------------------------------------------------------

【Result】
{
  "success": true,
  "data": {
    "success": true,
    "timeCost": 2
  }
}

--------------------------------------------------------------------------------

[AI Client] History limit reached. Trimmed to 25 non-system messages (removed 2 oldest messages)

──────────────────────────────────────────────────────────────────────
⏰ 时间: 14:12    | 🔄 迭代: 66
📍 位置: node_84    | 🔋 电量: 29.2% (14.6km)
💰 利润: ¥115.03   | ✅ 完成: 8 单
📦 背包: 2/5 单 | ⚖️  重量: 1.06/10kg
   1. order_27 🍔 ✓已取餐 - 0.93kg - ¥23.61
   2. order_30 💊 ⏳待取餐 - 0.12kg - ¥21.29
💬 AI: Executed 1 tool call(s)

================================================================================
[对话轮次 #66] ASSISTANT
================================================================================

【Tool Calls】

  [1] move_to
  Arguments:
    {
        "targetLocationId": "node_84"
    }

================================================================================


--------------------------------------------------------------------------------
[对话轮次 #66] TOOL: move_to
--------------------------------------------------------------------------------

【Result】
{
  "success": true,
  "data": {
    "success": true,
    "timeCost": 10,
    "batteryCost": 10,
    "newPosition": "node_84",
    "distance": 5
  }
}

--------------------------------------------------------------------------------

[AI Client] History limit reached. Trimmed to 25 non-system messages (removed 2 oldest messages)

──────────────────────────────────────────────────────────────────────
⏰ 时间: 14:14    | 🔄 迭代: 67
📍 位置: node_84    | 🔋 电量: 29.2% (14.6km)
💰 利润: ¥115.03   | ✅ 完成: 8 单
📦 背包: 2/5 单 | ⚖️  重量: 1.06/10kg
   1. order_27 🍔 ✓已取餐 - 0.93kg - ¥23.61
   2. order_30 💊 ✓已取餐 - 0.12kg - ¥21.29
💬 AI: Executed 1 tool call(s)

================================================================================
[对话轮次 #67] ASSISTANT
================================================================================

【Tool Calls】

  [1] pickup_food
  Arguments:
    {
        "orderId": "order_30"
    }

================================================================================


--------------------------------------------------------------------------------
[对话轮次 #67] TOOL: pickup_food
--------------------------------------------------------------------------------

【Result】
{
  "success": true,
  "data": {
    "success": true,
    "timeCost": 2
  }
}

--------------------------------------------------------------------------------

[AI Client] History limit reached. Trimmed to 25 non-system messages (removed 2 oldest messages)

──────────────────────────────────────────────────────────────────────
⏰ 时间: 14:54    | 🔄 迭代: 68
📍 位置: node_56    | 🔋 电量: 0.0% (0.0km)
💰 利润: ¥115.03   | ✅ 完成: 8 单
📦 背包: 2/5 单 | ⚖️  重量: 1.06/10kg
   1. order_27 🍔 ✓已取餐 - 0.93kg - ¥23.61
   2. order_30 💊 ✓已取餐 - 0.12kg - ¥21.29
💬 AI: Executed 1 tool call(s)

================================================================================
[对话轮次 #68] ASSISTANT
================================================================================

【Tool Calls】

  [1] move_to
  Arguments:
    {
        "targetLocationId": "node_56"
    }

================================================================================


--------------------------------------------------------------------------------
[对话轮次 #68] TOOL: move_to
--------------------------------------------------------------------------------

【Result】
{
  "success": true,
  "data": {
    "success": true,
    "timeCost": 40.14213562373096,
    "batteryCost": 29.17157287525381,
    "newPosition": "node_56",
    "distance": 16.414213562373096,
    "pushedDistance": 1.8284271247461916
  }
}

--------------------------------------------------------------------------------

[AI Client] History limit reached. Trimmed to 25 non-system messages (removed 2 oldest messages)

──────────────────────────────────────────────────────────────────────
⏰ 订单完成: order_30 💊
   配送费: ¥21.29
   实际收入: ¥14.90
   超时罚款: -¥6.39
   状态: 超时7.7分钟
──────────────────────────────────────────────────────────────────────

──────────────────────────────────────────────────────────────────────
⏰ 时间: 14:55    | 🔄 迭代: 69
📍 位置: node_56    | 🔋 电量: 0.0% (0.0km)
💰 利润: ¥129.93   | ✅ 完成: 9 单
📦 背包: 1/5 单 | ⚖️  重量: 0.93/10kg
   1. order_27 🍔 ✓已取餐 - 0.93kg - ¥23.61
💬 AI: Executed 1 tool call(s)

================================================================================
[对话轮次 #69] ASSISTANT
================================================================================

【Tool Calls】

  [1] deliver_food
  Arguments:
    {
        "orderId": "order_30"
    }

================================================================================


--------------------------------------------------------------------------------
[对话轮次 #69] TOOL: deliver_food
--------------------------------------------------------------------------------

【Result】
{
  "success": true,
  "data": {
    "success": true,
    "payment": 14.903858554420639,
    "overtime": 7.7279220613578445,
    "penalty": 6.387367951894559,
    "timeCost": 1
  }
}

--------------------------------------------------------------------------------

[AI Client] History limit reached. Trimmed to 25 non-system messages (removed 2 oldest messages)

──────────────────────────────────────────────────────────────────────
⏰ 时间: 15:25    | 🔄 迭代: 70
📍 位置: node_37    | 🔋 电量: 0.0% (0.0km)
💰 利润: ¥129.93   | ✅ 完成: 9 单
📦 背包: 1/5 单 | ⚖️  重量: 0.93/10kg
   1. order_27 🍔 ✓已取餐 - 0.93kg - ¥23.61
💬 AI: Executed 1 tool call(s)

================================================================================
[对话轮次 #70] ASSISTANT
================================================================================

【Tool Calls】

  [1] move_to
  Arguments:
    {
        "targetLocationId": "node_37"
    }

================================================================================


--------------------------------------------------------------------------------
[对话轮次 #70] TOOL: move_to
--------------------------------------------------------------------------------

【Result】
{
  "success": true,
  "data": {
    "success": true,
    "timeCost": 30,
    "batteryCost": 0,
    "newPosition": "node_37",
    "distance": 5,
    "pushedDistance": 5
  }
}

--------------------------------------------------------------------------------

[OrderGenerator] Removing 3 expired order(s): order_29, order_31, order_32
[AI Client] History limit reached. Trimmed to 25 non-system messages (removed 2 oldest messages)

──────────────────────────────────────────────────────────────────────
⏰ 订单完成: order_27 🍔
   配送费: ¥23.61
   实际收入: ¥7.08
   超时罚款: -¥16.52
   状态: 超时20.7分钟
──────────────────────────────────────────────────────────────────────

──────────────────────────────────────────────────────────────────────
⏰ 时间: 15:26    | 🔄 迭代: 71
📍 位置: node_37    | 🔋 电量: 0.0% (0.0km)
💰 利润: ¥137.01   | ✅ 完成: 10 单
📦 背包: 空
💬 AI: Executed 1 tool call(s)

================================================================================
[对话轮次 #71] ASSISTANT
================================================================================

【Tool Calls】

  [1] deliver_food
  Arguments:
    {
        "orderId": "order_27"
    }

================================================================================


--------------------------------------------------------------------------------
[对话轮次 #71] TOOL: deliver_food
--------------------------------------------------------------------------------

【Result】
{
  "success": true,
  "data": {
    "success": true,
    "payment": 7.082027826734269,
    "overtime": 20.727922061357845,
    "penalty": 16.52473159571329,
    "timeCost": 1
  }
}

--------------------------------------------------------------------------------

[AI Client] History limit reached. Trimmed to 25 non-system messages (removed 2 oldest messages)

──────────────────────────────────────────────────────────────────────
⏰ 时间: 15:26    | 🔄 迭代: 72
📍 位置: node_37    | 🔋 电量: 0.0% (0.0km)
💰 利润: ¥137.01   | ✅ 完成: 10 单
📦 背包: 空
💬 AI: Executed 1 tool call(s)

================================================================================
[对话轮次 #72] ASSISTANT
================================================================================

【Tool Calls】

  [1] get_my_status
  Arguments:
    {}

================================================================================


--------------------------------------------------------------------------------
[对话轮次 #72] TOOL: get_my_status
--------------------------------------------------------------------------------

【Result】
{
  "success": true,
  "data": {
    "position": "node_37",
    "battery": 0,
    "batteryRange": 0,
    "acceptedOrders": [],
    "carriedOrders": [],
    "totalWeight": 0,
    "remainingCapacity": 10,
    "currentTime": 926.9126983722081,
    "formattedTime": "15:26.91269837220807",
    "remainingTime": 873.0873016277919,
    "formattedRemainingTime": "14小时33.08730162779193分钟",
    "profit": 137.0127733090041
  }
}

--------------------------------------------------------------------------------

[AI Client] History limit reached. Trimmed to 25 non-system messages (removed 2 oldest messages)

──────────────────────────────────────────────────────────────────────
⏰ 时间: 15:26    | 🔄 迭代: 73
📍 位置: node_37    | 🔋 电量: 0.0% (0.0km)
💰 利润: ¥137.01   | ✅ 完成: 10 单
📦 背包: 空
💬 AI: Executed 1 tool call(s)

================================================================================
[对话轮次 #73] ASSISTANT
================================================================================

【Tool Calls】

  [1] search_nearby_battery_stations
  Arguments:
    {
        "radius": 15
    }

================================================================================


--------------------------------------------------------------------------------
[对话轮次 #73] TOOL: search_nearby_battery_stations
--------------------------------------------------------------------------------

【Result】
{
  "success": true,
  "data": {
    "stations": [
      {
        "id": "node_65",
        "name": "换电站_65",
        "distance": 2,
        "estimatedTime": 4,
        "position": {
          "x": 11,
          "y": 14
        }
      },
      {
        "id": "node_41",
        "name": "换电站_41",
        "distance": 9,
        "estimatedTime": 18,
        "position": {
          "x": 10,
          "y": 8
        }
      },
      {
        "id": "node_53",
        "name": "换电站_53",
        "distance": 11,
        "estimatedTime": 22,
        "position": {
          "x": 3,
          "y": 13
        }
      },
      {
        "id": "node_5",
        "name": "换电站_5",
        "distance": 12,
        "estimatedTime": 24,
        "position": {
          "x": 4,
          "y": 11
        }
      },
      {
        "id": "node_69",
        "name": "换电站_69",
        "distance": 13,
        "estimatedTime": 26,
        "position": {
          "x": 6,
          "y": 8
        }
      },
      {
        "id": "node_32",
        "name": "换电站_32",
        "distance": 14,
        "estimatedTime": 28,
        "position": {
          "x": 2,
          "y": 11
        }
      },
      {
        "id": "node_97",
        "name": "换电站_97",
        "distance": 15,
        "estimatedTime": 30,
        "position": {
          "x": 3,
          "y": 9
        }
      }
    ]
  }
}

--------------------------------------------------------------------------------

[AI Client] History limit reached. Trimmed to 25 non-system messages (removed 2 oldest messages)

──────────────────────────────────────────────────────────────────────
⏰ 时间: 15:38    | 🔄 迭代: 74
📍 位置: node_65    | 🔋 电量: 0.0% (0.0km)
💰 利润: ¥137.01   | ✅ 完成: 10 单
📦 背包: 空
💬 AI: Executed 1 tool call(s)

================================================================================
[对话轮次 #74] ASSISTANT
================================================================================

【Tool Calls】

  [1] move_to
  Arguments:
    {
        "targetLocationId": "node_65"
    }

================================================================================


--------------------------------------------------------------------------------
[对话轮次 #74] TOOL: move_to
--------------------------------------------------------------------------------

【Result】
{
  "success": true,
  "data": {
    "success": true,
    "timeCost": 12,
    "batteryCost": 0,
    "newPosition": "node_65",
    "distance": 2,
    "pushedDistance": 2
  }
}

--------------------------------------------------------------------------------

[AI Client] History limit reached. Trimmed to 25 non-system messages (removed 2 oldest messages)

──────────────────────────────────────────────────────────────────────
⏰ 时间: 15:39    | 🔄 迭代: 75
📍 位置: node_65    | 🔋 电量: 100.0% (50.0km)
💰 利润: ¥136.51   | ✅ 完成: 10 单
📦 背包: 空
💬 AI: Executed 1 tool call(s)

================================================================================
[对话轮次 #75] ASSISTANT
================================================================================

【Tool Calls】

  [1] swap_battery
  Arguments:
    {}

================================================================================


--------------------------------------------------------------------------------
[对话轮次 #75] TOOL: swap_battery
--------------------------------------------------------------------------------

【Result】
{
  "success": true,
  "data": {
    "success": true,
    "cost": 0.5,
    "timeCost": 1,
    "newBattery": 100
  }
}

--------------------------------------------------------------------------------

[AI Client] History limit reached. Trimmed to 25 non-system messages (removed 2 oldest messages)

──────────────────────────────────────────────────────────────────────
⏰ 时间: 15:39    | 🔄 迭代: 76
📍 位置: node_65    | 🔋 电量: 100.0% (50.0km)
💰 利润: ¥136.51   | ✅ 完成: 10 单
📦 背包: 空
💬 AI: Executed 1 tool call(s)

================================================================================
[对话轮次 #76] ASSISTANT
================================================================================

【Tool Calls】

  [1] search_nearby_orders
  Arguments:
    {
        "radius": 10
    }

================================================================================


--------------------------------------------------------------------------------
[对话轮次 #76] TOOL: search_nearby_orders
--------------------------------------------------------------------------------

【Result】
{
  "success": true,
  "data": {
    "orders": [
      {
        "id": "order_33",
        "type": "supermarket",
        "name": "[\"蔬菜\",\"水果\",\"饮料\"]",
        "deliveryFee": 8.991324026696384,
        "weight": 8.04800053476356,
        "itemPrice": 54.65484721586108,
        "pickupLocation": "node_18",
        "deliveryLocation": "node_8",
        "distance": 1,
        "estimatedTimeLimit": 20
      },
      {
        "id": "order_34",
        "type": "supermarket",
        "name": "[\"蔬菜\",\"水果\",\"零食\",\"调味品\"]",
        "deliveryFee": 15.12309600188213,
        "weight": 7.927678299602121,
        "itemPrice": 44.493791330605745,
        "pickupLocation": "node_67",
        "deliveryLocation": "node_48",
        "distance": 10.414213562373096,
        "estimatedTimeLimit": 42.24264068711929
      }
    ]
  }
}

--------------------------------------------------------------------------------

[AI Client] History limit reached. Trimmed to 25 non-system messages (removed 2 oldest messages)
[AI Client] No user message in history after trim, re-anchored with a user query (llama.cpp multi_step_tool template requires it)

──────────────────────────────────────────────────────────────────────
⏰ 时间: 15:39    | 🔄 迭代: 77
📍 位置: node_65    | 🔋 电量: 100.0% (50.0km)
💰 利润: ¥136.51   | ✅ 完成: 10 单
📦 背包: 1/5 单 | ⚖️  重量: 8.05/10kg
   1. order_33 🛒 ⏳待取餐 - 8.05kg - ¥8.99
💬 AI: Executed 1 tool call(s)

================================================================================
[对话轮次 #77] ASSISTANT
================================================================================

【Tool Calls】

  [1] accept_order
  Arguments:
    {
        "orderId": "order_33"
    }

================================================================================


--------------------------------------------------------------------------------
[对话轮次 #77] TOOL: accept_order
--------------------------------------------------------------------------------

【Result】
{
  "success": true,
  "data": {
    "success": true,
    "order": {
      "id": "order_33",
      "type": "supermarket",
      "name": "[\"蔬菜\",\"水果\",\"饮料\"]",
      "pickupLocation": "node_18",
      "deliveryLocation": "node_8",
      "distance": 1,
      "itemPrice": 54.65484721586108,
      "deliveryFee": 8.991324026696384,
      "weight": 8.04800053476356,
      "timeLimit": 20,
      "createdAt": 925.9126983722081,
      "pickedUp": false,
      "delivered": false,
      "acceptedAt": 939.9126983722081,
      "deadline": 959.9126983722081
    }
  }
}

--------------------------------------------------------------------------------

[AI Client] History limit reached. Trimmed to 25 non-system messages (removed 3 oldest messages)

──────────────────────────────────────────────────────────────────────
⏰ 时间: 15:53    | 🔄 迭代: 78
📍 位置: node_18    | 🔋 电量: 86.0% (43.0km)
💰 利润: ¥136.51   | ✅ 完成: 10 单
📦 背包: 1/5 单 | ⚖️  重量: 8.05/10kg
   1. order_33 🛒 ⏳待取餐 - 8.05kg - ¥8.99
💬 AI: Executed 1 tool call(s)

================================================================================
[对话轮次 #78] ASSISTANT
================================================================================

【Tool Calls】

  [1] move_to
  Arguments:
    {
        "targetLocationId": "node_18"
    }

================================================================================


--------------------------------------------------------------------------------
[对话轮次 #78] TOOL: move_to
--------------------------------------------------------------------------------

【Result】
{
  "success": true,
  "data": {
    "success": true,
    "timeCost": 14,
    "batteryCost": 14,
    "newPosition": "node_18",
    "distance": 7
  }
}

--------------------------------------------------------------------------------

[AI Client] History limit reached. Trimmed to 25 non-system messages (removed 2 oldest messages)

──────────────────────────────────────────────────────────────────────
⏰ 时间: 15:55    | 🔄 迭代: 79
📍 位置: node_18    | 🔋 电量: 86.0% (43.0km)
💰 利润: ¥136.51   | ✅ 完成: 10 单
📦 背包: 1/5 单 | ⚖️  重量: 8.05/10kg
   1. order_33 🛒 ✓已取餐 - 8.05kg - ¥8.99
💬 AI: Executed 1 tool call(s)

================================================================================
[对话轮次 #79] ASSISTANT
================================================================================

【Tool Calls】

  [1] pickup_food
  Arguments:
    {
        "orderId": "order_33"
    }

================================================================================


--------------------------------------------------------------------------------
[对话轮次 #79] TOOL: pickup_food
--------------------------------------------------------------------------------

【Result】
{
  "success": true,
  "data": {
    "success": true,
    "timeCost": 2
  }
}

--------------------------------------------------------------------------------

[AI Client] History limit reached. Trimmed to 25 non-system messages (removed 2 oldest messages)

──────────────────────────────────────────────────────────────────────
⏰ 时间: 15:57    | 🔄 迭代: 80
📍 位置: node_8     | 🔋 电量: 84.0% (42.0km)
💰 利润: ¥136.51   | ✅ 完成: 10 单
📦 背包: 1/5 单 | ⚖️  重量: 8.05/10kg
   1. order_33 🛒 ✓已取餐 - 8.05kg - ¥8.99
💬 AI: Executed 1 tool call(s)

================================================================================
[对话轮次 #80] ASSISTANT
================================================================================

【Tool Calls】

  [1] move_to
  Arguments:
    {
        "targetLocationId": "node_8"
    }

================================================================================


--------------------------------------------------------------------------------
[对话轮次 #80] TOOL: move_to
--------------------------------------------------------------------------------

【Result】
{
  "success": true,
  "data": {
    "success": true,
    "timeCost": 2,
    "batteryCost": 2,
    "newPosition": "node_8",
    "distance": 1
  }
}

--------------------------------------------------------------------------------

[AI Client] History limit reached. Trimmed to 25 non-system messages (removed 2 oldest messages)

──────────────────────────────────────────────────────────────────────
✅ 订单完成: order_33 🛒
   配送费: ¥8.99
   实际收入: ¥8.99
   状态: 准时完成
──────────────────────────────────────────────────────────────────────

──────────────────────────────────────────────────────────────────────
⏰ 时间: 15:58    | 🔄 迭代: 81
📍 位置: node_8     | 🔋 电量: 84.0% (42.0km)
💰 利润: ¥145.50   | ✅ 完成: 11 单
📦 背包: 空
💬 AI: Executed 1 tool call(s)

================================================================================
[对话轮次 #81] ASSISTANT
================================================================================

【Tool Calls】

  [1] deliver_food
  Arguments:
    {
        "orderId": "order_33"
    }

================================================================================


--------------------------------------------------------------------------------
[对话轮次 #81] TOOL: deliver_food
--------------------------------------------------------------------------------

【Result】
{
  "success": true,
  "data": {
    "success": true,
    "payment": 8.991324026696384,
    "overtime": 0,
    "penalty": 0,
    "timeCost": 1
  }
}

--------------------------------------------------------------------------------

[AI Client] History limit reached. Trimmed to 25 non-system messages (removed 2 oldest messages)

──────────────────────────────────────────────────────────────────────
⏰ 时间: 15:58    | 🔄 迭代: 82
📍 位置: node_8     | 🔋 电量: 84.0% (42.0km)
💰 利润: ¥145.50   | ✅ 完成: 11 单
📦 背包: 1/5 单 | ⚖️  重量: 7.93/10kg
   1. order_34 🛒 ⏳待取餐 - 7.93kg - ¥15.12
💬 AI: Executed 1 tool call(s)

================================================================================
[对话轮次 #82] ASSISTANT
================================================================================

【Tool Calls】

  [1] accept_order
  Arguments:
    {
        "orderId": "order_34"
    }

================================================================================


--------------------------------------------------------------------------------
[对话轮次 #82] TOOL: accept_order
--------------------------------------------------------------------------------

【Result】
{
  "success": true,
  "data": {
    "success": true,
    "order": {
      "id": "order_34",
      "type": "supermarket",
      "name": "[\"蔬菜\",\"水果\",\"零食\",\"调味品\"]",
      "pickupLocation": "node_67",
      "deliveryLocation": "node_48",
      "distance": 10.414213562373096,
      "itemPrice": 44.493791330605745,
      "deliveryFee": 15.12309600188213,
      "weight": 7.927678299602121,
      "timeLimit": 42.24264068711929,
      "createdAt": 939.9126983722081,
      "pickedUp": false,
      "delivered": false,
      "acceptedAt": 958.9126983722081,
      "deadline": 1001.1553390593274
    }
  }
}

--------------------------------------------------------------------------------

[AI Client] History limit reached. Trimmed to 25 non-system messages (removed 2 oldest messages)

──────────────────────────────────────────────────────────────────────
⏰ 时间: 16:06    | 🔄 迭代: 83
📍 位置: node_67    | 🔋 电量: 76.0% (38.0km)
💰 利润: ¥145.50   | ✅ 完成: 11 单
📦 背包: 1/5 单 | ⚖️  重量: 7.93/10kg
   1. order_34 🛒 ⏳待取餐 - 7.93kg - ¥15.12
💬 AI: Executed 1 tool call(s)

================================================================================
[对话轮次 #83] ASSISTANT
================================================================================

【Tool Calls】

  [1] move_to
  Arguments:
    {
        "targetLocationId": "node_67"
    }

================================================================================


--------------------------------------------------------------------------------
[对话轮次 #83] TOOL: move_to
--------------------------------------------------------------------------------

【Result】
{
  "success": true,
  "data": {
    "success": true,
    "timeCost": 8,
    "batteryCost": 8,
    "newPosition": "node_67",
    "distance": 4
  }
}

--------------------------------------------------------------------------------

[AI Client] History limit reached. Trimmed to 25 non-system messages (removed 2 oldest messages)

──────────────────────────────────────────────────────────────────────
⏰ 时间: 16:08    | 🔄 迭代: 84
📍 位置: node_67    | 🔋 电量: 76.0% (38.0km)
💰 利润: ¥145.50   | ✅ 完成: 11 单
📦 背包: 1/5 单 | ⚖️  重量: 7.93/10kg
   1. order_34 🛒 ✓已取餐 - 7.93kg - ¥15.12
💬 AI: Executed 1 tool call(s)

================================================================================
[对话轮次 #84] ASSISTANT
================================================================================

【Tool Calls】

  [1] pickup_food
  Arguments:
    {
        "orderId": "order_34"
    }

================================================================================


--------------------------------------------------------------------------------
[对话轮次 #84] TOOL: pickup_food
--------------------------------------------------------------------------------

【Result】
{
  "success": true,
  "data": {
    "success": true,
    "timeCost": 2
  }
}

--------------------------------------------------------------------------------

[AI Client] History limit reached. Trimmed to 25 non-system messages (removed 2 oldest messages)

──────────────────────────────────────────────────────────────────────
⏰ 时间: 16:29    | 🔄 迭代: 85
📍 位置: node_48    | 🔋 电量: 55.2% (27.6km)
💰 利润: ¥145.50   | ✅ 完成: 11 单
📦 背包: 1/5 单 | ⚖️  重量: 7.93/10kg
   1. order_34 🛒 ✓已取餐 - 7.93kg - ¥15.12
💬 AI: Executed 1 tool call(s)

================================================================================
[对话轮次 #85] ASSISTANT
================================================================================

【Tool Calls】

  [1] move_to
  Arguments:
    {
        "targetLocationId": "node_48"
    }

================================================================================


--------------------------------------------------------------------------------
[对话轮次 #85] TOOL: move_to
--------------------------------------------------------------------------------

【Result】
{
  "success": true,
  "data": {
    "success": true,
    "timeCost": 20.82842712474619,
    "batteryCost": 20.82842712474619,
    "newPosition": "node_48",
    "distance": 10.414213562373096
  }
}

--------------------------------------------------------------------------------

[AI Client] History limit reached. Trimmed to 25 non-system messages (removed 2 oldest messages)

──────────────────────────────────────────────────────────────────────
✅ 订单完成: order_34 🛒
   配送费: ¥15.12
   实际收入: ¥15.12
   状态: 准时完成
──────────────────────────────────────────────────────────────────────

──────────────────────────────────────────────────────────────────────
⏰ 时间: 16:30    | 🔄 迭代: 86
📍 位置: node_48    | 🔋 电量: 55.2% (27.6km)
💰 利润: ¥160.63   | ✅ 完成: 12 单
📦 背包: 空
💬 AI: Executed 1 tool call(s)

================================================================================
[对话轮次 #86] ASSISTANT
================================================================================

【Tool Calls】

  [1] deliver_food
  Arguments:
    {
        "orderId": "order_34"
    }

================================================================================


--------------------------------------------------------------------------------
[对话轮次 #86] TOOL: deliver_food
--------------------------------------------------------------------------------

【Result】
{
  "success": true,
  "data": {
    "success": true,
    "payment": 15.12309600188213,
    "overtime": 0,
    "penalty": 0,
    "timeCost": 1
  }
}

--------------------------------------------------------------------------------

[AI Client] History limit reached. Trimmed to 25 non-system messages (removed 2 oldest messages)

──────────────────────────────────────────────────────────────────────
⏰ 时间: 16:30    | 🔄 迭代: 87
📍 位置: node_48    | 🔋 电量: 55.2% (27.6km)
💰 利润: ¥160.63   | ✅ 完成: 12 单
📦 背包: 空
💬 AI: Executed 1 tool call(s)

================================================================================
[对话轮次 #87] ASSISTANT
================================================================================

【Tool Calls】

  [1] get_my_status
  Arguments:
    {}

================================================================================


--------------------------------------------------------------------------------
[对话轮次 #87] TOOL: get_my_status
--------------------------------------------------------------------------------

【Result】
{
  "success": true,
  "data": {
    "position": "node_48",
    "battery": 55.17157287525381,
    "batteryRange": 27.5857864376269,
    "acceptedOrders": [],
    "carriedOrders": [],
    "totalWeight": 0,
    "remainingCapacity": 10,
    "currentTime": 990.7411254969543,
    "formattedTime": "16:30.741125496954282",
    "remainingTime": 809.2588745030457,
    "formattedRemainingTime": "13小时29.258874503045718分钟",
    "profit": 160.6271933375826
  }
}

--------------------------------------------------------------------------------

[AI Client] History limit reached. Trimmed to 25 non-system messages (removed 2 oldest messages)

──────────────────────────────────────────────────────────────────────
⏰ 时间: 16:30    | 🔄 迭代: 88
📍 位置: node_48    | 🔋 电量: 55.2% (27.6km)
💰 利润: ¥160.63   | ✅ 完成: 12 单
📦 背包: 空
💬 AI: Executed 1 tool call(s)

================================================================================
[对话轮次 #88] ASSISTANT
================================================================================

【Tool Calls】

  [1] search_nearby_orders
  Arguments:
    {
        "radius": 10
    }

================================================================================


--------------------------------------------------------------------------------
[对话轮次 #88] TOOL: search_nearby_orders
--------------------------------------------------------------------------------

【Result】
{
  "success": true,
  "data": {
    "orders": [
      {
        "id": "order_35",
        "type": "supermarket",
        "name": "[\"清洁用品\",\"零食\"]",
        "deliveryFee": 16.816986206825824,
        "weight": 6.37711230199784,
        "itemPrice": 68.33521298132837,
        "pickupLocation": "node_89",
        "deliveryLocation": "node_55",
        "distance": 8,
        "estimatedTimeLimit": 35
      },
      {
        "id": "order_37",
        "type": "food",
        "name": "[\"沸腾鱼\",\"小鸭酥\"]",
        "deliveryFee": 21.49112748465366,
        "weight": 0.8385948869399726,
        "itemPrice": 55.662943293573335,
        "pickupLocation": "node_42",
        "deliveryLocation": "node_62",
        "distance": 14.828427124746192,
        "estimatedTimeLimit": 55.485281374238575
      },
      {
        "id": "order_38",
        "type": "supermarket",
        "name": "[\"日用品\",\"零食\",\"调味品\",\"水果\"]",
        "deliveryFee": 13.496371610090137,
        "weight": 6.136905187740922,
        "itemPrice": 48.868731167167425,
        "pickupLocation": "node_26",
        "deliveryLocation": "node_48",
        "distance": 8,
        "estimatedTimeLimit": 35
      },
      {
        "id": "order_39",
        "type": "food",
        "name": "[\"野山珍鲈鱼\"]",
        "deliveryFee": 11.385076957254206,
        "weight": 0.6290473827393726,
        "itemPrice": 59.91221739561297,
        "pickupLocation": "node_72",
        "deliveryLocation": "node_30",
        "distance": 4,
        "estimatedTimeLimit": 23
      }
    ]
  }
}

--------------------------------------------------------------------------------

[AI Client] History limit reached. Trimmed to 25 non-system messages (removed 2 oldest messages)

──────────────────────────────────────────────────────────────────────
⏰ 时间: 16:30    | 🔄 迭代: 89
📍 位置: node_48    | 🔋 电量: 55.2% (27.6km)
💰 利润: ¥160.63   | ✅ 完成: 12 单
📦 背包: 2/5 单 | ⚖️  重量: 6.77/10kg
   1. order_38 🛒 ⏳待取餐 - 6.14kg - ¥13.50
   2. order_39 🍔 ⏳待取餐 - 0.63kg - ¥11.39
💬 AI: Executed 2 tool call(s)

================================================================================
[对话轮次 #89] ASSISTANT
================================================================================

【Tool Calls】

  [1] accept_order
  Arguments:
    {
        "orderId": "order_38"
    }

  [2] accept_order
  Arguments:
    {
        "orderId": "order_39"
    }

================================================================================


--------------------------------------------------------------------------------
[对话轮次 #89] TOOL: accept_order
--------------------------------------------------------------------------------

【Result】
{
  "success": true,
  "data": {
    "success": true,
    "order": {
      "id": "order_38",
      "type": "supermarket",
      "name": "[\"日用品\",\"零食\",\"调味品\",\"水果\"]",
      "pickupLocation": "node_26",
      "deliveryLocation": "node_48",
      "distance": 8,
      "itemPrice": 48.868731167167425,
      "deliveryFee": 13.496371610090137,
      "weight": 6.136905187740922,
      "timeLimit": 35,
      "createdAt": 989.7411254969543,
      "pickedUp": false,
      "delivered": false,
      "acceptedAt": 990.7411254969543,
      "deadline": 1025.7411254969543
    }
  }
}

--------------------------------------------------------------------------------


--------------------------------------------------------------------------------
[对话轮次 #89] TOOL: accept_order
--------------------------------------------------------------------------------

【Result】
{
  "success": true,
  "data": {
    "success": true,
    "order": {
      "id": "order_39",
      "type": "food",
      "name": "[\"野山珍鲈鱼\"]",
      "pickupLocation": "node_72",
      "deliveryLocation": "node_30",
      "distance": 4,
      "itemPrice": 59.91221739561297,
      "deliveryFee": 11.385076957254206,
      "weight": 0.6290473827393726,
      "timeLimit": 23,
      "createdAt": 989.7411254969543,
      "pickedUp": false,
      "delivered": false,
      "acceptedAt": 990.7411254969543,
      "deadline": 1013.7411254969543
    }
  }
}

--------------------------------------------------------------------------------

[AI Client] History limit reached. Trimmed to 25 non-system messages (removed 3 oldest messages)
[AI Client] No user message in history after trim, re-anchored with a user query (llama.cpp multi_step_tool template requires it)

──────────────────────────────────────────────────────────────────────
⏰ 时间: 16:46    | 🔄 迭代: 90
📍 位置: node_26    | 🔋 电量: 39.2% (19.6km)
💰 利润: ¥160.63   | ✅ 完成: 12 单
📦 背包: 2/5 单 | ⚖️  重量: 6.77/10kg
   1. order_38 🛒 ⏳待取餐 - 6.14kg - ¥13.50
   2. order_39 🍔 ⏳待取餐 - 0.63kg - ¥11.39
💬 AI: Executed 1 tool call(s)

================================================================================
[对话轮次 #90] ASSISTANT
================================================================================

【Tool Calls】

  [1] move_to
  Arguments:
    {
        "targetLocationId": "node_26"
    }

================================================================================


--------------------------------------------------------------------------------
[对话轮次 #90] TOOL: move_to
--------------------------------------------------------------------------------

【Result】
{
  "success": true,
  "data": {
    "success": true,
    "timeCost": 16,
    "batteryCost": 16,
    "newPosition": "node_26",
    "distance": 8
  }
}

--------------------------------------------------------------------------------

[OrderGenerator] Removing 2 expired order(s): order_35, order_36
[AI Client] History limit reached. Trimmed to 25 non-system messages (removed 3 oldest messages)

──────────────────────────────────────────────────────────────────────
⏰ 时间: 16:48    | 🔄 迭代: 91
📍 位置: node_26    | 🔋 电量: 39.2% (19.6km)
💰 利润: ¥160.63   | ✅ 完成: 12 单
📦 背包: 2/5 单 | ⚖️  重量: 6.77/10kg
   1. order_38 🛒 ✓已取餐 - 6.14kg - ¥13.50
   2. order_39 🍔 ⏳待取餐 - 0.63kg - ¥11.39
💬 AI: Executed 1 tool call(s)

================================================================================
[对话轮次 #91] ASSISTANT
================================================================================

【Tool Calls】

  [1] pickup_food
  Arguments:
    {
        "orderId": "order_38"
    }

================================================================================


--------------------------------------------------------------------------------
[对话轮次 #91] TOOL: pickup_food
--------------------------------------------------------------------------------

【Result】
{
  "success": true,
  "data": {
    "success": true,
    "timeCost": 2
  }
}

--------------------------------------------------------------------------------

[AI Client] History limit reached. Trimmed to 25 non-system messages (removed 2 oldest messages)

──────────────────────────────────────────────────────────────────────
⏰ 时间: 17:12    | 🔄 迭代: 92
📍 位置: node_72    | 🔋 电量: 15.2% (7.6km)
💰 利润: ¥160.63   | ✅ 完成: 12 单
📦 背包: 2/5 单 | ⚖️  重量: 6.77/10kg
   1. order_38 🛒 ✓已取餐 - 6.14kg - ¥13.50
   2. order_39 🍔 ⏳待取餐 - 0.63kg - ¥11.39
💬 AI: Executed 1 tool call(s)

================================================================================
[对话轮次 #92] ASSISTANT
================================================================================

【Tool Calls】

  [1] move_to
  Arguments:
    {
        "targetLocationId": "node_72"
    }

================================================================================


--------------------------------------------------------------------------------
[对话轮次 #92] TOOL: move_to
--------------------------------------------------------------------------------

【Result】
{
  "success": true,
  "data": {
    "success": true,
    "timeCost": 24,
    "batteryCost": 24,
    "newPosition": "node_72",
    "distance": 12
  }
}

--------------------------------------------------------------------------------

[AI Client] History limit reached. Trimmed to 25 non-system messages (removed 2 oldest messages)

──────────────────────────────────────────────────────────────────────
⏰ 时间: 17:14    | 🔄 迭代: 93
📍 位置: node_72    | 🔋 电量: 15.2% (7.6km)
💰 利润: ¥160.63   | ✅ 完成: 12 单
📦 背包: 2/5 单 | ⚖️  重量: 6.77/10kg
   1. order_38 🛒 ✓已取餐 - 6.14kg - ¥13.50
   2. order_39 🍔 ✓已取餐 - 0.63kg - ¥11.39
💬 AI: Executed 1 tool call(s)

================================================================================
[对话轮次 #93] ASSISTANT
================================================================================

【Tool Calls】

  [1] pickup_food
  Arguments:
    {
        "orderId": "order_39"
    }

================================================================================


--------------------------------------------------------------------------------
[对话轮次 #93] TOOL: pickup_food
--------------------------------------------------------------------------------

【Result】
{
  "success": true,
  "data": {
    "success": true,
    "timeCost": 2
  }
}

--------------------------------------------------------------------------------

[AI Client] History limit reached. Trimmed to 25 non-system messages (removed 2 oldest messages)

──────────────────────────────────────────────────────────────────────
⏰ 时间: 17:22    | 🔄 迭代: 94
📍 位置: node_30    | 🔋 电量: 7.2% (3.6km)
💰 利润: ¥160.63   | ✅ 完成: 12 单
📦 背包: 2/5 单 | ⚖️  重量: 6.77/10kg
   1. order_38 🛒 ✓已取餐 - 6.14kg - ¥13.50
   2. order_39 🍔 ✓已取餐 - 0.63kg - ¥11.39
💬 AI: Executed 1 tool call(s)

================================================================================
[对话轮次 #94] ASSISTANT
================================================================================

【Tool Calls】

  [1] move_to
  Arguments:
    {
        "targetLocationId": "node_30"
    }

================================================================================


--------------------------------------------------------------------------------
[对话轮次 #94] TOOL: move_to
--------------------------------------------------------------------------------

【Result】
{
  "success": true,
  "data": {
    "success": true,
    "timeCost": 8,
    "batteryCost": 8,
    "newPosition": "node_30",
    "distance": 4
  }
}

--------------------------------------------------------------------------------

[AI Client] History limit reached. Trimmed to 25 non-system messages (removed 2 oldest messages)

──────────────────────────────────────────────────────────────────────
⏰ 订单完成: order_39 🍔
   配送费: ¥11.39
   实际收入: ¥3.42
   超时罚款: -¥7.97
   状态: 超时30.0分钟
──────────────────────────────────────────────────────────────────────

──────────────────────────────────────────────────────────────────────
⏰ 时间: 17:23    | 🔄 迭代: 95
📍 位置: node_30    | 🔋 电量: 7.2% (3.6km)
💰 利润: ¥164.04   | ✅ 完成: 13 单
📦 背包: 1/5 单 | ⚖️  重量: 6.14/10kg
   1. order_38 🛒 ✓已取餐 - 6.14kg - ¥13.50
💬 AI: Executed 1 tool call(s)

================================================================================
[对话轮次 #95] ASSISTANT
================================================================================

【Tool Calls】

  [1] deliver_food
  Arguments:
    {
        "orderId": "order_39"
    }

================================================================================


--------------------------------------------------------------------------------
[对话轮次 #95] TOOL: deliver_food
--------------------------------------------------------------------------------

【Result】
{
  "success": true,
  "data": {
    "success": true,
    "payment": 3.415523087176262,
    "overtime": 30,
    "penalty": 7.969553870077944,
    "timeCost": 1
  }
}

--------------------------------------------------------------------------------

[OrderGenerator] Removing 1 expired order(s): order_41
[AI Client] History limit reached. Trimmed to 25 non-system messages (removed 2 oldest messages)

──────────────────────────────────────────────────────────────────────
⏰ 时间: 17:57    | 🔄 迭代: 96
📍 位置: node_48    | 🔋 电量: 0.0% (0.0km)
💰 利润: ¥164.04   | ✅ 完成: 13 单
📦 背包: 1/5 单 | ⚖️  重量: 6.14/10kg
   1. order_38 🛒 ✓已取餐 - 6.14kg - ¥13.50
💬 AI: Executed 1 tool call(s)

================================================================================
[对话轮次 #96] ASSISTANT
================================================================================

【Tool Calls】

  [1] move_to
  Arguments:
    {
        "targetLocationId": "node_48"
    }

================================================================================


--------------------------------------------------------------------------------
[对话轮次 #96] TOOL: move_to
--------------------------------------------------------------------------------

【Result】
{
  "success": true,
  "data": {
    "success": true,
    "timeCost": 33.65685424949238,
    "batteryCost": 7.171572875253808,
    "newPosition": "node_48",
    "distance": 8,
    "pushedDistance": 4.414213562373096
  }
}

--------------------------------------------------------------------------------

[AI Client] History limit reached. Trimmed to 25 non-system messages (removed 2 oldest messages)

──────────────────────────────────────────────────────────────────────
⏰ 订单完成: order_38 🛒
   配送费: ¥13.50
   实际收入: ¥4.05
   超时罚款: -¥9.45
   状态: 超时52.7分钟
──────────────────────────────────────────────────────────────────────

──────────────────────────────────────────────────────────────────────
⏰ 时间: 17:58    | 🔄 迭代: 97
📍 位置: node_48    | 🔋 电量: 0.0% (0.0km)
💰 利润: ¥168.09   | ✅ 完成: 14 单
📦 背包: 空
💬 AI: Executed 1 tool call(s)

================================================================================
[对话轮次 #97] ASSISTANT
================================================================================

【Tool Calls】

  [1] deliver_food
  Arguments:
    {
        "orderId": "order_38"
    }

================================================================================


--------------------------------------------------------------------------------
[对话轮次 #97] TOOL: deliver_food
--------------------------------------------------------------------------------

【Result】
{
  "success": true,
  "data": {
    "success": true,
    "payment": 4.048911483027041,
    "overtime": 52.656854249492426,
    "penalty": 9.447460127063096,
    "timeCost": 1
  }
}

--------------------------------------------------------------------------------

[AI Client] History limit reached. Trimmed to 25 non-system messages (removed 2 oldest messages)

──────────────────────────────────────────────────────────────────────
⏰ 时间: 17:58    | 🔄 迭代: 98
📍 位置: node_48    | 🔋 电量: 0.0% (0.0km)
💰 利润: ¥168.09   | ✅ 完成: 14 单
📦 背包: 空
💬 AI: Executed 1 tool call(s)

================================================================================
[对话轮次 #98] ASSISTANT
================================================================================

【Tool Calls】

  [1] search_nearby_battery_stations
  Arguments:
    {
        "radius": 10
    }

================================================================================


--------------------------------------------------------------------------------
[对话轮次 #98] TOOL: search_nearby_battery_stations
--------------------------------------------------------------------------------

【Result】
{
  "success": true,
  "data": {
    "stations": [
      {
        "id": "node_41",
        "name": "换电站_41",
        "distance": 5.414213562373095,
        "estimatedTime": 10.82842712474619,
        "position": {
          "x": 10,
          "y": 8
        }
      },
      {
        "id": "node_2",
        "name": "换电站_2",
        "distance": 7,
        "estimatedTime": 14,
        "position": {
          "x": 5,
          "y": 4
        }
      },
      {
        "id": "node_21",
        "name": "换电站_21",
        "distance": 8,
        "estimatedTime": 16,
        "position": {
          "x": 5,
          "y": 3
        }
      },
      {
        "id": "node_44",
        "name": "换电站_44",
        "distance": 9,
        "estimatedTime": 18,
        "position": {
          "x": 6,
          "y": 1
        }
      },
      {
        "id": "node_69",
        "name": "换电站_69",
        "distance": 9.414213562373096,
        "estimatedTime": 20.028427124746187,
        "position": {
          "x": 6,
          "y": 8
        }
      }
    ]
  }
}

--------------------------------------------------------------------------------

[AI Client] History limit reached. Trimmed to 25 non-system messages (removed 2 oldest messages)

──────────────────────────────────────────────────────────────────────
⏰ 时间: 18:30    | 🔄 迭代: 99
📍 位置: node_41    | 🔋 电量: 0.0% (0.0km)
💰 利润: ¥168.09   | ✅ 完成: 14 单
📦 背包: 空
💬 AI: Executed 1 tool call(s)

================================================================================
[对话轮次 #99] ASSISTANT
================================================================================

【Tool Calls】

  [1] move_to
  Arguments:
    {
        "targetLocationId": "node_41"
    }

================================================================================


--------------------------------------------------------------------------------
[对话轮次 #99] TOOL: move_to
--------------------------------------------------------------------------------

【Result】
{
  "success": true,
  "data": {
    "success": true,
    "timeCost": 32.48528137423857,
    "batteryCost": 0,
    "newPosition": "node_41",
    "distance": 5.414213562373095,
    "pushedDistance": 5.414213562373095
  }
}

--------------------------------------------------------------------------------

[AI Client] History limit reached. Trimmed to 25 non-system messages (removed 2 oldest messages)

──────────────────────────────────────────────────────────────────────
⏰ 时间: 18:31    | 🔄 迭代: 100
📍 位置: node_41    | 🔋 电量: 100.0% (50.0km)
💰 利润: ¥167.59   | ✅ 完成: 14 单
📦 背包: 空
💬 AI: Executed 1 tool call(s)

================================================================================
[对话轮次 #100] ASSISTANT
================================================================================

【Tool Calls】

  [1] swap_battery
  Arguments:
    {}

================================================================================


--------------------------------------------------------------------------------
[对话轮次 #100] TOOL: swap_battery
--------------------------------------------------------------------------------

【Result】
{
  "success": true,
  "data": {
    "success": true,
    "cost": 0.5,
    "timeCost": 1,
    "newBattery": 100
  }
}

--------------------------------------------------------------------------------

[OrderGenerator] Removing 4 expired order(s): order_37, order_40, order_42, order_43
[AI Client] History limit reached. Trimmed to 25 non-system messages (removed 2 oldest messages)

──────────────────────────────────────────────────────────────────────
⏰ 时间: 18:31    | 🔄 迭代: 101
📍 位置: node_41    | 🔋 电量: 100.0% (50.0km)
💰 利润: ¥167.59   | ✅ 完成: 14 单
📦 背包: 空
💬 AI: Executed 1 tool call(s)

================================================================================
[对话轮次 #101] ASSISTANT
================================================================================

【Tool Calls】

  [1] search_nearby_orders
  Arguments:
    {
        "radius": 10
    }

================================================================================


--------------------------------------------------------------------------------
[对话轮次 #101] TOOL: search_nearby_orders
--------------------------------------------------------------------------------

【Result】
{
  "success": true,
  "data": {
    "orders": [
      {
        "id": "order_44",
        "type": "food",
        "name": "[\"三鲜豆腐\"]",
        "deliveryFee": 10.787243607419077,
        "weight": 0.6083769308170304,
        "itemPrice": 28.3539137232583,
        "pickupLocation": "node_49",
        "deliveryLocation": "node_8",
        "distance": 9,
        "estimatedTimeLimit": 38
      },
      {
        "id": "order_45",
        "type": "food",
        "name": "[\"鲜果沙律虾\",\"马爹利\"]",
        "deliveryFee": 15.527830868714954,
        "weight": 0.5360684579936787,
        "itemPrice": 66.63429922773503,
        "pickupLocation": "node_42",
        "deliveryLocation": "node_56",
        "distance": 7,
        "estimatedTimeLimit": 32
      },
      {
        "id": "order_46",
        "type": "food",
        "name": "[\"焗肉排\"]",
        "deliveryFee": 3.65,
        "weight": 0.6218298452440649,
        "itemPrice": 15.595888125244528,
        "pickupLocation": "node_12",
        "deliveryLocation": "node_4",
        "distance": 3,
        "estimatedTimeLimit": 20
      }
    ]
  }
}

--------------------------------------------------------------------------------

[AI Client] History limit reached. Trimmed to 25 non-system messages (removed 2 oldest messages)

──────────────────────────────────────────────────────────────────────
⏰ 时间: 18:31    | 🔄 迭代: 102
📍 位置: node_41    | 🔋 电量: 100.0% (50.0km)
💰 利润: ¥167.59   | ✅ 完成: 14 单
📦 背包: 1/5 单 | ⚖️  重量: 0.54/10kg
   1. order_45 🍔 ⏳待取餐 - 0.54kg - ¥15.53
💬 AI: Executed 1 tool call(s)

================================================================================
[对话轮次 #102] ASSISTANT
================================================================================

【Tool Calls】

  [1] accept_order
  Arguments:
    {
        "orderId": "order_45"
    }

================================================================================


--------------------------------------------------------------------------------
[对话轮次 #102] TOOL: accept_order
--------------------------------------------------------------------------------

【Result】
{
  "success": true,
  "data": {
    "success": true,
    "order": {
      "id": "order_45",
      "type": "food",
      "name": "[\"鲜果沙律虾\",\"马爹利\"]",
      "pickupLocation": "node_42",
      "deliveryLocation": "node_56",
      "distance": 7,
      "itemPrice": 66.63429922773503,
      "deliveryFee": 15.527830868714954,
      "weight": 0.5360684579936787,
      "timeLimit": 32,
      "createdAt": 1111.8832611206853,
      "pickedUp": false,
      "delivered": false,
      "acceptedAt": 1111.8832611206853,
      "deadline": 1143.8832611206853
    }
  }
}

--------------------------------------------------------------------------------

[AI Client] History limit reached. Trimmed to 25 non-system messages (removed 2 oldest messages)
[AI Client] No user message in history after trim, re-anchored with a user query (llama.cpp multi_step_tool template requires it)

──────────────────────────────────────────────────────────────────────
⏰ 时间: 18:44    | 🔄 迭代: 103
📍 位置: node_42    | 🔋 电量: 87.2% (43.6km)
💰 利润: ¥167.59   | ✅ 完成: 14 单
📦 背包: 1/5 单 | ⚖️  重量: 0.54/10kg
   1. order_45 🍔 ⏳待取餐 - 0.54kg - ¥15.53
💬 AI: Executed 1 tool call(s)

================================================================================
[对话轮次 #103] ASSISTANT
================================================================================

【Tool Calls】

  [1] move_to
  Arguments:
    {
        "targetLocationId": "node_42"
    }

================================================================================


--------------------------------------------------------------------------------
[对话轮次 #103] TOOL: move_to
--------------------------------------------------------------------------------

【Result】
{
  "success": true,
  "data": {
    "success": true,
    "timeCost": 12.82842712474619,
    "batteryCost": 12.82842712474619,
    "newPosition": "node_42",
    "distance": 6.414213562373095
  }
}

--------------------------------------------------------------------------------

[AI Client] History limit reached. Trimmed to 25 non-system messages (removed 3 oldest messages)

──────────────────────────────────────────────────────────────────────
⏰ 时间: 18:46    | 🔄 迭代: 104
📍 位置: node_42    | 🔋 电量: 87.2% (43.6km)
💰 利润: ¥167.59   | ✅ 完成: 14 单
📦 背包: 1/5 单 | ⚖️  重量: 0.54/10kg
   1. order_45 🍔 ✓已取餐 - 0.54kg - ¥15.53
💬 AI: Executed 1 tool call(s)

================================================================================
[对话轮次 #104] ASSISTANT
================================================================================

【Tool Calls】

  [1] pickup_food
  Arguments:
    {
        "orderId": "order_45"
    }

================================================================================


--------------------------------------------------------------------------------
[对话轮次 #104] TOOL: pickup_food
--------------------------------------------------------------------------------

【Result】
{
  "success": true,
  "data": {
    "success": true,
    "timeCost": 2
  }
}

--------------------------------------------------------------------------------

[AI Client] History limit reached. Trimmed to 25 non-system messages (removed 2 oldest messages)

──────────────────────────────────────────────────────────────────────
⏰ 时间: 19:00    | 🔄 迭代: 105
📍 位置: node_56    | 🔋 电量: 73.2% (36.6km)
💰 利润: ¥167.59   | ✅ 完成: 14 单
📦 背包: 1/5 单 | ⚖️  重量: 0.54/10kg
   1. order_45 🍔 ✓已取餐 - 0.54kg - ¥15.53
💬 AI: Executed 1 tool call(s)

================================================================================
[对话轮次 #105] ASSISTANT
================================================================================

【Tool Calls】

  [1] move_to
  Arguments:
    {
        "targetLocationId": "node_56"
    }

================================================================================


--------------------------------------------------------------------------------
[对话轮次 #105] TOOL: move_to
--------------------------------------------------------------------------------

【Result】
{
  "success": true,
  "data": {
    "success": true,
    "timeCost": 14,
    "batteryCost": 14,
    "newPosition": "node_56",
    "distance": 7
  }
}

--------------------------------------------------------------------------------

[OrderGenerator] Removing 1 expired order(s): order_46
[AI Client] History limit reached. Trimmed to 25 non-system messages (removed 2 oldest messages)

──────────────────────────────────────────────────────────────────────
✅ 订单完成: order_45 🍔
   配送费: ¥15.53
   实际收入: ¥15.53
   状态: 准时完成
──────────────────────────────────────────────────────────────────────

──────────────────────────────────────────────────────────────────────
⏰ 时间: 19:01    | 🔄 迭代: 106
📍 位置: node_56    | 🔋 电量: 73.2% (36.6km)
💰 利润: ¥183.12   | ✅ 完成: 15 单
📦 背包: 空
💬 AI: Executed 1 tool call(s)

================================================================================
[对话轮次 #106] ASSISTANT
================================================================================

【Tool Calls】

  [1] deliver_food
  Arguments:
    {
        "orderId": "order_45"
    }

================================================================================


--------------------------------------------------------------------------------
[对话轮次 #106] TOOL: deliver_food
--------------------------------------------------------------------------------

【Result】
{
  "success": true,
  "data": {
    "success": true,
    "payment": 15.527830868714954,
    "overtime": 0,
    "penalty": 0,
    "timeCost": 1
  }
}

--------------------------------------------------------------------------------

[AI Client] History limit reached. Trimmed to 25 non-system messages (removed 2 oldest messages)

──────────────────────────────────────────────────────────────────────
⏰ 时间: 19:01    | 🔄 迭代: 107
📍 位置: node_56    | 🔋 电量: 73.2% (36.6km)
💰 利润: ¥183.12   | ✅ 完成: 15 单
📦 背包: 空
💬 AI: Executed 1 tool call(s)

================================================================================
[对话轮次 #107] ASSISTANT
================================================================================

【Tool Calls】

  [1] search_nearby_orders
  Arguments:
    {
        "radius": 10
    }

================================================================================


--------------------------------------------------------------------------------
[对话轮次 #107] TOOL: search_nearby_orders
--------------------------------------------------------------------------------

【Result】
{
  "success": true,
  "data": {
    "orders": [
      {
        "id": "order_47",
        "type": "food",
        "name": "[\"百花酿露笋\"]",
        "deliveryFee": 18.71472111988163,
        "weight": 0.5116058241110295,
        "itemPrice": 47.78059754171409,
        "pickupLocation": "node_40",
        "deliveryLocation": "node_6",
        "distance": 13.414213562373096,
        "estimatedTimeLimit": 51.24264068711929
      },
      {
        "id": "order_48",
        "type": "supermarket",
        "name": "[\"肉类\",\"蔬菜\",\"水果\"]",
        "deliveryFee": 16.752755854651333,
        "weight": 8.488435776671395,
        "itemPrice": 67.95738738030195,
        "pickupLocation": "node_85",
        "deliveryLocation": "node_79",
        "distance": 8,
        "estimatedTimeLimit": 35
      }
    ]
  }
}

--------------------------------------------------------------------------------

[AI Client] History limit reached. Trimmed to 25 non-system messages (removed 2 oldest messages)

──────────────────────────────────────────────────────────────────────
⏰ 时间: 19:01    | 🔄 迭代: 108
📍 位置: node_56    | 🔋 电量: 73.2% (36.6km)
💰 利润: ¥183.12   | ✅ 完成: 15 单
📦 背包: 1/5 单 | ⚖️  重量: 8.49/10kg
   1. order_48 🛒 ⏳待取餐 - 8.49kg - ¥16.75
💬 AI: Executed 1 tool call(s)

================================================================================
[对话轮次 #108] ASSISTANT
================================================================================

【Tool Calls】

  [1] accept_order
  Arguments:
    {
        "orderId": "order_48"
    }

================================================================================


--------------------------------------------------------------------------------
[对话轮次 #108] TOOL: accept_order
--------------------------------------------------------------------------------

【Result】
{
  "success": true,
  "data": {
    "success": true,
    "order": {
      "id": "order_48",
      "type": "supermarket",
      "name": "[\"肉类\",\"蔬菜\",\"水果\"]",
      "pickupLocation": "node_85",
      "deliveryLocation": "node_79",
      "distance": 8,
      "itemPrice": 67.95738738030195,
      "deliveryFee": 16.752755854651333,
      "weight": 8.488435776671395,
      "timeLimit": 35,
      "createdAt": 1140.7116882454316,
      "pickedUp": false,
      "delivered": false,
      "acceptedAt": 1141.7116882454316,
      "deadline": 1176.7116882454316
    }
  }
}

--------------------------------------------------------------------------------

[AI Client] History limit reached. Trimmed to 25 non-system messages (removed 2 oldest messages)

──────────────────────────────────────────────────────────────────────
⏰ 时间: 19:09    | 🔄 迭代: 109
📍 位置: node_85    | 🔋 电量: 65.2% (32.6km)
💰 利润: ¥183.12   | ✅ 完成: 15 单
📦 背包: 1/5 单 | ⚖️  重量: 8.49/10kg
   1. order_48 🛒 ⏳待取餐 - 8.49kg - ¥16.75
💬 AI: Executed 1 tool call(s)

================================================================================
[对话轮次 #109] ASSISTANT
================================================================================

【Tool Calls】

  [1] move_to
  Arguments:
    {
        "targetLocationId": "node_85"
    }

================================================================================


--------------------------------------------------------------------------------
[对话轮次 #109] TOOL: move_to
--------------------------------------------------------------------------------

【Result】
{
  "success": true,
  "data": {
    "success": true,
    "timeCost": 8,
    "batteryCost": 8,
    "newPosition": "node_85",
    "distance": 4
  }
}

--------------------------------------------------------------------------------

[AI Client] History limit reached. Trimmed to 25 non-system messages (removed 2 oldest messages)

──────────────────────────────────────────────────────────────────────
⏰ 时间: 19:11    | 🔄 迭代: 110
📍 位置: node_85    | 🔋 电量: 65.2% (32.6km)
💰 利润: ¥183.12   | ✅ 完成: 15 单
📦 背包: 1/5 单 | ⚖️  重量: 8.49/10kg
   1. order_48 🛒 ✓已取餐 - 8.49kg - ¥16.75
💬 AI: Executed 1 tool call(s)

================================================================================
[对话轮次 #110] ASSISTANT
================================================================================

【Tool Calls】

  [1] pickup_food
  Arguments:
    {
        "orderId": "order_48"
    }

================================================================================


--------------------------------------------------------------------------------
[对话轮次 #110] TOOL: pickup_food
--------------------------------------------------------------------------------

【Result】
{
  "success": true,
  "data": {
    "success": true,
    "timeCost": 2
  }
}

--------------------------------------------------------------------------------

[OrderGenerator] Removing 1 expired order(s): order_44
[AI Client] History limit reached. Trimmed to 25 non-system messages (removed 2 oldest messages)

──────────────────────────────────────────────────────────────────────
⏰ 时间: 19:27    | 🔄 迭代: 111
📍 位置: node_79    | 🔋 电量: 49.2% (24.6km)
💰 利润: ¥183.12   | ✅ 完成: 15 单
📦 背包: 1/5 单 | ⚖️  重量: 8.49/10kg
   1. order_48 🛒 ✓已取餐 - 8.49kg - ¥16.75
💬 AI: Executed 1 tool call(s)

================================================================================
[对话轮次 #111] ASSISTANT
================================================================================

【Tool Calls】

  [1] move_to
  Arguments:
    {
        "targetLocationId": "node_79"
    }

================================================================================


--------------------------------------------------------------------------------
[对话轮次 #111] TOOL: move_to
--------------------------------------------------------------------------------

【Result】
{
  "success": true,
  "data": {
    "success": true,
    "timeCost": 16,
    "batteryCost": 16,
    "newPosition": "node_79",
    "distance": 8
  }
}

--------------------------------------------------------------------------------

[AI Client] History limit reached. Trimmed to 25 non-system messages (removed 2 oldest messages)

──────────────────────────────────────────────────────────────────────
✅ 订单完成: order_48 🛒
   配送费: ¥16.75
   实际收入: ¥16.75
   状态: 准时完成
──────────────────────────────────────────────────────────────────────

──────────────────────────────────────────────────────────────────────
⏰ 时间: 19:28    | 🔄 迭代: 112
📍 位置: node_79    | 🔋 电量: 49.2% (24.6km)
💰 利润: ¥199.87   | ✅ 完成: 16 单
📦 背包: 空
💬 AI: Executed 1 tool call(s)

================================================================================
[对话轮次 #112] ASSISTANT
================================================================================

【Tool Calls】

  [1] deliver_food
  Arguments:
    {
        "orderId": "order_48"
    }

================================================================================


--------------------------------------------------------------------------------
[对话轮次 #112] TOOL: deliver_food
--------------------------------------------------------------------------------

【Result】
{
  "success": true,
  "data": {
    "success": true,
    "payment": 16.752755854651333,
    "overtime": 0,
    "penalty": 0,
    "timeCost": 1
  }
}

--------------------------------------------------------------------------------

[AI Client] History limit reached. Trimmed to 25 non-system messages (removed 2 oldest messages)

──────────────────────────────────────────────────────────────────────
⏰ 时间: 19:28    | 🔄 迭代: 113
📍 位置: node_79    | 🔋 电量: 49.2% (24.6km)
💰 利润: ¥199.87   | ✅ 完成: 16 单
📦 背包: 空
💬 AI: Executed 1 tool call(s)

================================================================================
[对话轮次 #113] ASSISTANT
================================================================================

【Tool Calls】

  [1] search_nearby_orders
  Arguments:
    {
        "radius": 10
    }

================================================================================


--------------------------------------------------------------------------------
[对话轮次 #113] TOOL: search_nearby_orders
--------------------------------------------------------------------------------

【Result】
{
  "success": true,
  "data": {
    "orders": [
      {
        "id": "order_47",
        "type": "food",
        "name": "[\"百花酿露笋\"]",
        "deliveryFee": 18.71472111988163,
        "weight": 0.5116058241110295,
        "itemPrice": 47.78059754171409,
        "pickupLocation": "node_40",
        "deliveryLocation": "node_6",
        "distance": 13.414213562373096,
        "estimatedTimeLimit": 51.24264068711929
      },
      {
        "id": "order_49",
        "type": "food",
        "name": "[\"五味豆腐\",\"草菇牛肉肠粉\"]",
        "deliveryFee": 10.645253090653569,
        "weight": 0.800135153112933,
        "itemPrice": 49.695850503630936,
        "pickupLocation": "node_87",
        "deliveryLocation": "node_61",
        "distance": 5,
        "estimatedTimeLimit": 26
      },
      {
        "id": "order_50",
        "type": "food",
        "name": "[\"牛肉炖土豆\"]",
        "deliveryFee": 13.571553185814992,
        "weight": 0.750475988490507,
        "itemPrice": 43.73085103230551,
        "pickupLocation": "node_49",
        "deliveryLocation": "node_81",
        "distance": 9,
        "estimatedTimeLimit": 38
      }
    ]
  }
}

--------------------------------------------------------------------------------

[AI Client] History limit reached. Trimmed to 25 non-system messages (removed 2 oldest messages)

──────────────────────────────────────────────────────────────────────
⏰ 时间: 19:38    | 🔄 迭代: 114
📍 位置: node_40    | 🔋 电量: 39.2% (19.6km)
💰 利润: ¥199.87   | ✅ 完成: 16 单
📦 背包: 空
💬 AI: Executed 1 tool call(s)

================================================================================
[对话轮次 #114] ASSISTANT
================================================================================

【Tool Calls】

  [1] move_to
  Arguments:
    {
        "targetLocationId": "node_40"
    }

================================================================================


--------------------------------------------------------------------------------
[对话轮次 #114] TOOL: move_to
--------------------------------------------------------------------------------

【Result】
{
  "success": true,
  "data": {
    "success": true,
    "timeCost": 10,
    "batteryCost": 10,
    "newPosition": "node_40",
    "distance": 5
  }
}

--------------------------------------------------------------------------------

[AI Client] History limit reached. Trimmed to 25 non-system messages (removed 2 oldest messages)

──────────────────────────────────────────────────────────────────────
⏰ 时间: 19:38    | 🔄 迭代: 115
📍 位置: node_40    | 🔋 电量: 39.2% (19.6km)
💰 利润: ¥199.87   | ✅ 完成: 16 单
📦 背包: 空
💬 AI: Executed 1 tool call(s)

================================================================================
[对话轮次 #115] ASSISTANT
================================================================================

【Tool Calls】

  [1] pickup_food
  Arguments:
    {
        "orderId": "order_47"
    }

================================================================================


--------------------------------------------------------------------------------
[对话轮次 #115] TOOL: pickup_food
--------------------------------------------------------------------------------

【Result】
{
  "success": false,
  "error": {
    "code": "ORDER_NOT_CARRIED",
    "message": "Order not in carried list: order_47",
    "details": {
      "orderId": "order_47"
    }
  }
}

--------------------------------------------------------------------------------

[OrderGenerator] Removing 1 expired order(s): order_49
[AI Client] History limit reached. Trimmed to 25 non-system messages (removed 2 oldest messages)
[AI Client] No user message in history after trim, re-anchored with a user query (llama.cpp multi_step_tool template requires it)

──────────────────────────────────────────────────────────────────────
⏰ 时间: 19:38    | 🔄 迭代: 116
📍 位置: node_40    | 🔋 电量: 39.2% (19.6km)
💰 利润: ¥199.87   | ✅ 完成: 16 单
📦 背包: 1/5 单 | ⚖️  重量: 0.51/10kg
   1. order_47 🍔 ⏳待取餐 - 0.51kg - ¥18.71
💬 AI: Executed 2 tool call(s)

================================================================================
[对话轮次 #116] ASSISTANT
================================================================================

【Tool Calls】

  [1] accept_order
  Arguments:
    {
        "orderId": "order_47"
    }

  [2] accept_order
  Arguments:
    {
        "orderId": "order_49"
    }

================================================================================


--------------------------------------------------------------------------------
[对话轮次 #116] TOOL: accept_order
--------------------------------------------------------------------------------

【Result】
{
  "success": true,
  "data": {
    "success": true,
    "order": {
      "id": "order_47",
      "type": "food",
      "name": "[\"百花酿露笋\"]",
      "pickupLocation": "node_40",
      "deliveryLocation": "node_6",
      "distance": 13.414213562373096,
      "itemPrice": 47.78059754171409,
      "deliveryFee": 18.71472111988163,
      "weight": 0.5116058241110295,
      "timeLimit": 51.24264068711929,
      "createdAt": 1140.7116882454316,
      "pickedUp": false,
      "delivered": false,
      "acceptedAt": 1178.7116882454316,
      "deadline": 1229.9543289325509
    }
  }
}

--------------------------------------------------------------------------------


--------------------------------------------------------------------------------
[对话轮次 #116] TOOL: accept_order
--------------------------------------------------------------------------------

【Result】
{
  "success": false,
  "error": {
    "code": "INVALID_ORDER",
    "message": "Order not found: order_49",
    "details": {
      "orderId": "order_49"
    }
  }
}

--------------------------------------------------------------------------------

[AI Client] History limit reached. Trimmed to 25 non-system messages (removed 4 oldest messages)

──────────────────────────────────────────────────────────────────────
⏰ 时间: 19:40    | 🔄 迭代: 117
📍 位置: node_40    | 🔋 电量: 39.2% (19.6km)
💰 利润: ¥199.87   | ✅ 完成: 16 单
📦 背包: 1/5 单 | ⚖️  重量: 0.51/10kg
   1. order_47 🍔 ✓已取餐 - 0.51kg - ¥18.71
💬 AI: Executed 2 tool call(s)

================================================================================
[对话轮次 #117] ASSISTANT
================================================================================

【Tool Calls】

  [1] pickup_food
  Arguments:
    {
        "orderId": "order_47"
    }

  [2] search_nearby_battery_stations
  Arguments:
    {
        "radius": 10
    }

================================================================================


--------------------------------------------------------------------------------
[对话轮次 #117] TOOL: pickup_food
--------------------------------------------------------------------------------

【Result】
{
  "success": true,
  "data": {
    "success": true,
    "timeCost": 2
  }
}

--------------------------------------------------------------------------------


--------------------------------------------------------------------------------
[对话轮次 #117] TOOL: search_nearby_battery_stations
--------------------------------------------------------------------------------

【Result】
{
  "success": true,
  "data": {
    "stations": [
      {
        "id": "node_41",
        "name": "换电站_41",
        "distance": 3,
        "estimatedTime": 6,
        "position": {
          "x": 10,
          "y": 8
        }
      },
      {
        "id": "node_65",
        "name": "换电站_65",
        "distance": 6,
        "estimatedTime": 12,
        "position": {
          "x": 11,
          "y": 14
        }
      },
      {
        "id": "node_69",
        "name": "换电站_69",
        "distance": 7,
        "estimatedTime": 14,
        "position": {
          "x": 6,
          "y": 8
        }
      },
      {
        "id": "node_97",
        "name": "换电站_97",
        "distance": 9,
        "estimatedTime": 18,
        "position": {
          "x": 3,
          "y": 9
        }
      },
      {
        "id": "node_5",
        "name": "换电站_5",
        "distance": 9.414213562373096,
        "estimatedTime": 18.82842712474619,
        "position": {
          "x": 4,
          "y": 11
        }
      }
    ]
  }
}

--------------------------------------------------------------------------------

[AI Client] History limit reached. Trimmed to 25 non-system messages (removed 3 oldest messages)

──────────────────────────────────────────────────────────────────────
⏰ 时间: 19:46    | 🔄 迭代: 118
📍 位置: node_41    | 🔋 电量: 33.2% (16.6km)
💰 利润: ¥199.87   | ✅ 完成: 16 单
📦 背包: 1/5 单 | ⚖️  重量: 0.51/10kg
   1. order_47 🍔 ✓已取餐 - 0.51kg - ¥18.71
💬 AI: Executed 1 tool call(s)

================================================================================
[对话轮次 #118] ASSISTANT
================================================================================

【Tool Calls】

  [1] move_to
  Arguments:
    {
        "targetLocationId": "node_41"
    }

================================================================================


--------------------------------------------------------------------------------
[对话轮次 #118] TOOL: move_to
--------------------------------------------------------------------------------

【Result】
{
  "success": true,
  "data": {
    "success": true,
    "timeCost": 6,
    "batteryCost": 6,
    "newPosition": "node_41",
    "distance": 3
  }
}

--------------------------------------------------------------------------------

[AI Client] History limit reached. Trimmed to 25 non-system messages (removed 2 oldest messages)

──────────────────────────────────────────────────────────────────────
⏰ 时间: 19:47    | 🔄 迭代: 119
📍 位置: node_41    | 🔋 电量: 100.0% (50.0km)
💰 利润: ¥199.37   | ✅ 完成: 16 单
📦 背包: 1/5 单 | ⚖️  重量: 0.51/10kg
   1. order_47 🍔 ✓已取餐 - 0.51kg - ¥18.71
💬 AI: Executed 1 tool call(s)

================================================================================
[对话轮次 #119] ASSISTANT
================================================================================

【Tool Calls】

  [1] swap_battery
  Arguments:
    {}

================================================================================


--------------------------------------------------------------------------------
[对话轮次 #119] TOOL: swap_battery
--------------------------------------------------------------------------------

【Result】
{
  "success": true,
  "data": {
    "success": true,
    "cost": 0.5,
    "timeCost": 1,
    "newBattery": 100
  }
}

--------------------------------------------------------------------------------

[AI Client] History limit reached. Trimmed to 25 non-system messages (removed 2 oldest messages)

──────────────────────────────────────────────────────────────────────
⏰ 时间: 20:12    | 🔄 迭代: 120
📍 位置: node_6     | 🔋 电量: 75.2% (37.6km)
💰 利润: ¥199.37   | ✅ 完成: 16 单
📦 背包: 1/5 单 | ⚖️  重量: 0.51/10kg
   1. order_47 🍔 ✓已取餐 - 0.51kg - ¥18.71
💬 AI: Executed 1 tool call(s)

================================================================================
[对话轮次 #120] ASSISTANT
================================================================================

【Tool Calls】

  [1] move_to
  Arguments:
    {
        "targetLocationId": "node_6"
    }

================================================================================


--------------------------------------------------------------------------------
[对话轮次 #120] TOOL: move_to
--------------------------------------------------------------------------------

【Result】
{
  "success": true,
  "data": {
    "success": true,
    "timeCost": 24.82842712474619,
    "batteryCost": 24.82842712474619,
    "newPosition": "node_6",
    "distance": 12.414213562373096
  }
}

--------------------------------------------------------------------------------

[OrderGenerator] Removing 3 expired order(s): order_50, order_51, order_52
[AI Client] History limit reached. Trimmed to 25 non-system messages (removed 2 oldest messages)

──────────────────────────────────────────────────────────────────────
✅ 订单完成: order_47 🍔
   配送费: ¥18.71
   实际收入: ¥18.71
   状态: 准时完成
──────────────────────────────────────────────────────────────────────

──────────────────────────────────────────────────────────────────────
⏰ 时间: 20:13    | 🔄 迭代: 121
📍 位置: node_6     | 🔋 电量: 75.2% (37.6km)
💰 利润: ¥218.09   | ✅ 完成: 17 单
📦 背包: 空
💬 AI: Executed 1 tool call(s)

================================================================================
[对话轮次 #121] ASSISTANT
================================================================================

【Tool Calls】

  [1] deliver_food
  Arguments:
    {
        "orderId": "order_47"
    }

================================================================================


--------------------------------------------------------------------------------
[对话轮次 #121] TOOL: deliver_food
--------------------------------------------------------------------------------

【Result】
{
  "success": true,
  "data": {
    "success": true,
    "payment": 18.71472111988163,
    "overtime": 0,
    "penalty": 0,
    "timeCost": 1
  }
}

--------------------------------------------------------------------------------

[AI Client] History limit reached. Trimmed to 25 non-system messages (removed 2 oldest messages)

──────────────────────────────────────────────────────────────────────
⏰ 时间: 20:13    | 🔄 迭代: 122
📍 位置: node_6     | 🔋 电量: 75.2% (37.6km)
💰 利润: ¥218.09   | ✅ 完成: 17 单
📦 背包: 空
💬 AI: Executed 1 tool call(s)

================================================================================
[对话轮次 #122] ASSISTANT
================================================================================

【Tool Calls】

  [1] search_nearby_orders
  Arguments:
    {
        "radius": 10
    }

================================================================================


--------------------------------------------------------------------------------
[对话轮次 #122] TOOL: search_nearby_orders
--------------------------------------------------------------------------------

【Result】
{
  "success": true,
  "data": {
    "orders": []
  }
}

--------------------------------------------------------------------------------

[AI Client] History limit reached. Trimmed to 25 non-system messages (removed 2 oldest messages)

──────────────────────────────────────────────────────────────────────
⏰ 时间: 20:23    | 🔄 迭代: 123
📍 位置: node_6     | 🔋 电量: 75.2% (37.6km)
💰 利润: ¥218.09   | ✅ 完成: 17 单
📦 背包: 空
💬 AI: Executed 1 tool call(s)

================================================================================
[对话轮次 #123] ASSISTANT
================================================================================

【Tool Calls】

  [1] wait
  Arguments:
    {
        "minutes": 5
    }

================================================================================


--------------------------------------------------------------------------------
[对话轮次 #123] TOOL: wait
--------------------------------------------------------------------------------

【Result】
{
  "success": true,
  "data": {
    "success": true,
    "timeCost": 5,
    "previousTime": 1213.5401153701778,
    "currentTime": 1218.5401153701778,
    "newOrdersGenerated": 3,
    "expiredOrders": 0,
    "message": "Waited 5 minutes. Time advanced from 20:13.540115370177773 to 20:18.540115370177773."
  }
}

--------------------------------------------------------------------------------

[AI Client] History limit reached. Trimmed to 25 non-system messages (removed 2 oldest messages)

──────────────────────────────────────────────────────────────────────
⏰ 时间: 20:23    | 🔄 迭代: 124
📍 位置: node_6     | 🔋 电量: 75.2% (37.6km)
💰 利润: ¥218.09   | ✅ 完成: 17 单
📦 背包: 空
💬 AI: Executed 1 tool call(s)

================================================================================
[对话轮次 #124] ASSISTANT
================================================================================

【Tool Calls】

  [1] search_nearby_orders
  Arguments:
    {
        "radius": 10
    }

================================================================================


--------------------------------------------------------------------------------
[对话轮次 #124] TOOL: search_nearby_orders
--------------------------------------------------------------------------------

【Result】
{
  "success": true,
  "data": {
    "orders": [
      {
        "id": "order_56",
        "type": "food",
        "name": "[\"极品山珍汤\"]",
        "deliveryFee": 15.956500979326666,
        "weight": 0.6403790711192414,
        "itemPrice": 40.313894329592586,
        "pickupLocation": "node_63",
        "deliveryLocation": "node_4",
        "distance": 12,
        "estimatedTimeLimit": 47
      },
      {
        "id": "order_58",
        "type": "food",
        "name": "[\"咸菜虾仁\",\"夹沙肉\",\"沙城长城干红五星\"]",
        "deliveryFee": 14.2169461032497,
        "weight": 0.6790922411018983,
        "itemPrice": 74.13372082868591,
        "pickupLocation": "node_63",
        "deliveryLocation": "node_35",
        "distance": 4.414213562373095,
        "estimatedTimeLimit": 24.242640687119284
      }
    ]
  }
}

--------------------------------------------------------------------------------

[AI Client] History limit reached. Trimmed to 25 non-system messages (removed 2 oldest messages)

──────────────────────────────────────────────────────────────────────
⏰ 时间: 20:23    | 🔄 迭代: 125
📍 位置: node_6     | 🔋 电量: 75.2% (37.6km)
💰 利润: ¥218.09   | ✅ 完成: 17 单
📦 背包: 1/5 单 | ⚖️  重量: 0.68/10kg
   1. order_58 🍔 ⏳待取餐 - 0.68kg - ¥14.22
💬 AI: Executed 1 tool call(s)

================================================================================
[对话轮次 #125] ASSISTANT
================================================================================

【Tool Calls】

  [1] accept_order
  Arguments:
    {
        "orderId": "order_58"
    }

================================================================================


--------------------------------------------------------------------------------
[对话轮次 #125] TOOL: accept_order
--------------------------------------------------------------------------------

【Result】
{
  "success": true,
  "data": {
    "success": true,
    "order": {
      "id": "order_58",
      "type": "food",
      "name": "[\"咸菜虾仁\",\"夹沙肉\",\"沙城长城干红五星\"]",
      "pickupLocation": "node_63",
      "deliveryLocation": "node_35",
      "distance": 4.414213562373095,
      "itemPrice": 74.13372082868591,
      "deliveryFee": 14.2169461032497,
      "weight": 0.6790922411018983,
      "timeLimit": 24.242640687119284,
      "createdAt": 1218.5401153701778,
      "pickedUp": false,
      "delivered": false,
      "acceptedAt": 1223.5401153701778,
      "deadline": 1247.782756057297
    }
  }
}

--------------------------------------------------------------------------------

[AI Client] History limit reached. Trimmed to 25 non-system messages (removed 2 oldest messages)

──────────────────────────────────────────────────────────────────────
⏰ 时间: 20:35    | 🔄 迭代: 126
📍 位置: node_63    | 🔋 电量: 63.2% (31.6km)
💰 利润: ¥218.09   | ✅ 完成: 17 单
📦 背包: 1/5 单 | ⚖️  重量: 0.68/10kg
   1. order_58 🍔 ⏳待取餐 - 0.68kg - ¥14.22
💬 AI: Executed 1 tool call(s)

================================================================================
[对话轮次 #126] ASSISTANT
================================================================================

【Tool Calls】

  [1] move_to
  Arguments:
    {
        "targetLocationId": "node_63"
    }

================================================================================


--------------------------------------------------------------------------------
[对话轮次 #126] TOOL: move_to
--------------------------------------------------------------------------------

【Result】
{
  "success": true,
  "data": {
    "success": true,
    "timeCost": 12,
    "batteryCost": 12,
    "newPosition": "node_63",
    "distance": 6
  }
}

--------------------------------------------------------------------------------

[AI Client] History limit reached. Trimmed to 25 non-system messages (removed 2 oldest messages)

──────────────────────────────────────────────────────────────────────
⏰ 时间: 20:37    | 🔄 迭代: 127
📍 位置: node_63    | 🔋 电量: 63.2% (31.6km)
💰 利润: ¥218.09   | ✅ 完成: 17 单
📦 背包: 1/5 单 | ⚖️  重量: 0.68/10kg
   1. order_58 🍔 ✓已取餐 - 0.68kg - ¥14.22
💬 AI: Executed 1 tool call(s)

================================================================================
[对话轮次 #127] ASSISTANT
================================================================================

【Tool Calls】

  [1] pickup_food
  Arguments:
    {
        "orderId": "order_58"
    }

================================================================================


--------------------------------------------------------------------------------
[对话轮次 #127] TOOL: pickup_food
--------------------------------------------------------------------------------

【Result】
{
  "success": true,
  "data": {
    "success": true,
    "timeCost": 2
  }
}

--------------------------------------------------------------------------------

[AI Client] History limit reached. Trimmed to 25 non-system messages (removed 2 oldest messages)
[AI Client] No user message in history after trim, re-anchored with a user query (llama.cpp multi_step_tool template requires it)

──────────────────────────────────────────────────────────────────────
⏰ 时间: 20:46    | 🔄 迭代: 128
📍 位置: node_35    | 🔋 电量: 54.3% (27.2km)
💰 利润: ¥218.09   | ✅ 完成: 17 单
📦 背包: 1/5 单 | ⚖️  重量: 0.68/10kg
   1. order_58 🍔 ✓已取餐 - 0.68kg - ¥14.22
💬 AI: Executed 1 tool call(s)

================================================================================
[对话轮次 #128] ASSISTANT
================================================================================

【Tool Calls】

  [1] move_to
  Arguments:
    {
        "targetLocationId": "node_35"
    }

================================================================================


--------------------------------------------------------------------------------
[对话轮次 #128] TOOL: move_to
--------------------------------------------------------------------------------

【Result】
{
  "success": true,
  "data": {
    "success": true,
    "timeCost": 8.82842712474619,
    "batteryCost": 8.82842712474619,
    "newPosition": "node_35",
    "distance": 4.414213562373095
  }
}

--------------------------------------------------------------------------------

[AI Client] History limit reached. Trimmed to 25 non-system messages (removed 3 oldest messages)

──────────────────────────────────────────────────────────────────────
✅ 订单完成: order_58 🍔
   配送费: ¥14.22
   实际收入: ¥14.22
   状态: 准时完成
──────────────────────────────────────────────────────────────────────

──────────────────────────────────────────────────────────────────────
⏰ 时间: 20:47    | 🔄 迭代: 129
📍 位置: node_35    | 🔋 电量: 54.3% (27.2km)
💰 利润: ¥232.30   | ✅ 完成: 18 单
📦 背包: 空
💬 AI: Executed 1 tool call(s)

================================================================================
[对话轮次 #129] ASSISTANT
================================================================================

【Tool Calls】

  [1] deliver_food
  Arguments:
    {
        "orderId": "order_58"
    }

================================================================================


--------------------------------------------------------------------------------
[对话轮次 #129] TOOL: deliver_food
--------------------------------------------------------------------------------

【Result】
{
  "success": true,
  "data": {
    "success": true,
    "payment": 14.2169461032497,
    "overtime": 0,
    "penalty": 0,
    "timeCost": 1
  }
}

--------------------------------------------------------------------------------

[AI Client] History limit reached. Trimmed to 25 non-system messages (removed 2 oldest messages)

──────────────────────────────────────────────────────────────────────
⏰ 时间: 20:47    | 🔄 迭代: 130
📍 位置: node_35    | 🔋 电量: 54.3% (27.2km)
💰 利润: ¥232.30   | ✅ 完成: 18 单
📦 背包: 空
💬 AI: Executed 1 tool call(s)

================================================================================
[对话轮次 #130] ASSISTANT
================================================================================

【Tool Calls】

  [1] search_nearby_orders
  Arguments:
    {
        "radius": 10
    }

================================================================================


--------------------------------------------------------------------------------
[对话轮次 #130] TOOL: search_nearby_orders
--------------------------------------------------------------------------------

【Result】
{
  "success": true,
  "data": {
    "orders": [
      {
        "id": "order_55",
        "type": "supermarket",
        "name": "[\"零食\",\"蔬菜\",\"日用品\",\"清洁用品\"]",
        "deliveryFee": 14.792995515372604,
        "weight": 7.98796865157783,
        "itemPrice": 56.42938538454473,
        "pickupLocation": "node_75",
        "deliveryLocation": "node_31",
        "distance": 8,
        "estimatedTimeLimit": 35
      },
      {
        "id": "order_56",
        "type": "food",
        "name": "[\"极品山珍汤\"]",
        "deliveryFee": 15.956500979326666,
        "weight": 0.6403790711192414,
        "itemPrice": 40.313894329592586,
        "pickupLocation": "node_63",
        "deliveryLocation": "node_4",
        "distance": 12,
        "estimatedTimeLimit": 47
      },
      {
        "id": "order_57",
        "type": "food",
        "name": "[\"木耳过油肉\",\"原笼糯米蒸蟹\",\"鲍鱼丝金菇焖伊面\",\"巧克力奶\"]",
        "deliveryFee": 11.51376788179623,
        "weight": 0.8990514241158962,
        "itemPrice": 69.49275224586017,
        "pickupLocation": "node_7",
        "deliveryLocation": "node_51",
        "distance": 3,
        "estimatedTimeLimit": 20
      },
      {
        "id": "order_59",
        "type": "supermarket",
        "name": "[\"饮料\",\"蔬菜\",\"日用品\",\"清洁用品\"]",
        "deliveryFee": 18.412574066314846,
        "weight": 9.755186871625483,
        "itemPrice": 71.83867097832263,
        "pickupLocation": "node_67",
        "deliveryLocation": "node_61",
        "distance": 9,
        "estimatedTimeLimit": 38
      },
      {
        "id": "order_60",
        "type": "food",
        "name": "[\"荷香蒸乳鸽\"]",
        "deliveryFee": 7.017820647405461,
        "weight": 0.5230318928370252,
        "itemPrice": 35.099003596697,
        "pickupLocation": "node_23",
        "deliveryLocation": "node_57",
        "distance": 4,
        "estimatedTimeLimit": 23
      }
    ]
  }
}

--------------------------------------------------------------------------------

[OrderGenerator] Removing 3 expired order(s): order_54, order_57, order_60
[AI Client] History limit reached. Trimmed to 25 non-system messages (removed 2 oldest messages)

──────────────────────────────────────────────────────────────────────
⏰ 时间: 20:47    | 🔄 迭代: 131
📍 位置: node_35    | 🔋 电量: 54.3% (27.2km)
💰 利润: ¥232.30   | ✅ 完成: 18 单
📦 背包: 空
💬 AI: Executed 1 tool call(s)

================================================================================
[对话轮次 #131] ASSISTANT
================================================================================

【Tool Calls】

  [1] accept_order
  Arguments:
    {
        "orderId": "order_57"
    }

================================================================================


--------------------------------------------------------------------------------
[对话轮次 #131] TOOL: accept_order
--------------------------------------------------------------------------------

【Result】
{
  "success": false,
  "error": {
    "code": "INVALID_ORDER",
    "message": "Order not found: order_57",
    "details": {
      "orderId": "order_57"
    }
  }
}

--------------------------------------------------------------------------------

[AI Client] History limit reached. Trimmed to 25 non-system messages (removed 2 oldest messages)

──────────────────────────────────────────────────────────────────────
⏰ 时间: 20:47    | 🔄 迭代: 132
📍 位置: node_35    | 🔋 电量: 54.3% (27.2km)
💰 利润: ¥232.30   | ✅ 完成: 18 单
📦 背包: 空
💬 AI: Executed 1 tool call(s)

================================================================================
[对话轮次 #132] ASSISTANT
================================================================================

【Tool Calls】

  [1] accept_order
  Arguments:
    {
        "orderId": "order_60"
    }

================================================================================


--------------------------------------------------------------------------------
[对话轮次 #132] TOOL: accept_order
--------------------------------------------------------------------------------

【Result】
{
  "success": false,
  "error": {
    "code": "INVALID_ORDER",
    "message": "Order not found: order_60",
    "details": {
      "orderId": "order_60"
    }
  }
}

--------------------------------------------------------------------------------

[AI Client] History limit reached. Trimmed to 25 non-system messages (removed 2 oldest messages)

──────────────────────────────────────────────────────────────────────
⏰ 时间: 20:47    | 🔄 迭代: 133
📍 位置: node_35    | 🔋 电量: 54.3% (27.2km)
💰 利润: ¥232.30   | ✅ 完成: 18 单
📦 背包: 空
💬 AI: Executed 1 tool call(s)

================================================================================
[对话轮次 #133] ASSISTANT
================================================================================

【Tool Calls】

  [1] search_nearby_orders
  Arguments:
    {
        "radius": 10
    }

================================================================================


--------------------------------------------------------------------------------
[对话轮次 #133] TOOL: search_nearby_orders
--------------------------------------------------------------------------------

【Result】
{
  "success": true,
  "data": {
    "orders": [
      {
        "id": "order_55",
        "type": "supermarket",
        "name": "[\"零食\",\"蔬菜\",\"日用品\",\"清洁用品\"]",
        "deliveryFee": 14.792995515372604,
        "weight": 7.98796865157783,
        "itemPrice": 56.42938538454473,
        "pickupLocation": "node_75",
        "deliveryLocation": "node_31",
        "distance": 8,
        "estimatedTimeLimit": 35
      },
      {
        "id": "order_56",
        "type": "food",
        "name": "[\"极品山珍汤\"]",
        "deliveryFee": 15.956500979326666,
        "weight": 0.6403790711192414,
        "itemPrice": 40.313894329592586,
        "pickupLocation": "node_63",
        "deliveryLocation": "node_4",
        "distance": 12,
        "estimatedTimeLimit": 47
      },
      {
        "id": "order_59",
        "type": "supermarket",
        "name": "[\"饮料\",\"蔬菜\",\"日用品\",\"清洁用品\"]",
        "deliveryFee": 18.412574066314846,
        "weight": 9.755186871625483,
        "itemPrice": 71.83867097832263,
        "pickupLocation": "node_67",
        "deliveryLocation": "node_61",
        "distance": 9,
        "estimatedTimeLimit": 38
      },
      {
        "id": "order_62",
        "type": "supermarket",
        "name": "[\"水果\",\"清洁用品\",\"蔬菜\"]",
        "deliveryFee": 14.443759584985674,
        "weight": 8.81869197357446,
        "itemPrice": 54.37505638226867,
        "pickupLocation": "node_67",
        "deliveryLocation": "node_25",
        "distance": 8,
        "estimatedTimeLimit": 35
      }
    ]
  }
}

--------------------------------------------------------------------------------

[AI Client] History limit reached. Trimmed to 25 non-system messages (removed 2 oldest messages)

──────────────────────────────────────────────────────────────────────
⏰ 时间: 20:47    | 🔄 迭代: 134
📍 位置: node_35    | 🔋 电量: 54.3% (27.2km)
💰 利润: ¥232.30   | ✅ 完成: 18 单
📦 背包: 1/5 单 | ⚖️  重量: 0.64/10kg
   1. order_56 🍔 ⏳待取餐 - 0.64kg - ¥15.96
💬 AI: Executed 1 tool call(s)

================================================================================
[对话轮次 #134] ASSISTANT
================================================================================

【Tool Calls】

  [1] accept_order
  Arguments:
    {
        "orderId": "order_56"
    }

================================================================================


--------------------------------------------------------------------------------
[对话轮次 #134] TOOL: accept_order
--------------------------------------------------------------------------------

【Result】
{
  "success": true,
  "data": {
    "success": true,
    "order": {
      "id": "order_56",
      "type": "food",
      "name": "[\"极品山珍汤\"]",
      "pickupLocation": "node_63",
      "deliveryLocation": "node_4",
      "distance": 12,
      "itemPrice": 40.313894329592586,
      "deliveryFee": 15.956500979326666,
      "weight": 0.6403790711192414,
      "timeLimit": 47,
      "createdAt": 1218.5401153701778,
      "pickedUp": false,
      "delivered": false,
      "acceptedAt": 1247.368542494924,
      "deadline": 1294.368542494924
    }
  }
}

--------------------------------------------------------------------------------

[AI Client] History limit reached. Trimmed to 25 non-system messages (removed 2 oldest messages)

──────────────────────────────────────────────────────────────────────
⏰ 时间: 20:56    | 🔄 迭代: 135
📍 位置: node_63    | 🔋 电量: 45.5% (22.8km)
💰 利润: ¥232.30   | ✅ 完成: 18 单
📦 背包: 1/5 单 | ⚖️  重量: 0.64/10kg
   1. order_56 🍔 ⏳待取餐 - 0.64kg - ¥15.96
💬 AI: Executed 1 tool call(s)

================================================================================
[对话轮次 #135] ASSISTANT
================================================================================

【Tool Calls】

  [1] move_to
  Arguments:
    {
        "targetLocationId": "node_63"
    }

================================================================================


--------------------------------------------------------------------------------
[对话轮次 #135] TOOL: move_to
--------------------------------------------------------------------------------

【Result】
{
  "success": true,
  "data": {
    "success": true,
    "timeCost": 8.82842712474619,
    "batteryCost": 8.82842712474619,
    "newPosition": "node_63",
    "distance": 4.414213562373095
  }
}

--------------------------------------------------------------------------------

[OrderGenerator] Removing 1 expired order(s): order_55
[AI Client] History limit reached. Trimmed to 25 non-system messages (removed 2 oldest messages)

──────────────────────────────────────────────────────────────────────
⏰ 时间: 20:58    | 🔄 迭代: 136
📍 位置: node_63    | 🔋 电量: 45.5% (22.8km)
💰 利润: ¥232.30   | ✅ 完成: 18 单
📦 背包: 1/5 单 | ⚖️  重量: 0.64/10kg
   1. order_56 🍔 ✓已取餐 - 0.64kg - ¥15.96
💬 AI: Executed 1 tool call(s)

================================================================================
[对话轮次 #136] ASSISTANT
================================================================================

【Tool Calls】

  [1] pickup_food
  Arguments:
    {
        "orderId": "order_56"
    }

================================================================================


--------------------------------------------------------------------------------
[对话轮次 #136] TOOL: pickup_food
--------------------------------------------------------------------------------

【Result】
{
  "success": true,
  "data": {
    "success": true,
    "timeCost": 2
  }
}

--------------------------------------------------------------------------------

[AI Client] History limit reached. Trimmed to 25 non-system messages (removed 2 oldest messages)

──────────────────────────────────────────────────────────────────────
⏰ 时间: 21:22    | 🔄 迭代: 137
📍 位置: node_4     | 🔋 电量: 21.5% (10.8km)
💰 利润: ¥232.30   | ✅ 完成: 18 单
📦 背包: 1/5 单 | ⚖️  重量: 0.64/10kg
   1. order_56 🍔 ✓已取餐 - 0.64kg - ¥15.96
💬 AI: Executed 1 tool call(s)

================================================================================
[对话轮次 #137] ASSISTANT
================================================================================

【Tool Calls】

  [1] move_to
  Arguments:
    {
        "targetLocationId": "node_4"
    }

================================================================================


--------------------------------------------------------------------------------
[对话轮次 #137] TOOL: move_to
--------------------------------------------------------------------------------

【Result】
{
  "success": true,
  "data": {
    "success": true,
    "timeCost": 24,
    "batteryCost": 24,
    "newPosition": "node_4",
    "distance": 12
  }
}

--------------------------------------------------------------------------------

[AI Client] History limit reached. Trimmed to 25 non-system messages (removed 2 oldest messages)

──────────────────────────────────────────────────────────────────────
✅ 订单完成: order_56 🍔
   配送费: ¥15.96
   实际收入: ¥15.96
   状态: 准时完成
──────────────────────────────────────────────────────────────────────

──────────────────────────────────────────────────────────────────────
⏰ 时间: 21:23    | 🔄 迭代: 138
📍 位置: node_4     | 🔋 电量: 21.5% (10.8km)
💰 利润: ¥248.26   | ✅ 完成: 19 单
📦 背包: 空
💬 AI: Executed 1 tool call(s)

================================================================================
[对话轮次 #138] ASSISTANT
================================================================================

【Tool Calls】

  [1] deliver_food
  Arguments:
    {
        "orderId": "order_56"
    }

================================================================================


--------------------------------------------------------------------------------
[对话轮次 #138] TOOL: deliver_food
--------------------------------------------------------------------------------

【Result】
{
  "success": true,
  "data": {
    "success": true,
    "payment": 15.956500979326666,
    "overtime": 0,
    "penalty": 0,
    "timeCost": 1
  }
}

--------------------------------------------------------------------------------

[AI Client] History limit reached. Trimmed to 25 non-system messages (removed 2 oldest messages)

──────────────────────────────────────────────────────────────────────
⏰ 时间: 21:23    | 🔄 迭代: 139
📍 位置: node_4     | 🔋 电量: 21.5% (10.8km)
💰 利润: ¥248.26   | ✅ 完成: 19 单
📦 背包: 空
💬 AI: Executed 1 tool call(s)

================================================================================
[对话轮次 #139] ASSISTANT
================================================================================

【Tool Calls】

  [1] search_nearby_orders
  Arguments:
    {
        "radius": 10
    }

================================================================================


--------------------------------------------------------------------------------
[对话轮次 #139] TOOL: search_nearby_orders
--------------------------------------------------------------------------------

【Result】
{
  "success": true,
  "data": {
    "orders": [
      {
        "id": "order_59",
        "type": "supermarket",
        "name": "[\"饮料\",\"蔬菜\",\"日用品\",\"清洁用品\"]",
        "deliveryFee": 18.412574066314846,
        "weight": 9.755186871625483,
        "itemPrice": 71.83867097832263,
        "pickupLocation": "node_67",
        "deliveryLocation": "node_61",
        "distance": 9,
        "estimatedTimeLimit": 38
      },
      {
        "id": "order_61",
        "type": "food",
        "name": "[\"美味牛筋\"]",
        "deliveryFee": 7.231775644805748,
        "weight": 0.5219486831920221,
        "itemPrice": 25.43039813055657,
        "pickupLocation": "node_58",
        "deliveryLocation": "node_59",
        "distance": 6,
        "estimatedTimeLimit": 29
      },
      {
        "id": "order_62",
        "type": "supermarket",
        "name": "[\"水果\",\"清洁用品\",\"蔬菜\"]",
        "deliveryFee": 14.443759584985674,
        "weight": 8.81869197357446,
        "itemPrice": 54.37505638226867,
        "pickupLocation": "node_67",
        "deliveryLocation": "node_25",
        "distance": 8,
        "estimatedTimeLimit": 35
      },
      {
        "id": "order_64",
        "type": "food",
        "name": "[\"跳水木耳\",\"红烧牛腩饭\"]",
        "deliveryFee": 14.393832477915566,
        "weight": 0.809670350048691,
        "itemPrice": 59.96372045832686,
        "pickupLocation": "node_96",
        "deliveryLocation": "node_4",
        "distance": 7,
        "estimatedTimeLimit": 32
      }
    ]
  }
}

--------------------------------------------------------------------------------

[AI Client] History limit reached. Trimmed to 25 non-system messages (removed 2 oldest messages)

──────────────────────────────────────────────────────────────────────
⏰ 时间: 21:23    | 🔄 迭代: 140
📍 位置: node_4     | 🔋 电量: 21.5% (10.8km)
💰 利润: ¥248.26   | ✅ 完成: 19 单
📦 背包: 1/5 单 | ⚖️  重量: 0.81/10kg
   1. order_64 🍔 ⏳待取餐 - 0.81kg - ¥14.39
💬 AI: Executed 1 tool call(s)

================================================================================
[对话轮次 #140] ASSISTANT
================================================================================

【Tool Calls】

  [1] accept_order
  Arguments:
    {
        "orderId": "order_64"
    }

================================================================================


--------------------------------------------------------------------------------
[对话轮次 #140] TOOL: accept_order
--------------------------------------------------------------------------------

【Result】
{
  "success": true,
  "data": {
    "success": true,
    "order": {
      "id": "order_64",
      "type": "food",
      "name": "[\"跳水木耳\",\"红烧牛腩饭\"]",
      "pickupLocation": "node_96",
      "deliveryLocation": "node_4",
      "distance": 7,
      "itemPrice": 59.96372045832686,
      "deliveryFee": 14.393832477915566,
      "weight": 0.809670350048691,
      "timeLimit": 32,
      "createdAt": 1256.1969696196702,
      "pickedUp": false,
      "delivered": false,
      "acceptedAt": 1283.1969696196702,
      "deadline": 1315.1969696196702
    }
  }
}

--------------------------------------------------------------------------------

[OrderGenerator] Removing 4 expired order(s): order_53, order_59, order_61, order_62
[AI Client] History limit reached. Trimmed to 25 non-system messages (removed 2 oldest messages)
[AI Client] No user message in history after trim, re-anchored with a user query (llama.cpp multi_step_tool template requires it)

──────────────────────────────────────────────────────────────────────
⏰ 时间: 21:23    | 🔄 迭代: 141
📍 位置: node_4     | 🔋 电量: 21.5% (10.8km)
💰 利润: ¥248.26   | ✅ 完成: 19 单
📦 背包: 1/5 单 | ⚖️  重量: 0.81/10kg
   1. order_64 🍔 ⏳待取餐 - 0.81kg - ¥14.39
💬 AI: Executed 1 tool call(s)

================================================================================
[对话轮次 #141] ASSISTANT
================================================================================

【Tool Calls】

  [1] search_nearby_battery_stations
  Arguments:
    {
        "radius": 5
    }

================================================================================


--------------------------------------------------------------------------------
[对话轮次 #141] TOOL: search_nearby_battery_stations
--------------------------------------------------------------------------------

【Result】
{
  "success": true,
  "data": {
    "stations": [
      {
        "id": "node_21",
        "name": "换电站_21",
        "distance": 5,
        "estimatedTime": 10,
        "position": {
          "x": 5,
          "y": 3
        }
      },
      {
        "id": "node_41",
        "name": "换电站_41",
        "distance": 5,
        "estimatedTime": 10,
        "position": {
          "x": 10,
          "y": 8
        }
      }
    ]
  }
}

--------------------------------------------------------------------------------

[AI Client] History limit reached. Trimmed to 25 non-system messages (removed 3 oldest messages)

──────────────────────────────────────────────────────────────────────
⏰ 时间: 21:23    | 🔄 迭代: 142
📍 位置: node_4     | 🔋 电量: 21.5% (10.8km)
💰 利润: ¥248.26   | ✅ 完成: 19 单
📦 背包: 1/5 单 | ⚖️  重量: 0.81/10kg
   1. order_64 🍔 ⏳待取餐 - 0.81kg - ¥14.39
💬 AI: Executed 1 tool call(s)

================================================================================
[对话轮次 #142] ASSISTANT
================================================================================

【Tool Calls】

  [1] accept_order
  Arguments:
    {
        "orderId": "order_61"
    }

================================================================================


--------------------------------------------------------------------------------
[对话轮次 #142] TOOL: accept_order
--------------------------------------------------------------------------------

【Result】
{
  "success": false,
  "error": {
    "code": "INVALID_ORDER",
    "message": "Order not found: order_61",
    "details": {
      "orderId": "order_61"
    }
  }
}

--------------------------------------------------------------------------------

[AI Client] History limit reached. Trimmed to 25 non-system messages (removed 2 oldest messages)

──────────────────────────────────────────────────────────────────────
⏰ 时间: 21:33    | 🔄 迭代: 143
📍 位置: node_21    | 🔋 电量: 11.5% (5.8km)
💰 利润: ¥248.26   | ✅ 完成: 19 单
📦 背包: 1/5 单 | ⚖️  重量: 0.81/10kg
   1. order_64 🍔 ⏳待取餐 - 0.81kg - ¥14.39
💬 AI: Executed 1 tool call(s)

================================================================================
[对话轮次 #143] ASSISTANT
================================================================================

【Tool Calls】

  [1] move_to
  Arguments:
    {
        "targetLocationId": "node_21"
    }

================================================================================


--------------------------------------------------------------------------------
[对话轮次 #143] TOOL: move_to
--------------------------------------------------------------------------------

【Result】
{
  "success": true,
  "data": {
    "success": true,
    "timeCost": 10,
    "batteryCost": 10,
    "newPosition": "node_21",
    "distance": 5
  }
}

--------------------------------------------------------------------------------

[AI Client] History limit reached. Trimmed to 25 non-system messages (removed 2 oldest messages)

──────────────────────────────────────────────────────────────────────
⏰ 时间: 21:34    | 🔄 迭代: 144
📍 位置: node_21    | 🔋 电量: 100.0% (50.0km)
💰 利润: ¥247.76   | ✅ 完成: 19 单
📦 背包: 1/5 单 | ⚖️  重量: 0.81/10kg
   1. order_64 🍔 ⏳待取餐 - 0.81kg - ¥14.39
💬 AI: Executed 1 tool call(s)

================================================================================
[对话轮次 #144] ASSISTANT
================================================================================

【Tool Calls】

  [1] swap_battery
  Arguments:
    {}

================================================================================


--------------------------------------------------------------------------------
[对话轮次 #144] TOOL: swap_battery
--------------------------------------------------------------------------------

【Result】
{
  "success": true,
  "data": {
    "success": true,
    "cost": 0.5,
    "timeCost": 1,
    "newBattery": 100
  }
}

--------------------------------------------------------------------------------

[AI Client] History limit reached. Trimmed to 25 non-system messages (removed 2 oldest messages)

──────────────────────────────────────────────────────────────────────
⏰ 时间: 21:58    | 🔄 迭代: 145
📍 位置: node_96    | 🔋 电量: 76.0% (38.0km)
💰 利润: ¥247.76   | ✅ 完成: 19 单
📦 背包: 1/5 单 | ⚖️  重量: 0.81/10kg
   1. order_64 🍔 ⏳待取餐 - 0.81kg - ¥14.39
💬 AI: Executed 1 tool call(s)

================================================================================
[对话轮次 #145] ASSISTANT
================================================================================

【Tool Calls】

  [1] move_to
  Arguments:
    {
        "targetLocationId": "node_96"
    }

================================================================================


--------------------------------------------------------------------------------
[对话轮次 #145] TOOL: move_to
--------------------------------------------------------------------------------

【Result】
{
  "success": true,
  "data": {
    "success": true,
    "timeCost": 24,
    "batteryCost": 24,
    "newPosition": "node_96",
    "distance": 12
  }
}

--------------------------------------------------------------------------------

[OrderGenerator] Removing 2 expired order(s): order_63, order_66
[AI Client] History limit reached. Trimmed to 25 non-system messages (removed 2 oldest messages)

──────────────────────────────────────────────────────────────────────
⏰ 时间: 22:00    | 🔄 迭代: 146
📍 位置: node_96    | 🔋 电量: 76.0% (38.0km)
💰 利润: ¥247.76   | ✅ 完成: 19 单
📦 背包: 1/5 单 | ⚖️  重量: 0.81/10kg
   1. order_64 🍔 ✓已取餐 - 0.81kg - ¥14.39
💬 AI: Executed 1 tool call(s)

================================================================================
[对话轮次 #146] ASSISTANT
================================================================================

【Tool Calls】

  [1] pickup_food
  Arguments:
    {
        "orderId": "order_64"
    }

================================================================================


--------------------------------------------------------------------------------
[对话轮次 #146] TOOL: pickup_food
--------------------------------------------------------------------------------

【Result】
{
  "success": true,
  "data": {
    "success": true,
    "timeCost": 2
  }
}

--------------------------------------------------------------------------------

[AI Client] History limit reached. Trimmed to 25 non-system messages (removed 2 oldest messages)

──────────────────────────────────────────────────────────────────────
⏰ 时间: 22:14    | 🔄 迭代: 147
📍 位置: node_4     | 🔋 电量: 62.0% (31.0km)
💰 利润: ¥247.76   | ✅ 完成: 19 单
📦 背包: 1/5 单 | ⚖️  重量: 0.81/10kg
   1. order_64 🍔 ✓已取餐 - 0.81kg - ¥14.39
💬 AI: Executed 1 tool call(s)

================================================================================
[对话轮次 #147] ASSISTANT
================================================================================

【Tool Calls】

  [1] move_to
  Arguments:
    {
        "targetLocationId": "node_4"
    }

================================================================================


--------------------------------------------------------------------------------
[对话轮次 #147] TOOL: move_to
--------------------------------------------------------------------------------

【Result】
{
  "success": true,
  "data": {
    "success": true,
    "timeCost": 14,
    "batteryCost": 14,
    "newPosition": "node_4",
    "distance": 7
  }
}

--------------------------------------------------------------------------------

[AI Client] History limit reached. Trimmed to 25 non-system messages (removed 2 oldest messages)

──────────────────────────────────────────────────────────────────────
⏰ 订单完成: order_64 🍔
   配送费: ¥14.39
   实际收入: ¥4.32
   超时罚款: -¥10.08
   状态: 超时20.0分钟
──────────────────────────────────────────────────────────────────────

──────────────────────────────────────────────────────────────────────
⏰ 时间: 22:15    | 🔄 迭代: 148
📍 位置: node_4     | 🔋 电量: 62.0% (31.0km)
💰 利润: ¥252.08   | ✅ 完成: 20 单
📦 背包: 空
💬 AI: Executed 1 tool call(s)

================================================================================
[对话轮次 #148] ASSISTANT
================================================================================

【Tool Calls】

  [1] deliver_food
  Arguments:
    {
        "orderId": "order_64"
    }

================================================================================


--------------------------------------------------------------------------------
[对话轮次 #148] TOOL: deliver_food
--------------------------------------------------------------------------------

【Result】
{
  "success": true,
  "data": {
    "success": true,
    "payment": 4.31814974337467,
    "overtime": 20,
    "penalty": 10.075682734540896,
    "timeCost": 1
  }
}

--------------------------------------------------------------------------------

[AI Client] History limit reached. Trimmed to 25 non-system messages (removed 2 oldest messages)

──────────────────────────────────────────────────────────────────────
⏰ 时间: 22:15    | 🔄 迭代: 149
📍 位置: node_4     | 🔋 电量: 62.0% (31.0km)
💰 利润: ¥252.08   | ✅ 完成: 20 单
📦 背包: 空
💬 AI: Executed 1 tool call(s)

================================================================================
[对话轮次 #149] ASSISTANT
================================================================================

【Tool Calls】

  [1] accept_order
  Arguments:
    {
        "orderId": "order_59"
    }

================================================================================


--------------------------------------------------------------------------------
[对话轮次 #149] TOOL: accept_order
--------------------------------------------------------------------------------

【Result】
{
  "success": false,
  "error": {
    "code": "INVALID_ORDER",
    "message": "Order not found: order_59",
    "details": {
      "orderId": "order_59"
    }
  }
}

--------------------------------------------------------------------------------

[AI Client] History limit reached. Trimmed to 25 non-system messages (removed 2 oldest messages)

──────────────────────────────────────────────────────────────────────
⏰ 时间: 22:15    | 🔄 迭代: 150
📍 位置: node_4     | 🔋 电量: 62.0% (31.0km)
💰 利润: ¥252.08   | ✅ 完成: 20 单
📦 背包: 空
💬 AI: Executed 1 tool call(s)

================================================================================
[对话轮次 #150] ASSISTANT
================================================================================

【Tool Calls】

  [1] accept_order
  Arguments:
    {
        "orderId": "order_62"
    }

================================================================================


--------------------------------------------------------------------------------
[对话轮次 #150] TOOL: accept_order
--------------------------------------------------------------------------------

【Result】
{
  "success": false,
  "error": {
    "code": "INVALID_ORDER",
    "message": "Order not found: order_62",
    "details": {
      "orderId": "order_62"
    }
  }
}

--------------------------------------------------------------------------------

[OrderGenerator] Removing 1 expired order(s): order_65
[AI Client] History limit reached. Trimmed to 25 non-system messages (removed 2 oldest messages)

──────────────────────────────────────────────────────────────────────
⏰ 时间: 22:15    | 🔄 迭代: 151
📍 位置: node_4     | 🔋 电量: 62.0% (31.0km)
💰 利润: ¥252.08   | ✅ 完成: 20 单
📦 背包: 空
💬 AI: Executed 1 tool call(s)

================================================================================
[对话轮次 #151] ASSISTANT
================================================================================

【Tool Calls】

  [1] search_nearby_orders
  Arguments:
    {
        "radius": 10
    }

================================================================================


--------------------------------------------------------------------------------
[对话轮次 #151] TOOL: search_nearby_orders
--------------------------------------------------------------------------------

【Result】
{
  "success": true,
  "data": {
    "orders": [
      {
        "id": "order_69",
        "type": "food",
        "name": "[\"香椿豆腐\",\"木瓜炖百合\",\"曼特林咖啡\"]",
        "deliveryFee": 15.593675011512824,
        "weight": 0.6377266498748213,
        "itemPrice": 67.02161771478131,
        "pickupLocation": "node_98",
        "deliveryLocation": "node_51",
        "distance": 7,
        "estimatedTimeLimit": 32
      }
    ]
  }
}

--------------------------------------------------------------------------------

[AI Client] History limit reached. Trimmed to 25 non-system messages (removed 2 oldest messages)

──────────────────────────────────────────────────────────────────────
⏰ 时间: 22:15    | 🔄 迭代: 152
📍 位置: node_4     | 🔋 电量: 62.0% (31.0km)
💰 利润: ¥252.08   | ✅ 完成: 20 单
📦 背包: 1/5 单 | ⚖️  重量: 0.64/10kg
   1. order_69 🍔 ⏳待取餐 - 0.64kg - ¥15.59
💬 AI: Executed 1 tool call(s)

================================================================================
[对话轮次 #152] ASSISTANT
================================================================================

【Tool Calls】

  [1] accept_order
  Arguments:
    {
        "orderId": "order_69"
    }

================================================================================


--------------------------------------------------------------------------------
[对话轮次 #152] TOOL: accept_order
--------------------------------------------------------------------------------

【Result】
{
  "success": true,
  "data": {
    "success": true,
    "order": {
      "id": "order_69",
      "type": "food",
      "name": "[\"香椿豆腐\",\"木瓜炖百合\",\"曼特林咖啡\"]",
      "pickupLocation": "node_98",
      "deliveryLocation": "node_51",
      "distance": 7,
      "itemPrice": 67.02161771478131,
      "deliveryFee": 15.593675011512824,
      "weight": 0.6377266498748213,
      "timeLimit": 32,
      "createdAt": 1335.1969696196702,
      "pickedUp": false,
      "delivered": false,
      "acceptedAt": 1335.1969696196702,
      "deadline": 1367.1969696196702
    }
  }
}

--------------------------------------------------------------------------------

[AI Client] History limit reached. Trimmed to 25 non-system messages (removed 2 oldest messages)

──────────────────────────────────────────────────────────────────────
⏰ 时间: 22:21    | 🔄 迭代: 153
📍 位置: node_98    | 🔋 电量: 56.0% (28.0km)
💰 利润: ¥252.08   | ✅ 完成: 20 单
📦 背包: 1/5 单 | ⚖️  重量: 0.64/10kg
   1. order_69 🍔 ⏳待取餐 - 0.64kg - ¥15.59
💬 AI: Executed 1 tool call(s)

================================================================================
[对话轮次 #153] ASSISTANT
================================================================================

【Tool Calls】

  [1] move_to
  Arguments:
    {
        "targetLocationId": "node_98"
    }

================================================================================


--------------------------------------------------------------------------------
[对话轮次 #153] TOOL: move_to
--------------------------------------------------------------------------------

【Result】
{
  "success": true,
  "data": {
    "success": true,
    "timeCost": 6,
    "batteryCost": 6,
    "newPosition": "node_98",
    "distance": 3
  }
}

--------------------------------------------------------------------------------

[AI Client] History limit reached. Trimmed to 25 non-system messages (removed 2 oldest messages)
[AI Client] No user message in history after trim, re-anchored with a user query (llama.cpp multi_step_tool template requires it)

──────────────────────────────────────────────────────────────────────
⏰ 时间: 22:23    | 🔄 迭代: 154
📍 位置: node_98    | 🔋 电量: 56.0% (28.0km)
💰 利润: ¥252.08   | ✅ 完成: 20 单
📦 背包: 1/5 单 | ⚖️  重量: 0.64/10kg
   1. order_69 🍔 ✓已取餐 - 0.64kg - ¥15.59
💬 AI: Executed 1 tool call(s)

================================================================================
[对话轮次 #154] ASSISTANT
================================================================================

【Tool Calls】

  [1] pickup_food
  Arguments:
    {
        "orderId": "order_69"
    }

================================================================================


--------------------------------------------------------------------------------
[对话轮次 #154] TOOL: pickup_food
--------------------------------------------------------------------------------

【Result】
{
  "success": true,
  "data": {
    "success": true,
    "timeCost": 2
  }
}

--------------------------------------------------------------------------------

[AI Client] History limit reached. Trimmed to 25 non-system messages (removed 3 oldest messages)

──────────────────────────────────────────────────────────────────────
⏰ 时间: 22:37    | 🔄 迭代: 155
📍 位置: node_51    | 🔋 电量: 42.0% (21.0km)
💰 利润: ¥252.08   | ✅ 完成: 20 单
📦 背包: 1/5 单 | ⚖️  重量: 0.64/10kg
   1. order_69 🍔 ✓已取餐 - 0.64kg - ¥15.59
💬 AI: Executed 1 tool call(s)

================================================================================
[对话轮次 #155] ASSISTANT
================================================================================

【Tool Calls】

  [1] move_to
  Arguments:
    {
        "targetLocationId": "node_51"
    }

================================================================================


--------------------------------------------------------------------------------
[对话轮次 #155] TOOL: move_to
--------------------------------------------------------------------------------

【Result】
{
  "success": true,
  "data": {
    "success": true,
    "timeCost": 14,
    "batteryCost": 14,
    "newPosition": "node_51",
    "distance": 7
  }
}

--------------------------------------------------------------------------------

[AI Client] History limit reached. Trimmed to 25 non-system messages (removed 2 oldest messages)

──────────────────────────────────────────────────────────────────────
✅ 订单完成: order_69 🍔
   配送费: ¥15.59
   实际收入: ¥15.59
   状态: 准时完成
──────────────────────────────────────────────────────────────────────

──────────────────────────────────────────────────────────────────────
⏰ 时间: 22:38    | 🔄 迭代: 156
📍 位置: node_51    | 🔋 电量: 42.0% (21.0km)
💰 利润: ¥267.67   | ✅ 完成: 21 单
📦 背包: 空
💬 AI: Executed 1 tool call(s)

================================================================================
[对话轮次 #156] ASSISTANT
================================================================================

【Tool Calls】

  [1] deliver_food
  Arguments:
    {
        "orderId": "order_69"
    }

================================================================================


--------------------------------------------------------------------------------
[对话轮次 #156] TOOL: deliver_food
--------------------------------------------------------------------------------

【Result】
{
  "success": true,
  "data": {
    "success": true,
    "payment": 15.593675011512824,
    "overtime": 0,
    "penalty": 0,
    "timeCost": 1
  }
}

--------------------------------------------------------------------------------

[AI Client] History limit reached. Trimmed to 25 non-system messages (removed 2 oldest messages)

──────────────────────────────────────────────────────────────────────
⏰ 时间: 22:38    | 🔄 迭代: 157
📍 位置: node_51    | 🔋 电量: 42.0% (21.0km)
💰 利润: ¥267.67   | ✅ 完成: 21 单
📦 背包: 空
💬 AI: Executed 2 tool call(s)

================================================================================
[对话轮次 #157] ASSISTANT
================================================================================

【Tool Calls】

  [1] search_nearby_orders
  Arguments:
    {
        "radius": 10
    }

  [2] search_nearby_battery_stations
  Arguments:
    {
        "radius": 5
    }

================================================================================


--------------------------------------------------------------------------------
[对话轮次 #157] TOOL: search_nearby_orders
--------------------------------------------------------------------------------

【Result】
{
  "success": true,
  "data": {
    "orders": [
      {
        "id": "order_67",
        "type": "food",
        "name": "[\"葱油九孔\",\"草莓奶酪蛋糕\"]",
        "deliveryFee": 18.70384595966898,
        "weight": 0.9786554725142196,
        "itemPrice": 50.022623292170465,
        "pickupLocation": "node_63",
        "deliveryLocation": "node_99",
        "distance": 13,
        "estimatedTimeLimit": 50
      },
      {
        "id": "order_71",
        "type": "food",
        "name": "[\"中式牛排\",\"鸡血豆腐\",\"茅台 38 度\"]",
        "deliveryFee": 21.393317890889012,
        "weight": 0.7574595634359866,
        "itemPrice": 65.84304641699418,
        "pickupLocation": "node_66",
        "deliveryLocation": "node_81",
        "distance": 13,
        "estimatedTimeLimit": 50
      },
      {
        "id": "order_73",
        "type": "supermarket",
        "name": "[\"调味品\",\"水果\",\"零食\"]",
        "deliveryFee": 18.314330875024226,
        "weight": 5.340613415464759,
        "itemPrice": 62.94186654500663,
        "pickupLocation": "node_64",
        "deliveryLocation": "node_62",
        "distance": 10.414213562373096,
        "estimatedTimeLimit": 42.24264068711929
      }
    ]
  }
}

--------------------------------------------------------------------------------


--------------------------------------------------------------------------------
[对话轮次 #157] TOOL: search_nearby_battery_stations
--------------------------------------------------------------------------------

【Result】
{
  "success": true,
  "data": {
    "stations": [
      {
        "id": "node_21",
        "name": "换电站_21",
        "distance": 5,
        "estimatedTime": 10,
        "position": {
          "x": 5,
          "y": 3
        }
      }
    ]
  }
}

--------------------------------------------------------------------------------

[AI Client] History limit reached. Trimmed to 25 non-system messages (removed 3 oldest messages)

──────────────────────────────────────────────────────────────────────
⏰ 时间: 22:48    | 🔄 迭代: 158
📍 位置: node_21    | 🔋 电量: 32.0% (16.0km)
💰 利润: ¥267.67   | ✅ 完成: 21 单
📦 背包: 空
💬 AI: Executed 1 tool call(s)

================================================================================
[对话轮次 #158] ASSISTANT
================================================================================

【Tool Calls】

  [1] move_to
  Arguments:
    {
        "targetLocationId": "node_21"
    }

================================================================================


--------------------------------------------------------------------------------
[对话轮次 #158] TOOL: move_to
--------------------------------------------------------------------------------

【Result】
{
  "success": true,
  "data": {
    "success": true,
    "timeCost": 10,
    "batteryCost": 10,
    "newPosition": "node_21",
    "distance": 5
  }
}

--------------------------------------------------------------------------------

[AI Client] History limit reached. Trimmed to 25 non-system messages (removed 2 oldest messages)

──────────────────────────────────────────────────────────────────────
⏰ 时间: 22:49    | 🔄 迭代: 159
📍 位置: node_21    | 🔋 电量: 100.0% (50.0km)
💰 利润: ¥267.17   | ✅ 完成: 21 单
📦 背包: 空
💬 AI: Executed 1 tool call(s)

================================================================================
[对话轮次 #159] ASSISTANT
================================================================================

【Tool Calls】

  [1] swap_battery
  Arguments:
    {}

================================================================================


--------------------------------------------------------------------------------
[对话轮次 #159] TOOL: swap_battery
--------------------------------------------------------------------------------

【Result】
{
  "success": true,
  "data": {
    "success": true,
    "cost": 0.5,
    "timeCost": 1,
    "newBattery": 100
  }
}

--------------------------------------------------------------------------------

[AI Client] History limit reached. Trimmed to 25 non-system messages (removed 2 oldest messages)

──────────────────────────────────────────────────────────────────────
⏰ 时间: 22:49    | 🔄 迭代: 160
📍 位置: node_21    | 🔋 电量: 100.0% (50.0km)
💰 利润: ¥267.17   | ✅ 完成: 21 单
📦 背包: 空
💬 AI: Executed 1 tool call(s)

================================================================================
[对话轮次 #160] ASSISTANT
================================================================================

【Tool Calls】

  [1] search_nearby_orders
  Arguments:
    {
        "radius": 10
    }

================================================================================


--------------------------------------------------------------------------------
[对话轮次 #160] TOOL: search_nearby_orders
--------------------------------------------------------------------------------

【Result】
{
  "success": true,
  "data": {
    "orders": [
      {
        "id": "order_67",
        "type": "food",
        "name": "[\"葱油九孔\",\"草莓奶酪蛋糕\"]",
        "deliveryFee": 18.70384595966898,
        "weight": 0.9786554725142196,
        "itemPrice": 50.022623292170465,
        "pickupLocation": "node_63",
        "deliveryLocation": "node_99",
        "distance": 13,
        "estimatedTimeLimit": 50
      },
      {
        "id": "order_71",
        "type": "food",
        "name": "[\"中式牛排\",\"鸡血豆腐\",\"茅台 38 度\"]",
        "deliveryFee": 21.393317890889012,
        "weight": 0.7574595634359866,
        "itemPrice": 65.84304641699418,
        "pickupLocation": "node_66",
        "deliveryLocation": "node_81",
        "distance": 13,
        "estimatedTimeLimit": 50
      },
      {
        "id": "order_73",
        "type": "supermarket",
        "name": "[\"调味品\",\"水果\",\"零食\"]",
        "deliveryFee": 18.314330875024226,
        "weight": 5.340613415464759,
        "itemPrice": 62.94186654500663,
        "pickupLocation": "node_64",
        "deliveryLocation": "node_62",
        "distance": 10.414213562373096,
        "estimatedTimeLimit": 42.24264068711929
      }
    ]
  }
}

--------------------------------------------------------------------------------

[OrderGenerator] Removing 1 expired order(s): order_67
[AI Client] History limit reached. Trimmed to 25 non-system messages (removed 2 oldest messages)

──────────────────────────────────────────────────────────────────────
⏰ 时间: 22:49    | 🔄 迭代: 161
📍 位置: node_21    | 🔋 电量: 100.0% (50.0km)
💰 利润: ¥267.17   | ✅ 完成: 21 单
📦 背包: 2/5 单 | ⚖️  重量: 6.10/10kg
   1. order_71 🍔 ⏳待取餐 - 0.76kg - ¥21.39
   2. order_73 🛒 ⏳待取餐 - 5.34kg - ¥18.31
💬 AI: Executed 3 tool call(s)

================================================================================
[对话轮次 #161] ASSISTANT
================================================================================

【Tool Calls】

  [1] accept_order
  Arguments:
    {
        "orderId": "order_67"
    }

  [2] accept_order
  Arguments:
    {
        "orderId": "order_71"
    }

  [3] accept_order
  Arguments:
    {
        "orderId": "order_73"
    }

================================================================================


--------------------------------------------------------------------------------
[对话轮次 #161] TOOL: accept_order
--------------------------------------------------------------------------------

【Result】
{
  "success": false,
  "error": {
    "code": "INVALID_ORDER",
    "message": "Order not found: order_67",
    "details": {
      "orderId": "order_67"
    }
  }
}

--------------------------------------------------------------------------------


--------------------------------------------------------------------------------
[对话轮次 #161] TOOL: accept_order
--------------------------------------------------------------------------------

【Result】
{
  "success": true,
  "data": {
    "success": true,
    "order": {
      "id": "order_71",
      "type": "food",
      "name": "[\"中式牛排\",\"鸡血豆腐\",\"茅台 38 度\"]",
      "pickupLocation": "node_66",
      "deliveryLocation": "node_81",
      "distance": 13,
      "itemPrice": 65.84304641699418,
      "deliveryFee": 21.393317890889012,
      "weight": 0.7574595634359866,
      "timeLimit": 50,
      "createdAt": 1357.1969696196702,
      "pickedUp": false,
      "delivered": false,
      "acceptedAt": 1369.1969696196702,
      "deadline": 1419.1969696196702
    }
  }
}

--------------------------------------------------------------------------------


--------------------------------------------------------------------------------
[对话轮次 #161] TOOL: accept_order
--------------------------------------------------------------------------------

【Result】
{
  "success": true,
  "data": {
    "success": true,
    "order": {
      "id": "order_73",
      "type": "supermarket",
      "name": "[\"调味品\",\"水果\",\"零食\"]",
      "pickupLocation": "node_64",
      "deliveryLocation": "node_62",
      "distance": 10.414213562373096,
      "itemPrice": 62.94186654500663,
      "deliveryFee": 18.314330875024226,
      "weight": 5.340613415464759,
      "timeLimit": 42.24264068711929,
      "createdAt": 1357.1969696196702,
      "pickedUp": false,
      "delivered": false,
      "acceptedAt": 1369.1969696196702,
      "deadline": 1411.4396103067895
    }
  }
}

--------------------------------------------------------------------------------

[AI Client] History limit reached. Trimmed to 25 non-system messages (removed 4 oldest messages)

──────────────────────────────────────────────────────────────────────
⏰ 时间: 22:49    | 🔄 迭代: 162
📍 位置: node_21    | 🔋 电量: 100.0% (50.0km)
💰 利润: ¥267.17   | ✅ 完成: 21 单
📦 背包: 2/5 单 | ⚖️  重量: 6.10/10kg
   1. order_71 🍔 ⏳待取餐 - 0.76kg - ¥21.39
   2. order_73 🛒 ⏳待取餐 - 5.34kg - ¥18.31
💬 AI: Executed 2 tool call(s)

================================================================================
[对话轮次 #162] ASSISTANT
================================================================================

【Tool Calls】

  [1] calculate_distance
  Arguments:
    {
        "fromId": "node_21",
        "toId": "node_64"
    }

  [2] calculate_distance
  Arguments:
    {
        "fromId": "node_21",
        "toId": "node_66"
    }

================================================================================


--------------------------------------------------------------------------------
[对话轮次 #162] TOOL: calculate_distance
--------------------------------------------------------------------------------

【Result】
{
  "success": true,
  "data": {
    "distance": 4,
    "path": [
      "node_21",
      "node_2",
      "node_64"
    ]
  }
}

--------------------------------------------------------------------------------


--------------------------------------------------------------------------------
[对话轮次 #162] TOOL: calculate_distance
--------------------------------------------------------------------------------

【Result】
{
  "success": true,
  "data": {
    "distance": 6,
    "path": [
      "node_21",
      "node_2",
      "node_30",
      "node_74",
      "node_78",
      "node_66"
    ]
  }
}

--------------------------------------------------------------------------------

[AI Client] History limit reached. Trimmed to 25 non-system messages (removed 3 oldest messages)

──────────────────────────────────────────────────────────────────────
⏰ 时间: 22:57    | 🔄 迭代: 163
📍 位置: node_64    | 🔋 电量: 92.0% (46.0km)
💰 利润: ¥267.17   | ✅ 完成: 21 单
📦 背包: 2/5 单 | ⚖️  重量: 6.10/10kg
   1. order_71 🍔 ⏳待取餐 - 0.76kg - ¥21.39
   2. order_73 🛒 ⏳待取餐 - 5.34kg - ¥18.31
💬 AI: Executed 1 tool call(s)

================================================================================
[对话轮次 #163] ASSISTANT
================================================================================

【Tool Calls】

  [1] move_to
  Arguments:
    {
        "targetLocationId": "node_64"
    }

================================================================================


--------------------------------------------------------------------------------
[对话轮次 #163] TOOL: move_to
--------------------------------------------------------------------------------

【Result】
{
  "success": true,
  "data": {
    "success": true,
    "timeCost": 8,
    "batteryCost": 8,
    "newPosition": "node_64",
    "distance": 4
  }
}

--------------------------------------------------------------------------------

[AI Client] History limit reached. Trimmed to 25 non-system messages (removed 2 oldest messages)

──────────────────────────────────────────────────────────────────────
⏰ 时间: 22:59    | 🔄 迭代: 164
📍 位置: node_64    | 🔋 电量: 92.0% (46.0km)
💰 利润: ¥267.17   | ✅ 完成: 21 单
📦 背包: 2/5 单 | ⚖️  重量: 6.10/10kg
   1. order_71 🍔 ⏳待取餐 - 0.76kg - ¥21.39
   2. order_73 🛒 ✓已取餐 - 5.34kg - ¥18.31
💬 AI: Executed 1 tool call(s)

================================================================================
[对话轮次 #164] ASSISTANT
================================================================================

【Tool Calls】

  [1] pickup_food
  Arguments:
    {
        "orderId": "order_73"
    }

================================================================================


--------------------------------------------------------------------------------
[对话轮次 #164] TOOL: pickup_food
--------------------------------------------------------------------------------

【Result】
{
  "success": true,
  "data": {
    "success": true,
    "timeCost": 2
  }
}

--------------------------------------------------------------------------------

[AI Client] History limit reached. Trimmed to 25 non-system messages (removed 2 oldest messages)
[AI Client] No user message in history after trim, re-anchored with a user query (llama.cpp multi_step_tool template requires it)

──────────────────────────────────────────────────────────────────────
⏰ 时间: 23:15    | 🔄 迭代: 165
📍 位置: node_66    | 🔋 电量: 76.0% (38.0km)
💰 利润: ¥267.17   | ✅ 完成: 21 单
📦 背包: 2/5 单 | ⚖️  重量: 6.10/10kg
   1. order_71 🍔 ⏳待取餐 - 0.76kg - ¥21.39
   2. order_73 🛒 ✓已取餐 - 5.34kg - ¥18.31
💬 AI: Executed 1 tool call(s)

================================================================================
[对话轮次 #165] ASSISTANT
================================================================================

【Tool Calls】

  [1] move_to
  Arguments:
    {
        "targetLocationId": "node_66"
    }

================================================================================


--------------------------------------------------------------------------------
[对话轮次 #165] TOOL: move_to
--------------------------------------------------------------------------------

【Result】
{
  "success": true,
  "data": {
    "success": true,
    "timeCost": 16,
    "batteryCost": 16,
    "newPosition": "node_66",
    "distance": 8
  }
}

--------------------------------------------------------------------------------

[OrderGenerator] Removing 2 expired order(s): order_68, order_70
[AI Client] History limit reached. Trimmed to 25 non-system messages (removed 3 oldest messages)

──────────────────────────────────────────────────────────────────────
⏰ 时间: 23:17    | 🔄 迭代: 166
📍 位置: node_66    | 🔋 电量: 76.0% (38.0km)
💰 利润: ¥267.17   | ✅ 完成: 21 单
📦 背包: 2/5 单 | ⚖️  重量: 6.10/10kg
   1. order_71 🍔 ✓已取餐 - 0.76kg - ¥21.39
   2. order_73 🛒 ✓已取餐 - 5.34kg - ¥18.31
💬 AI: Executed 1 tool call(s)

================================================================================
[对话轮次 #166] ASSISTANT
================================================================================

【Tool Calls】

  [1] pickup_food
  Arguments:
    {
        "orderId": "order_71"
    }

================================================================================


--------------------------------------------------------------------------------
[对话轮次 #166] TOOL: pickup_food
--------------------------------------------------------------------------------

【Result】
{
  "success": true,
  "data": {
    "success": true,
    "timeCost": 2
  }
}

--------------------------------------------------------------------------------

[AI Client] History limit reached. Trimmed to 25 non-system messages (removed 2 oldest messages)

──────────────────────────────────────────────────────────────────────
⏰ 时间: 23:27    | 🔄 迭代: 167
📍 位置: node_62    | 🔋 电量: 66.0% (33.0km)
💰 利润: ¥267.17   | ✅ 完成: 21 单
📦 背包: 2/5 单 | ⚖️  重量: 6.10/10kg
   1. order_71 🍔 ✓已取餐 - 0.76kg - ¥21.39
   2. order_73 🛒 ✓已取餐 - 5.34kg - ¥18.31
💬 AI: Executed 1 tool call(s)

================================================================================
[对话轮次 #167] ASSISTANT
================================================================================

【Tool Calls】

  [1] move_to
  Arguments:
    {
        "targetLocationId": "node_62"
    }

================================================================================


--------------------------------------------------------------------------------
[对话轮次 #167] TOOL: move_to
--------------------------------------------------------------------------------

【Result】
{
  "success": true,
  "data": {
    "success": true,
    "timeCost": 10,
    "batteryCost": 10,
    "newPosition": "node_62",
    "distance": 5
  }
}

--------------------------------------------------------------------------------

[AI Client] History limit reached. Trimmed to 25 non-system messages (removed 2 oldest messages)

──────────────────────────────────────────────────────────────────────
✅ 订单完成: order_73 🛒
   配送费: ¥18.31
   实际收入: ¥18.31
   状态: 准时完成
──────────────────────────────────────────────────────────────────────

──────────────────────────────────────────────────────────────────────
⏰ 时间: 23:28    | 🔄 迭代: 168
📍 位置: node_62    | 🔋 电量: 66.0% (33.0km)
💰 利润: ¥285.49   | ✅ 完成: 22 单
📦 背包: 1/5 单 | ⚖️  重量: 0.76/10kg
   1. order_71 🍔 ✓已取餐 - 0.76kg - ¥21.39
💬 AI: Executed 1 tool call(s)

================================================================================
[对话轮次 #168] ASSISTANT
================================================================================

【Tool Calls】

  [1] deliver_food
  Arguments:
    {
        "orderId": "order_73"
    }

================================================================================


--------------------------------------------------------------------------------
[对话轮次 #168] TOOL: deliver_food
--------------------------------------------------------------------------------

【Result】
{
  "success": true,
  "data": {
    "success": true,
    "payment": 18.314330875024226,
    "overtime": 0,
    "penalty": 0,
    "timeCost": 1
  }
}

--------------------------------------------------------------------------------

[AI Client] History limit reached. Trimmed to 25 non-system messages (removed 2 oldest messages)

──────────────────────────────────────────────────────────────────────
⏰ 时间: 23:47    | 🔄 迭代: 169
📍 位置: node_81    | 🔋 电量: 47.2% (23.6km)
💰 利润: ¥285.49   | ✅ 完成: 22 单
📦 背包: 1/5 单 | ⚖️  重量: 0.76/10kg
   1. order_71 🍔 ✓已取餐 - 0.76kg - ¥21.39
💬 AI: Executed 1 tool call(s)

================================================================================
[对话轮次 #169] ASSISTANT
================================================================================

【Tool Calls】

  [1] move_to
  Arguments:
    {
        "targetLocationId": "node_81"
    }

================================================================================


--------------------------------------------------------------------------------
[对话轮次 #169] TOOL: move_to
--------------------------------------------------------------------------------

【Result】
{
  "success": true,
  "data": {
    "success": true,
    "timeCost": 18.82842712474619,
    "batteryCost": 18.82842712474619,
    "newPosition": "node_81",
    "distance": 9.414213562373096
  }
}

--------------------------------------------------------------------------------

[AI Client] History limit reached. Trimmed to 25 non-system messages (removed 2 oldest messages)

──────────────────────────────────────────────────────────────────────
⏰ 订单完成: order_71 🍔
   配送费: ¥21.39
   实际收入: ¥14.98
   超时罚款: -¥6.42
   状态: 超时8.8分钟
──────────────────────────────────────────────────────────────────────

──────────────────────────────────────────────────────────────────────
⏰ 时间: 23:48    | 🔄 迭代: 170
📍 位置: node_81    | 🔋 电量: 47.2% (23.6km)
💰 利润: ¥300.46   | ✅ 完成: 23 单
📦 背包: 空
💬 AI: Executed 1 tool call(s)

================================================================================
[对话轮次 #170] ASSISTANT
================================================================================

【Tool Calls】

  [1] deliver_food
  Arguments:
    {
        "orderId": "order_71"
    }

================================================================================


--------------------------------------------------------------------------------
[对话轮次 #170] TOOL: deliver_food
--------------------------------------------------------------------------------

【Result】
{
  "success": true,
  "data": {
    "success": true,
    "payment": 14.975322523622308,
    "overtime": 8.828427124746213,
    "penalty": 6.417995367266704,
    "timeCost": 1
  }
}

--------------------------------------------------------------------------------

[OrderGenerator] Removing 4 expired order(s): order_72, order_75, order_76, order_77
[AI Client] History limit reached. Trimmed to 25 non-system messages (removed 2 oldest messages)

──────────────────────────────────────────────────────────────────────
⏰ 时间: 23:48    | 🔄 迭代: 171
📍 位置: node_81    | 🔋 电量: 47.2% (23.6km)
💰 利润: ¥300.46   | ✅ 完成: 23 单
📦 背包: 空
💬 AI: Executed 1 tool call(s)

================================================================================
[对话轮次 #171] ASSISTANT
================================================================================

【Tool Calls】

  [1] search_nearby_orders
  Arguments:
    {
        "radius": 10
    }

================================================================================


--------------------------------------------------------------------------------
[对话轮次 #171] TOOL: search_nearby_orders
--------------------------------------------------------------------------------

【Result】
{
  "success": true,
  "data": {
    "orders": [
      {
        "id": "order_78",
        "type": "food",
        "name": "[\"山城血旺\",\"苹果派\"]",
        "deliveryFee": 21.618279601424,
        "weight": 0.8444456604775041,
        "itemPrice": 43.99044223013334,
        "pickupLocation": "node_54",
        "deliveryLocation": "node_55",
        "distance": 17,
        "estimatedTimeLimit": 62
      },
      {
        "id": "order_79",
        "type": "food",
        "name": "[\"番茄蛋花汤\",\"美式奶酪蛋糕\"]",
        "deliveryFee": 14.260259926621803,
        "weight": 0.9672924183541909,
        "itemPrice": 47.556999592343345,
        "pickupLocation": "node_71",
        "deliveryLocation": "node_95",
        "distance": 9,
        "estimatedTimeLimit": 38
      }
    ]
  }
}

--------------------------------------------------------------------------------

[AI Client] History limit reached. Trimmed to 25 non-system messages (removed 2 oldest messages)

──────────────────────────────────────────────────────────────────────
⏰ 时间: 23:48    | 🔄 迭代: 172
📍 位置: node_81    | 🔋 电量: 47.2% (23.6km)
💰 利润: ¥300.46   | ✅ 完成: 23 单
📦 背包: 空
💬 AI: Executed 2 tool call(s)

================================================================================
[对话轮次 #172] ASSISTANT
================================================================================

【Tool Calls】

  [1] calculate_distance
  Arguments:
    {
        "fromId": "node_81",
        "toId": "node_71"
    }

  [2] calculate_distance
  Arguments:
    {
        "fromId": "node_81",
        "toId": "node_54"
    }

================================================================================


--------------------------------------------------------------------------------
[对话轮次 #172] TOOL: calculate_distance
--------------------------------------------------------------------------------

【Result】
{
  "success": true,
  "data": {
    "distance": 1,
    "path": [
      "node_81",
      "node_71"
    ]
  }
}

--------------------------------------------------------------------------------


--------------------------------------------------------------------------------
[对话轮次 #172] TOOL: calculate_distance
--------------------------------------------------------------------------------

【Result】
{
  "success": true,
  "data": {
    "distance": 7,
    "path": [
      "node_81",
      "node_41",
      "node_12",
      "node_45",
      "node_4",
      "node_54"
    ]
  }
}

--------------------------------------------------------------------------------

[AI Client] History limit reached. Trimmed to 25 non-system messages (removed 3 oldest messages)

──────────────────────────────────────────────────────────────────────
⏰ 时间: 23:48    | 🔄 迭代: 173
📍 位置: node_81    | 🔋 电量: 47.2% (23.6km)
💰 利润: ¥300.46   | ✅ 完成: 23 单
📦 背包: 空
💬 AI: Executed 2 tool call(s)

================================================================================
[对话轮次 #173] ASSISTANT
================================================================================

【Tool Calls】

  [1] calculate_distance
  Arguments:
    {
        "fromId": "node_54",
        "toId": "node_55"
    }

  [2] calculate_distance
  Arguments:
    {
        "fromId": "node_71",
        "toId": "node_95"
    }

================================================================================


--------------------------------------------------------------------------------
[对话轮次 #173] TOOL: calculate_distance
--------------------------------------------------------------------------------

【Result】
{
  "success": true,
  "data": {
    "distance": 17,
    "path": [
      "node_54",
      "node_4",
      "node_75",
      "node_87",
      "node_64",
      "node_14",
      "node_50",
      "node_80",
      "node_70",
      "node_55"
    ]
  }
}

--------------------------------------------------------------------------------


--------------------------------------------------------------------------------
[对话轮次 #173] TOOL: calculate_distance
--------------------------------------------------------------------------------

【Result】
{
  "success": true,
  "data": {
    "distance": 9,
    "path": [
      "node_71",
      "node_40",
      "node_56",
      "node_3",
      "node_36",
      "node_95"
    ]
  }
}

--------------------------------------------------------------------------------

[AI Client] History limit reached. Trimmed to 25 non-system messages (removed 3 oldest messages)

──────────────────────────────────────────────────────────────────────
⏰ 时间: 23:48    | 🔄 迭代: 174
📍 位置: node_81    | 🔋 电量: 47.2% (23.6km)
💰 利润: ¥300.46   | ✅ 完成: 23 单
📦 背包: 空
💬 AI: Executed 1 tool call(s)

================================================================================
[对话轮次 #174] ASSISTANT
================================================================================

【Tool Calls】

  [1] calculate_distance
  Arguments:
    {
        "fromId": "node_55",
        "toId": "node_95"
    }

================================================================================


--------------------------------------------------------------------------------
[对话轮次 #174] TOOL: calculate_distance
--------------------------------------------------------------------------------

【Result】
{
  "success": true,
  "data": {
    "distance": 4,
    "path": [
      "node_55",
      "node_1",
      "node_95"
    ]
  }
}

--------------------------------------------------------------------------------

[AI Client] History limit reached. Trimmed to 25 non-system messages (removed 2 oldest messages)

──────────────────────────────────────────────────────────────────────
⏰ 时间: 23:48    | 🔄 迭代: 175
📍 位置: node_81    | 🔋 电量: 47.2% (23.6km)
💰 利润: ¥300.46   | ✅ 完成: 23 单
📦 背包: 空
💬 AI: Executed 1 tool call(s)

================================================================================
[对话轮次 #175] ASSISTANT
================================================================================

【Tool Calls】

  [1] search_nearby_battery_stations
  Arguments:
    {
        "radius": 10
    }

================================================================================


--------------------------------------------------------------------------------
[对话轮次 #175] TOOL: search_nearby_battery_stations
--------------------------------------------------------------------------------

【Result】
{
  "success": true,
  "data": {
    "stations": [
      {
        "id": "node_41",
        "name": "换电站_41",
        "distance": 1,
        "estimatedTime": 2,
        "position": {
          "x": 10,
          "y": 8
        }
      },
      {
        "id": "node_69",
        "name": "换电站_69",
        "distance": 5,
        "estimatedTime": 10,
        "position": {
          "x": 6,
          "y": 8
        }
      },
      {
        "id": "node_65",
        "name": "换电站_65",
        "distance": 6,
        "estimatedTime": 12,
        "position": {
          "x": 11,
          "y": 14
        }
      },
      {
        "id": "node_97",
        "name": "换电站_97",
        "distance": 9,
        "estimatedTime": 18,
        "position": {
          "x": 3,
          "y": 9
        }
      },
      {
        "id": "node_5",
        "name": "换电站_5",
        "distance": 9.414213562373096,
        "estimatedTime": 18.82842712474619,
        "position": {
          "x": 4,
          "y": 11
        }
      },
      {
        "id": "node_2",
        "name": "换电站_2",
        "distance": 10,
        "estimatedTime": 20,
        "position": {
          "x": 5,
          "y": 4
        }
      }
    ]
  }
}

--------------------------------------------------------------------------------

[AI Client] History limit reached. Trimmed to 25 non-system messages (removed 2 oldest messages)

──────────────────────────────────────────────────────────────────────
⏰ 时间: 23:48    | 🔄 迭代: 176
📍 位置: node_81    | 🔋 电量: 47.2% (23.6km)
💰 利润: ¥300.46   | ✅ 完成: 23 单
📦 背包: 空
💬 AI: Executed 1 tool call(s)

================================================================================
[对话轮次 #176] ASSISTANT
================================================================================

【Tool Calls】

  [1] calculate_distance
  Arguments:
    {
        "fromId": "node_41",
        "toId": "node_54"
    }

================================================================================


--------------------------------------------------------------------------------
[对话轮次 #176] TOOL: calculate_distance
--------------------------------------------------------------------------------

【Result】
{
  "success": true,
  "data": {
    "distance": 6,
    "path": [
      "node_41",
      "node_12",
      "node_45",
      "node_4",
      "node_54"
    ]
  }
}

--------------------------------------------------------------------------------

[AI Client] History limit reached. Trimmed to 25 non-system messages (removed 2 oldest messages)
[AI Client] No user message in history after trim, re-anchored with a user query (llama.cpp multi_step_tool template requires it)

──────────────────────────────────────────────────────────────────────
⏰ 时间: 23:48    | 🔄 迭代: 177
📍 位置: node_81    | 🔋 电量: 47.2% (23.6km)
💰 利润: ¥300.46   | ✅ 完成: 23 单
📦 背包: 2/5 单 | ⚖️  重量: 1.81/10kg
   1. order_78 🍔 ⏳待取餐 - 0.84kg - ¥21.92
   2. order_79 🍔 ⏳待取餐 - 0.97kg - ¥14.56
💬 AI: Executed 2 tool call(s)

================================================================================
[对话轮次 #177] ASSISTANT
================================================================================

【Tool Calls】

  [1] accept_order
  Arguments:
    {
        "orderId": "order_78"
    }

  [2] accept_order
  Arguments:
    {
        "orderId": "order_79"
    }

================================================================================


--------------------------------------------------------------------------------
[对话轮次 #177] TOOL: accept_order
--------------------------------------------------------------------------------

【Result】
{
  "success": true,
  "data": {
    "success": true,
    "order": {
      "id": "order_78",
      "type": "food",
      "name": "[\"山城血旺\",\"苹果派\"]",
      "pickupLocation": "node_54",
      "deliveryLocation": "node_55",
      "distance": 17,
      "itemPrice": 43.99044223013334,
      "deliveryFee": 21.918279601424,
      "weight": 0.8444456604775041,
      "timeLimit": 62,
      "createdAt": 1428.0253967444164,
      "pickedUp": false,
      "delivered": false,
      "acceptedAt": 1428.0253967444164,
      "deadline": 1490.0253967444164
    }
  }
}

--------------------------------------------------------------------------------


--------------------------------------------------------------------------------
[对话轮次 #177] TOOL: accept_order
--------------------------------------------------------------------------------

【Result】
{
  "success": true,
  "data": {
    "success": true,
    "order": {
      "id": "order_79",
      "type": "food",
      "name": "[\"番茄蛋花汤\",\"美式奶酪蛋糕\"]",
      "pickupLocation": "node_71",
      "deliveryLocation": "node_95",
      "distance": 9,
      "itemPrice": 47.556999592343345,
      "deliveryFee": 14.560259926621804,
      "weight": 0.9672924183541909,
      "timeLimit": 38,
      "createdAt": 1428.0253967444164,
      "pickedUp": false,
      "delivered": false,
      "acceptedAt": 1428.0253967444164,
      "deadline": 1466.0253967444164
    }
  }
}

--------------------------------------------------------------------------------

[AI Client] History limit reached. Trimmed to 25 non-system messages (removed 4 oldest messages)

──────────────────────────────────────────────────────────────────────
⏰ 时间: 23:50    | 🔄 迭代: 178
📍 位置: node_41    | 🔋 电量: 45.2% (22.6km)
💰 利润: ¥300.46   | ✅ 完成: 23 单
📦 背包: 2/5 单 | ⚖️  重量: 1.81/10kg
   1. order_78 🍔 ⏳待取餐 - 0.84kg - ¥21.92
   2. order_79 🍔 ⏳待取餐 - 0.97kg - ¥14.56
💬 AI: Executed 1 tool call(s)

================================================================================
[对话轮次 #178] ASSISTANT
================================================================================

【Tool Calls】

  [1] move_to
  Arguments:
    {
        "targetLocationId": "node_41"
    }

================================================================================


--------------------------------------------------------------------------------
[对话轮次 #178] TOOL: move_to
--------------------------------------------------------------------------------

【Result】
{
  "success": true,
  "data": {
    "success": true,
    "timeCost": 2,
    "batteryCost": 2,
    "newPosition": "node_41",
    "distance": 1
  }
}

--------------------------------------------------------------------------------

[AI Client] History limit reached. Trimmed to 25 non-system messages (removed 2 oldest messages)

──────────────────────────────────────────────────────────────────────
⏰ 时间: 23:51    | 🔄 迭代: 179
📍 位置: node_41    | 🔋 电量: 100.0% (50.0km)
💰 利润: ¥299.96   | ✅ 完成: 23 单
📦 背包: 2/5 单 | ⚖️  重量: 1.81/10kg
   1. order_78 🍔 ⏳待取餐 - 0.84kg - ¥21.92
   2. order_79 🍔 ⏳待取餐 - 0.97kg - ¥14.56
💬 AI: Executed 1 tool call(s)

================================================================================
[对话轮次 #179] ASSISTANT
================================================================================

【Tool Calls】

  [1] swap_battery
  Arguments:
    {}

================================================================================


--------------------------------------------------------------------------------
[对话轮次 #179] TOOL: swap_battery
--------------------------------------------------------------------------------

【Result】
{
  "success": true,
  "data": {
    "success": true,
    "cost": 0.5,
    "timeCost": 1,
    "newBattery": 100
  }
}

--------------------------------------------------------------------------------

[AI Client] History limit reached. Trimmed to 25 non-system messages (removed 2 oldest messages)

──────────────────────────────────────────────────────────────────────
⏰ 时间: 00:03    | 🔄 迭代: 180
📍 位置: node_54    | 🔋 电量: 88.0% (44.0km)
💰 利润: ¥299.96   | ✅ 完成: 23 单
📦 背包: 2/5 单 | ⚖️  重量: 1.81/10kg
   1. order_78 🍔 ⏳待取餐 - 0.84kg - ¥21.92
   2. order_79 🍔 ⏳待取餐 - 0.97kg - ¥14.56
💬 AI: Executed 1 tool call(s)

================================================================================
[对话轮次 #180] ASSISTANT
================================================================================

【Tool Calls】

  [1] move_to
  Arguments:
    {
        "targetLocationId": "node_54"
    }

================================================================================


--------------------------------------------------------------------------------
[对话轮次 #180] TOOL: move_to
--------------------------------------------------------------------------------

【Result】
{
  "success": true,
  "data": {
    "success": true,
    "timeCost": 12,
    "batteryCost": 12,
    "newPosition": "node_54",
    "distance": 6
  }
}

--------------------------------------------------------------------------------

[OrderGenerator] Removing 1 expired order(s): order_74
[AI Client] History limit reached. Trimmed to 25 non-system messages (removed 2 oldest messages)

──────────────────────────────────────────────────────────────────────
⏰ 时间: 00:05    | 🔄 迭代: 181
📍 位置: node_54    | 🔋 电量: 88.0% (44.0km)
💰 利润: ¥299.96   | ✅ 完成: 23 单
📦 背包: 2/5 单 | ⚖️  重量: 1.81/10kg
   1. order_78 🍔 ✓已取餐 - 0.84kg - ¥21.92
   2. order_79 🍔 ⏳待取餐 - 0.97kg - ¥14.56
💬 AI: Executed 1 tool call(s)

================================================================================
[对话轮次 #181] ASSISTANT
================================================================================

【Tool Calls】

  [1] pickup_food
  Arguments:
    {
        "orderId": "order_78"
    }

================================================================================


--------------------------------------------------------------------------------
[对话轮次 #181] TOOL: pickup_food
--------------------------------------------------------------------------------

【Result】
{
  "success": true,
  "data": {
    "success": true,
    "timeCost": 2
  }
}

--------------------------------------------------------------------------------

[AI Client] History limit reached. Trimmed to 25 non-system messages (removed 2 oldest messages)

──────────────────────────────────────────────────────────────────────
⏰ 时间: 00:39    | 🔄 迭代: 182
📍 位置: node_55    | 🔋 电量: 54.0% (27.0km)
💰 利润: ¥299.96   | ✅ 完成: 23 单
📦 背包: 2/5 单 | ⚖️  重量: 1.81/10kg
   1. order_78 🍔 ✓已取餐 - 0.84kg - ¥21.92
   2. order_79 🍔 ⏳待取餐 - 0.97kg - ¥14.56
💬 AI: Executed 1 tool call(s)

================================================================================
[对话轮次 #182] ASSISTANT
================================================================================

【Tool Calls】

  [1] move_to
  Arguments:
    {
        "targetLocationId": "node_55"
    }

================================================================================


--------------------------------------------------------------------------------
[对话轮次 #182] TOOL: move_to
--------------------------------------------------------------------------------

【Result】
{
  "success": true,
  "data": {
    "success": true,
    "timeCost": 34,
    "batteryCost": 34,
    "newPosition": "node_55",
    "distance": 17
  }
}

--------------------------------------------------------------------------------

[AI Client] History limit reached. Trimmed to 25 non-system messages (removed 2 oldest messages)

──────────────────────────────────────────────────────────────────────
✅ 订单完成: order_78 🍔
   配送费: ¥21.92
   实际收入: ¥21.92
   状态: 准时完成
──────────────────────────────────────────────────────────────────────

──────────────────────────────────────────────────────────────────────
⏰ 时间: 00:40    | 🔄 迭代: 183
📍 位置: node_55    | 🔋 电量: 54.0% (27.0km)
💰 利润: ¥321.88   | ✅ 完成: 24 单
📦 背包: 1/5 单 | ⚖️  重量: 0.97/10kg
   1. order_79 🍔 ⏳待取餐 - 0.97kg - ¥14.56
💬 AI: Executed 1 tool call(s)

================================================================================
[对话轮次 #183] ASSISTANT
================================================================================

【Tool Calls】

  [1] deliver_food
  Arguments:
    {
        "orderId": "order_78"
    }

================================================================================


--------------------------------------------------------------------------------
[对话轮次 #183] TOOL: deliver_food
--------------------------------------------------------------------------------

【Result】
{
  "success": true,
  "data": {
    "success": true,
    "payment": 21.918279601424,
    "overtime": 0,
    "penalty": 0,
    "timeCost": 1
  }
}

--------------------------------------------------------------------------------

[AI Client] History limit reached. Trimmed to 25 non-system messages (removed 2 oldest messages)

──────────────────────────────────────────────────────────────────────
⏰ 时间: 00:40    | 🔄 迭代: 184
📍 位置: node_55    | 🔋 电量: 54.0% (27.0km)
💰 利润: ¥321.88   | ✅ 完成: 24 单
📦 背包: 1/5 单 | ⚖️  重量: 0.97/10kg
   1. order_79 🍔 ⏳待取餐 - 0.97kg - ¥14.56
💬 AI: Executed 1 tool call(s)

================================================================================
[对话轮次 #184] ASSISTANT
================================================================================

【Tool Calls】

  [1] calculate_distance
  Arguments:
    {
        "fromId": "node_55",
        "toId": "node_71"
    }

================================================================================


--------------------------------------------------------------------------------
[对话轮次 #184] TOOL: calculate_distance
--------------------------------------------------------------------------------

【Result】
{
  "success": true,
  "data": {
    "distance": 13,
    "path": [
      "node_55",
      "node_70",
      "node_80",
      "node_50",
      "node_14",
      "node_17",
      "node_41",
      "node_81",
      "node_71"
    ]
  }
}

--------------------------------------------------------------------------------

[AI Client] History limit reached. Trimmed to 25 non-system messages (removed 2 oldest messages)

──────────────────────────────────────────────────────────────────────
⏰ 时间: 01:06    | 🔄 迭代: 185
📍 位置: node_71    | 🔋 电量: 28.0% (14.0km)
💰 利润: ¥321.88   | ✅ 完成: 24 单
📦 背包: 1/5 单 | ⚖️  重量: 0.97/10kg
   1. order_79 🍔 ⏳待取餐 - 0.97kg - ¥14.56
💬 AI: Executed 1 tool call(s)

================================================================================
[对话轮次 #185] ASSISTANT
================================================================================

【Tool Calls】

  [1] move_to
  Arguments:
    {
        "targetLocationId": "node_71"
    }

================================================================================


--------------------------------------------------------------------------------
[对话轮次 #185] TOOL: move_to
--------------------------------------------------------------------------------

【Result】
{
  "success": true,
  "data": {
    "success": true,
    "timeCost": 26,
    "batteryCost": 26,
    "newPosition": "node_71",
    "distance": 13
  }
}

--------------------------------------------------------------------------------

[OrderGenerator] Removing 4 expired order(s): order_80, order_81, order_82, order_83
[AI Client] History limit reached. Trimmed to 25 non-system messages (removed 2 oldest messages)

──────────────────────────────────────────────────────────────────────
⏰ 时间: 01:08    | 🔄 迭代: 186
📍 位置: node_71    | 🔋 电量: 28.0% (14.0km)
💰 利润: ¥321.88   | ✅ 完成: 24 单
📦 背包: 1/5 单 | ⚖️  重量: 0.97/10kg
   1. order_79 🍔 ✓已取餐 - 0.97kg - ¥14.56
💬 AI: Executed 1 tool call(s)

================================================================================
[对话轮次 #186] ASSISTANT
================================================================================

【Tool Calls】

  [1] pickup_food
  Arguments:
    {
        "orderId": "order_79"
    }

================================================================================


--------------------------------------------------------------------------------
[对话轮次 #186] TOOL: pickup_food
--------------------------------------------------------------------------------

【Result】
{
  "success": true,
  "data": {
    "success": true,
    "timeCost": 2
  }
}

--------------------------------------------------------------------------------

[AI Client] History limit reached. Trimmed to 25 non-system messages (removed 2 oldest messages)

──────────────────────────────────────────────────────────────────────
⏰ 时间: 01:26    | 🔄 迭代: 187
📍 位置: node_95    | 🔋 电量: 10.0% (5.0km)
💰 利润: ¥321.88   | ✅ 完成: 24 单
📦 背包: 1/5 单 | ⚖️  重量: 0.97/10kg
   1. order_79 🍔 ✓已取餐 - 0.97kg - ¥14.56
💬 AI: Executed 1 tool call(s)

================================================================================
[对话轮次 #187] ASSISTANT
================================================================================

【Tool Calls】

  [1] move_to
  Arguments:
    {
        "targetLocationId": "node_95"
    }

================================================================================


--------------------------------------------------------------------------------
[对话轮次 #187] TOOL: move_to
--------------------------------------------------------------------------------

【Result】
{
  "success": true,
  "data": {
    "success": true,
    "timeCost": 18,
    "batteryCost": 18,
    "newPosition": "node_95",
    "distance": 9
  }
}

--------------------------------------------------------------------------------

[AI Client] History limit reached. Trimmed to 25 non-system messages (removed 2 oldest messages)

──────────────────────────────────────────────────────────────────────
⏰ 订单完成: order_79 🍔
   配送费: ¥14.56
   实际收入: ¥4.37
   超时罚款: -¥10.19
   状态: 超时61.0分钟
──────────────────────────────────────────────────────────────────────

──────────────────────────────────────────────────────────────────────
⏰ 时间: 01:27    | 🔄 迭代: 188
📍 位置: node_95    | 🔋 电量: 10.0% (5.0km)
💰 利润: ¥326.25   | ✅ 完成: 25 单
📦 背包: 空
💬 AI: Executed 1 tool call(s)

================================================================================
[对话轮次 #188] ASSISTANT
================================================================================

【Tool Calls】

  [1] deliver_food
  Arguments:
    {
        "orderId": "order_79"
    }

================================================================================


--------------------------------------------------------------------------------
[对话轮次 #188] TOOL: deliver_food
--------------------------------------------------------------------------------

【Result】
{
  "success": true,
  "data": {
    "success": true,
    "payment": 4.368077977986541,
    "overtime": 61,
    "penalty": 10.192181948635263,
    "timeCost": 1
  }
}

--------------------------------------------------------------------------------

[AI Client] History limit reached. Trimmed to 25 non-system messages (removed 2 oldest messages)
[AI Client] No user message in history after trim, re-anchored with a user query (llama.cpp multi_step_tool template requires it)

──────────────────────────────────────────────────────────────────────
⏰ 时间: 01:27    | 🔄 迭代: 189
📍 位置: node_95    | 🔋 电量: 10.0% (5.0km)
💰 利润: ¥326.25   | ✅ 完成: 25 单
📦 背包: 空
💬 AI: Executed 1 tool call(s)

================================================================================
[对话轮次 #189] ASSISTANT
================================================================================

【Tool Calls】

  [1] search_nearby_orders
  Arguments:
    {
        "radius": 5
    }

================================================================================


--------------------------------------------------------------------------------
[对话轮次 #189] TOOL: search_nearby_orders
--------------------------------------------------------------------------------

【Result】
{
  "success": true,
  "data": {
    "orders": []
  }
}

--------------------------------------------------------------------------------

[AI Client] History limit reached. Trimmed to 25 non-system messages (removed 3 oldest messages)

──────────────────────────────────────────────────────────────────────
⏰ 时间: 01:27    | 🔄 迭代: 190
📍 位置: node_95    | 🔋 电量: 10.0% (5.0km)
💰 利润: ¥326.25   | ✅ 完成: 25 单
📦 背包: 空
💬 AI: Executed 1 tool call(s)

================================================================================
[对话轮次 #190] ASSISTANT
================================================================================

【Tool Calls】

  [1] search_nearby_battery_stations
  Arguments:
    {
        "radius": 5
    }

================================================================================


--------------------------------------------------------------------------------
[对话轮次 #190] TOOL: search_nearby_battery_stations
--------------------------------------------------------------------------------

【Result】
{
  "success": true,
  "data": {
    "stations": [
      {
        "id": "node_65",
        "name": "换电站_65",
        "distance": 2,
        "estimatedTime": 4,
        "position": {
          "x": 11,
          "y": 14
        }
      }
    ]
  }
}

--------------------------------------------------------------------------------

[AI Client] History limit reached. Trimmed to 25 non-system messages (removed 2 oldest messages)

──────────────────────────────────────────────────────────────────────
⏰ 时间: 01:31    | 🔄 迭代: 191
📍 位置: node_65    | 🔋 电量: 6.0% (3.0km)
💰 利润: ¥326.25   | ✅ 完成: 25 单
📦 背包: 空
💬 AI: Executed 1 tool call(s)

================================================================================
[对话轮次 #191] ASSISTANT
================================================================================

【Tool Calls】

  [1] move_to
  Arguments:
    {
        "targetLocationId": "node_65"
    }

================================================================================


--------------------------------------------------------------------------------
[对话轮次 #191] TOOL: move_to
--------------------------------------------------------------------------------

【Result】
{
  "success": true,
  "data": {
    "success": true,
    "timeCost": 4,
    "batteryCost": 4,
    "newPosition": "node_65",
    "distance": 2
  }
}

--------------------------------------------------------------------------------

[AI Client] History limit reached. Trimmed to 25 non-system messages (removed 2 oldest messages)

──────────────────────────────────────────────────────────────────────
⏰ 时间: 01:32    | 🔄 迭代: 192
📍 位置: node_65    | 🔋 电量: 100.0% (50.0km)
💰 利润: ¥325.75   | ✅ 完成: 25 单
📦 背包: 空
💬 AI: Executed 1 tool call(s)

================================================================================
[对话轮次 #192] ASSISTANT
================================================================================

【Tool Calls】

  [1] swap_battery
  Arguments:
    {}

================================================================================


--------------------------------------------------------------------------------
[对话轮次 #192] TOOL: swap_battery
--------------------------------------------------------------------------------

【Result】
{
  "success": true,
  "data": {
    "success": true,
    "cost": 0.5,
    "timeCost": 1,
    "newBattery": 100
  }
}

--------------------------------------------------------------------------------

[AI Client] History limit reached. Trimmed to 25 non-system messages (removed 2 oldest messages)

──────────────────────────────────────────────────────────────────────
⏰ 时间: 01:32    | 🔄 迭代: 193
📍 位置: node_65    | 🔋 电量: 100.0% (50.0km)
💰 利润: ¥325.75   | ✅ 完成: 25 单
📦 背包: 空
💬 AI: Executed 1 tool call(s)

================================================================================
[对话轮次 #193] ASSISTANT
================================================================================

【Tool Calls】

  [1] search_nearby_orders
  Arguments:
    {
        "radius": 5
    }

================================================================================


--------------------------------------------------------------------------------
[对话轮次 #193] TOOL: search_nearby_orders
--------------------------------------------------------------------------------

【Result】
{
  "success": true,
  "data": {
    "orders": [
      {
        "id": "order_84",
        "type": "food",
        "name": "[\"淮山圆肉炖甲鱼\"]",
        "deliveryFee": 16.294452135893515,
        "weight": 0.5875016025966033,
        "itemPrice": 42.19140075496398,
        "pickupLocation": "node_91",
        "deliveryLocation": "node_45",
        "distance": 12,
        "estimatedTimeLimit": 47
      }
    ]
  }
}

--------------------------------------------------------------------------------

[AI Client] History limit reached. Trimmed to 25 non-system messages (removed 2 oldest messages)

──────────────────────────────────────────────────────────────────────
⏰ 时间: 01:32    | 🔄 迭代: 194
📍 位置: node_65    | 🔋 电量: 100.0% (50.0km)
💰 利润: ¥325.75   | ✅ 完成: 25 单
📦 背包: 空
💬 AI: Executed 1 tool call(s)

================================================================================
[对话轮次 #194] ASSISTANT
================================================================================

【Tool Calls】

  [1] calculate_distance
  Arguments:
    {
        "fromId": "node_65",
        "toId": "node_91"
    }

================================================================================


--------------------------------------------------------------------------------
[对话轮次 #194] TOOL: calculate_distance
--------------------------------------------------------------------------------

【Result】
{
  "success": true,
  "data": {
    "distance": 4,
    "path": [
      "node_65",
      "node_85",
      "node_91"
    ]
  }
}

--------------------------------------------------------------------------------

[AI Client] History limit reached. Trimmed to 25 non-system messages (removed 2 oldest messages)

──────────────────────────────────────────────────────────────────────
⏰ 时间: 01:32    | 🔄 迭代: 195
📍 位置: node_65    | 🔋 电量: 100.0% (50.0km)
💰 利润: ¥325.75   | ✅ 完成: 25 单
📦 背包: 1/5 单 | ⚖️  重量: 0.59/10kg
   1. order_84 🍔 ⏳待取餐 - 0.59kg - ¥16.29
💬 AI: Executed 1 tool call(s)

================================================================================
[对话轮次 #195] ASSISTANT
================================================================================

【Tool Calls】

  [1] accept_order
  Arguments:
    {
        "orderId": "order_84"
    }

================================================================================


--------------------------------------------------------------------------------
[对话轮次 #195] TOOL: accept_order
--------------------------------------------------------------------------------

【Result】
{
  "success": true,
  "data": {
    "success": true,
    "order": {
      "id": "order_84",
      "type": "food",
      "name": "[\"淮山圆肉炖甲鱼\"]",
      "pickupLocation": "node_91",
      "deliveryLocation": "node_45",
      "distance": 12,
      "itemPrice": 42.19140075496398,
      "deliveryFee": 16.294452135893515,
      "weight": 0.5875016025966033,
      "timeLimit": 47,
      "createdAt": 1506.0253967444164,
      "pickedUp": false,
      "delivered": false,
      "acceptedAt": 1532.0253967444164,
      "deadline": 1579.0253967444164
    }
  }
}

--------------------------------------------------------------------------------

[AI Client] History limit reached. Trimmed to 25 non-system messages (removed 2 oldest messages)

──────────────────────────────────────────────────────────────────────
⏰ 时间: 01:40    | 🔄 迭代: 196
📍 位置: node_91    | 🔋 电量: 92.0% (46.0km)
💰 利润: ¥325.75   | ✅ 完成: 25 单
📦 背包: 1/5 单 | ⚖️  重量: 0.59/10kg
   1. order_84 🍔 ⏳待取餐 - 0.59kg - ¥16.29
💬 AI: Executed 1 tool call(s)

================================================================================
[对话轮次 #196] ASSISTANT
================================================================================

【Tool Calls】

  [1] move_to
  Arguments:
    {
        "targetLocationId": "node_91"
    }

================================================================================


--------------------------------------------------------------------------------
[对话轮次 #196] TOOL: move_to
--------------------------------------------------------------------------------

【Result】
{
  "success": true,
  "data": {
    "success": true,
    "timeCost": 8,
    "batteryCost": 8,
    "newPosition": "node_91",
    "distance": 4
  }
}

--------------------------------------------------------------------------------

[AI Client] History limit reached. Trimmed to 25 non-system messages (removed 2 oldest messages)

──────────────────────────────────────────────────────────────────────
⏰ 时间: 01:42    | 🔄 迭代: 197
📍 位置: node_91    | 🔋 电量: 92.0% (46.0km)
💰 利润: ¥325.75   | ✅ 完成: 25 单
📦 背包: 1/5 单 | ⚖️  重量: 0.59/10kg
   1. order_84 🍔 ✓已取餐 - 0.59kg - ¥16.29
💬 AI: Executed 1 tool call(s)

================================================================================
[对话轮次 #197] ASSISTANT
================================================================================

【Tool Calls】

  [1] pickup_food
  Arguments:
    {
        "orderId": "order_84"
    }

================================================================================


--------------------------------------------------------------------------------
[对话轮次 #197] TOOL: pickup_food
--------------------------------------------------------------------------------

【Result】
{
  "success": true,
  "data": {
    "success": true,
    "timeCost": 2
  }
}

--------------------------------------------------------------------------------

[AI Client] History limit reached. Trimmed to 25 non-system messages (removed 2 oldest messages)

──────────────────────────────────────────────────────────────────────
⏰ 时间: 02:06    | 🔄 迭代: 198
📍 位置: node_45    | 🔋 电量: 68.0% (34.0km)
💰 利润: ¥325.75   | ✅ 完成: 25 单
📦 背包: 1/5 单 | ⚖️  重量: 0.59/10kg
   1. order_84 🍔 ✓已取餐 - 0.59kg - ¥16.29
💬 AI: Executed 1 tool call(s)

================================================================================
[对话轮次 #198] ASSISTANT
================================================================================

【Tool Calls】

  [1] move_to
  Arguments:
    {
        "targetLocationId": "node_45"
    }

================================================================================


--------------------------------------------------------------------------------
[对话轮次 #198] TOOL: move_to
--------------------------------------------------------------------------------

【Result】
{
  "success": true,
  "data": {
    "success": true,
    "timeCost": 24,
    "batteryCost": 24,
    "newPosition": "node_45",
    "distance": 12
  }
}

--------------------------------------------------------------------------------

[AI Client] History limit reached. Trimmed to 25 non-system messages (removed 2 oldest messages)

──────────────────────────────────────────────────────────────────────
✅ 订单完成: order_84 🍔
   配送费: ¥16.29
   实际收入: ¥16.29
   状态: 准时完成
──────────────────────────────────────────────────────────────────────

──────────────────────────────────────────────────────────────────────
⏰ 时间: 02:07    | 🔄 迭代: 199
📍 位置: node_45    | 🔋 电量: 68.0% (34.0km)
💰 利润: ¥342.04   | ✅ 完成: 26 单
📦 背包: 空
💬 AI: Executed 1 tool call(s)

================================================================================
[对话轮次 #199] ASSISTANT
================================================================================

【Tool Calls】

  [1] deliver_food
  Arguments:
    {
        "orderId": "order_84"
    }

================================================================================


--------------------------------------------------------------------------------
[对话轮次 #199] TOOL: deliver_food
--------------------------------------------------------------------------------

【Result】
{
  "success": true,
  "data": {
    "success": true,
    "payment": 16.294452135893515,
    "overtime": 0,
    "penalty": 0,
    "timeCost": 1
  }
}

--------------------------------------------------------------------------------

[AI Client] History limit reached. Trimmed to 25 non-system messages (removed 2 oldest messages)

──────────────────────────────────────────────────────────────────────
⏰ 时间: 02:07    | 🔄 迭代: 200
📍 位置: node_45    | 🔋 电量: 68.0% (34.0km)
💰 利润: ¥342.04   | ✅ 完成: 26 单
📦 背包: 空
💬 AI: Executed 1 tool call(s)

================================================================================
[对话轮次 #200] ASSISTANT
================================================================================

【Tool Calls】

  [1] search_nearby_orders
  Arguments:
    {
        "radius": 5
    }

================================================================================


--------------------------------------------------------------------------------
[对话轮次 #200] TOOL: search_nearby_orders
--------------------------------------------------------------------------------

【Result】
{
  "success": true,
  "data": {
    "orders": [
      {
        "id": "order_88",
        "type": "supermarket",
        "name": "[\"零食\",\"肉类\",\"饮料\",\"水果\"]",
        "deliveryFee": 10.137030338682234,
        "weight": 8.697389819426462,
        "itemPrice": 35.761279659345746,
        "pickupLocation": "node_18",
        "deliveryLocation": "node_62",
        "distance": 7,
        "estimatedTimeLimit": 32
      }
    ]
  }
}

--------------------------------------------------------------------------------

[OrderGenerator] Removing 4 expired order(s): order_85, order_88, order_89, order_90
[AI Client] History limit reached. Trimmed to 25 non-system messages (removed 2 oldest messages)

──────────────────────────────────────────────────────────────────────
⏰ 时间: 02:07    | 🔄 迭代: 201
📍 位置: node_45    | 🔋 电量: 68.0% (34.0km)
💰 利润: ¥342.04   | ✅ 完成: 26 单
📦 背包: 空
💬 AI: Executed 1 tool call(s)

================================================================================
[对话轮次 #201] ASSISTANT
================================================================================

【Tool Calls】

  [1] calculate_distance
  Arguments:
    {
        "fromId": "node_45",
        "toId": "node_18"
    }

================================================================================


--------------------------------------------------------------------------------
[对话轮次 #201] TOOL: calculate_distance
--------------------------------------------------------------------------------

【Result】
{
  "success": true,
  "data": {
    "distance": 5,
    "path": [
      "node_45",
      "node_12",
      "node_41",
      "node_8",
      "node_18"
    ]
  }
}

--------------------------------------------------------------------------------

[AI Client] History limit reached. Trimmed to 25 non-system messages (removed 2 oldest messages)
[AI Client] No user message in history after trim, re-anchored with a user query (llama.cpp multi_step_tool template requires it)

──────────────────────────────────────────────────────────────────────
⏰ 时间: 02:07    | 🔄 迭代: 202
📍 位置: node_45    | 🔋 电量: 68.0% (34.0km)
💰 利润: ¥342.04   | ✅ 完成: 26 单
📦 背包: 空
💬 AI: Executed 1 tool call(s)

================================================================================
[对话轮次 #202] ASSISTANT
================================================================================

【Tool Calls】

  [1] accept_order
  Arguments:
    {
        "orderId": "order_88"
    }

================================================================================


--------------------------------------------------------------------------------
[对话轮次 #202] TOOL: accept_order
--------------------------------------------------------------------------------

【Result】
{
  "success": false,
  "error": {
    "code": "INVALID_ORDER",
    "message": "Order not found: order_88",
    "details": {
      "orderId": "order_88"
    }
  }
}

--------------------------------------------------------------------------------

[AI Client] History limit reached. Trimmed to 25 non-system messages (removed 3 oldest messages)

──────────────────────────────────────────────────────────────────────
⏰ 时间: 02:07    | 🔄 迭代: 203
📍 位置: node_45    | 🔋 电量: 68.0% (34.0km)
💰 利润: ¥342.04   | ✅ 完成: 26 单
📦 背包: 空
💬 AI: Executed 1 tool call(s)

================================================================================
[对话轮次 #203] ASSISTANT
================================================================================

【Tool Calls】

  [1] search_nearby_orders
  Arguments:
    {
        "radius": 5
    }

================================================================================


--------------------------------------------------------------------------------
[对话轮次 #203] TOOL: search_nearby_orders
--------------------------------------------------------------------------------

【Result】
{
  "success": true,
  "data": {
    "orders": [
      {
        "id": "order_92",
        "type": "food",
        "name": "[\"菜胆肘子炖海中宝\",\"韭菜果\"]",
        "deliveryFee": 15.34023604223039,
        "weight": 0.9272725596092641,
        "itemPrice": 48.00131134572439,
        "pickupLocation": "node_47",
        "deliveryLocation": "node_36",
        "distance": 10,
        "estimatedTimeLimit": 41
      },
      {
        "id": "order_93",
        "type": "supermarket",
        "name": "[\"水果\",\"饮料\",\"日用品\"]",
        "deliveryFee": 9.275881209969521,
        "weight": 5.7572208845522255,
        "itemPrice": 56.32871299982071,
        "pickupLocation": "node_11",
        "deliveryLocation": "node_45",
        "distance": 1.4142135623730951,
        "estimatedTimeLimit": 20
      }
    ]
  }
}

--------------------------------------------------------------------------------

[AI Client] History limit reached. Trimmed to 25 non-system messages (removed 2 oldest messages)

──────────────────────────────────────────────────────────────────────
⏰ 时间: 02:07    | 🔄 迭代: 204
📍 位置: node_45    | 🔋 电量: 68.0% (34.0km)
💰 利润: ¥342.04   | ✅ 完成: 26 单
📦 背包: 1/5 单 | ⚖️  重量: 0.93/10kg
   1. order_92 🍔 ⏳待取餐 - 0.93kg - ¥15.34
💬 AI: Executed 1 tool call(s)

================================================================================
[对话轮次 #204] ASSISTANT
================================================================================

【Tool Calls】

  [1] accept_order
  Arguments:
    {
        "orderId": "order_92"
    }

================================================================================


--------------------------------------------------------------------------------
[对话轮次 #204] TOOL: accept_order
--------------------------------------------------------------------------------

【Result】
{
  "success": true,
  "data": {
    "success": true,
    "order": {
      "id": "order_92",
      "type": "food",
      "name": "[\"菜胆肘子炖海中宝\",\"韭菜果\"]",
      "pickupLocation": "node_47",
      "deliveryLocation": "node_36",
      "distance": 10,
      "itemPrice": 48.00131134572439,
      "deliveryFee": 15.34023604223039,
      "weight": 0.9272725596092641,
      "timeLimit": 41,
      "createdAt": 1567.0253967444164,
      "pickedUp": false,
      "delivered": false,
      "acceptedAt": 1567.0253967444164,
      "deadline": 1608.0253967444164
    }
  }
}

--------------------------------------------------------------------------------

[AI Client] History limit reached. Trimmed to 25 non-system messages (removed 2 oldest messages)

──────────────────────────────────────────────────────────────────────
⏰ 时间: 02:07    | 🔄 迭代: 205
📍 位置: node_45    | 🔋 电量: 68.0% (34.0km)
💰 利润: ¥342.04   | ✅ 完成: 26 单
📦 背包: 1/5 单 | ⚖️  重量: 0.93/10kg
   1. order_92 🍔 ⏳待取餐 - 0.93kg - ¥15.34
💬 AI: Executed 1 tool call(s)

================================================================================
[对话轮次 #205] ASSISTANT
================================================================================

【Tool Calls】

  [1] get_location_info
  Arguments:
    {
        "locationId": "node_45"
    }

================================================================================


--------------------------------------------------------------------------------
[对话轮次 #205] TOOL: get_location_info
--------------------------------------------------------------------------------

【Result】
{
  "success": true,
  "data": {
    "id": "node_45",
    "type": "residential",
    "name": "居民区_45",
    "position": {
      "x": 10,
      "y": 5
    },
    "neighbors": [
      {
        "id": "node_12",
        "name": "餐厅_12",
        "type": "restaurant",
        "distance": "1.00km"
      },
      {
        "id": "node_39",
        "name": "居民区_39",
        "type": "residential",
        "distance": "1.00km"
      },
      {
        "id": "node_79",
        "name": "居民区_79",
        "type": "residential",
        "distance": "1.00km"
      },
      {
        "id": "node_11",
        "name": "超市_11",
        "type": "supermarket",
        "distance": "1.41km"
      },
      {
        "id": "node_4",
        "name": "写字楼_4",
        "type": "office",
        "distance": "2.00km"
      }
    ]
  }
}

--------------------------------------------------------------------------------

[AI Client] History limit reached. Trimmed to 25 non-system messages (removed 2 oldest messages)

──────────────────────────────────────────────────────────────────────
⏰ 时间: 02:07    | 🔄 迭代: 206
📍 位置: node_45    | 🔋 电量: 68.0% (34.0km)
💰 利润: ¥342.04   | ✅ 完成: 26 单
📦 背包: 1/5 单 | ⚖️  重量: 0.93/10kg
   1. order_92 🍔 ⏳待取餐 - 0.93kg - ¥15.34
💬 AI: Executed 1 tool call(s)

================================================================================
[对话轮次 #206] ASSISTANT
================================================================================

【Tool Calls】

  [1] calculate_distance
  Arguments:
    {
        "fromId": "node_45",
        "toId": "node_47"
    }

================================================================================


--------------------------------------------------------------------------------
[对话轮次 #206] TOOL: calculate_distance
--------------------------------------------------------------------------------

【Result】
{
  "success": true,
  "data": {
    "distance": 2,
    "path": [
      "node_45",
      "node_79",
      "node_47"
    ]
  }
}

--------------------------------------------------------------------------------

[AI Client] History limit reached. Trimmed to 25 non-system messages (removed 2 oldest messages)

──────────────────────────────────────────────────────────────────────
⏰ 时间: 02:07    | 🔄 迭代: 207
📍 位置: node_45    | 🔋 电量: 68.0% (34.0km)
💰 利润: ¥342.04   | ✅ 完成: 26 单
📦 背包: 1/5 单 | ⚖️  重量: 0.93/10kg
   1. order_92 🍔 ⏳待取餐 - 0.93kg - ¥15.34
💬 AI: Executed 1 tool call(s)

================================================================================
[对话轮次 #207] ASSISTANT
================================================================================

【Tool Calls】

  [1] calculate_distance
  Arguments:
    {
        "fromId": "node_47",
        "toId": "node_36"
    }

================================================================================


--------------------------------------------------------------------------------
[对话轮次 #207] TOOL: calculate_distance
--------------------------------------------------------------------------------

【Result】
{
  "success": true,
  "data": {
    "distance": 10,
    "path": [
      "node_47",
      "node_60",
      "node_71",
      "node_40",
      "node_56",
      "node_3",
      "node_36"
    ]
  }
}

--------------------------------------------------------------------------------

[AI Client] History limit reached. Trimmed to 25 non-system messages (removed 2 oldest messages)

──────────────────────────────────────────────────────────────────────
⏰ 时间: 02:11    | 🔄 迭代: 208
📍 位置: node_47    | 🔋 电量: 64.0% (32.0km)
💰 利润: ¥342.04   | ✅ 完成: 26 单
📦 背包: 1/5 单 | ⚖️  重量: 0.93/10kg
   1. order_92 🍔 ⏳待取餐 - 0.93kg - ¥15.34
💬 AI: Executed 1 tool call(s)

================================================================================
[对话轮次 #208] ASSISTANT
================================================================================

【Tool Calls】

  [1] move_to
  Arguments:
    {
        "targetLocationId": "node_47"
    }

================================================================================


--------------------------------------------------------------------------------
[对话轮次 #208] TOOL: move_to
--------------------------------------------------------------------------------

【Result】
{
  "success": true,
  "data": {
    "success": true,
    "timeCost": 4,
    "batteryCost": 4,
    "newPosition": "node_47",
    "distance": 2
  }
}

--------------------------------------------------------------------------------

[AI Client] History limit reached. Trimmed to 25 non-system messages (removed 2 oldest messages)

──────────────────────────────────────────────────────────────────────
⏰ 时间: 02:13    | 🔄 迭代: 209
📍 位置: node_47    | 🔋 电量: 64.0% (32.0km)
💰 利润: ¥342.04   | ✅ 完成: 26 单
📦 背包: 1/5 单 | ⚖️  重量: 0.93/10kg
   1. order_92 🍔 ✓已取餐 - 0.93kg - ¥15.34
💬 AI: Executed 1 tool call(s)

================================================================================
[对话轮次 #209] ASSISTANT
================================================================================

【Tool Calls】

  [1] pickup_food
  Arguments:
    {
        "orderId": "order_92"
    }

================================================================================


--------------------------------------------------------------------------------
[对话轮次 #209] TOOL: pickup_food
--------------------------------------------------------------------------------

【Result】
{
  "success": true,
  "data": {
    "success": true,
    "timeCost": 2
  }
}

--------------------------------------------------------------------------------

[AI Client] History limit reached. Trimmed to 25 non-system messages (removed 2 oldest messages)

──────────────────────────────────────────────────────────────────────
⏰ 时间: 02:33    | 🔄 迭代: 210
📍 位置: node_36    | 🔋 电量: 44.0% (22.0km)
💰 利润: ¥342.04   | ✅ 完成: 26 单
📦 背包: 1/5 单 | ⚖️  重量: 0.93/10kg
   1. order_92 🍔 ✓已取餐 - 0.93kg - ¥15.34
💬 AI: Executed 1 tool call(s)

================================================================================
[对话轮次 #210] ASSISTANT
================================================================================

【Tool Calls】

  [1] move_to
  Arguments:
    {
        "targetLocationId": "node_36"
    }

================================================================================


--------------------------------------------------------------------------------
[对话轮次 #210] TOOL: move_to
--------------------------------------------------------------------------------

【Result】
{
  "success": true,
  "data": {
    "success": true,
    "timeCost": 20,
    "batteryCost": 20,
    "newPosition": "node_36",
    "distance": 10
  }
}

--------------------------------------------------------------------------------

[OrderGenerator] Removing 3 expired order(s): order_86, order_87, order_93
[AI Client] History limit reached. Trimmed to 25 non-system messages (removed 2 oldest messages)

──────────────────────────────────────────────────────────────────────
✅ 订单完成: order_92 🍔
   配送费: ¥15.34
   实际收入: ¥15.34
   状态: 准时完成
──────────────────────────────────────────────────────────────────────

──────────────────────────────────────────────────────────────────────
⏰ 时间: 02:34    | 🔄 迭代: 211
📍 位置: node_36    | 🔋 电量: 44.0% (22.0km)
💰 利润: ¥357.38   | ✅ 完成: 27 单
📦 背包: 空
💬 AI: Executed 1 tool call(s)

================================================================================
[对话轮次 #211] ASSISTANT
================================================================================

【Tool Calls】

  [1] deliver_food
  Arguments:
    {
        "orderId": "order_92"
    }

================================================================================


--------------------------------------------------------------------------------
[对话轮次 #211] TOOL: deliver_food
--------------------------------------------------------------------------------

【Result】
{
  "success": true,
  "data": {
    "success": true,
    "payment": 15.34023604223039,
    "overtime": 0,
    "penalty": 0,
    "timeCost": 1
  }
}

--------------------------------------------------------------------------------

[AI Client] History limit reached. Trimmed to 25 non-system messages (removed 2 oldest messages)

──────────────────────────────────────────────────────────────────────
⏰ 时间: 02:34    | 🔄 迭代: 212
📍 位置: node_36    | 🔋 电量: 44.0% (22.0km)
💰 利润: ¥357.38   | ✅ 完成: 27 单
📦 背包: 空
💬 AI: Executed 1 tool call(s)

================================================================================
[对话轮次 #212] ASSISTANT
================================================================================

【Tool Calls】

  [1] get_my_status
  Arguments:
    {}

================================================================================


--------------------------------------------------------------------------------
[对话轮次 #212] TOOL: get_my_status
--------------------------------------------------------------------------------

【Result】
{
  "success": true,
  "data": {
    "position": "node_36",
    "battery": 44,
    "batteryRange": 22,
    "acceptedOrders": [],
    "carriedOrders": [],
    "totalWeight": 0,
    "remainingCapacity": 10,
    "currentTime": 1594.0253967444164,
    "formattedTime": "02:34.02539674441641",
    "remainingTime": 205.9746032555836,
    "formattedRemainingTime": "3小时25.974603255583588分钟",
    "profit": 357.3829067446787
  }
}

--------------------------------------------------------------------------------

[AI Client] History limit reached. Trimmed to 25 non-system messages (removed 2 oldest messages)

──────────────────────────────────────────────────────────────────────
⏰ 时间: 02:34    | 🔄 迭代: 213
📍 位置: node_36    | 🔋 电量: 44.0% (22.0km)
💰 利润: ¥357.38   | ✅ 完成: 27 单
📦 背包: 空
💬 AI: Executed 1 tool call(s)

================================================================================
[对话轮次 #213] ASSISTANT
================================================================================

【Tool Calls】

  [1] search_nearby_orders
  Arguments:
    {
        "radius": 5
    }

================================================================================


--------------------------------------------------------------------------------
[对话轮次 #213] TOOL: search_nearby_orders
--------------------------------------------------------------------------------

【Result】
{
  "success": true,
  "data": {
    "orders": [
      {
        "id": "order_95",
        "type": "food",
        "name": "[\"干煸牛肉丝\",\"冰草莓咖啡拿铁\"]",
        "deliveryFee": 21.117363161570395,
        "weight": 0.5179976776707917,
        "itemPrice": 70.10213624453172,
        "pickupLocation": "node_13",
        "deliveryLocation": "node_46",
        "distance": 12,
        "estimatedTimeLimit": 47
      },
      {
        "id": "order_96",
        "type": "food",
        "name": "[\"百叶包肉\",\"里奥哈梦迪娅-马奎斯卡西洛酒园\"]",
        "deliveryFee": 21.01568179195747,
        "weight": 0.537027777521871,
        "itemPrice": 75.38636348210275,
        "pickupLocation": "node_96",
        "deliveryLocation": "node_93",
        "distance": 11,
        "estimatedTimeLimit": 44
      }
    ]
  }
}

--------------------------------------------------------------------------------

[AI Client] History limit reached. Trimmed to 25 non-system messages (removed 2 oldest messages)

──────────────────────────────────────────────────────────────────────
⏰ 时间: 02:34    | 🔄 迭代: 214
📍 位置: node_36    | 🔋 电量: 44.0% (22.0km)
💰 利润: ¥357.38   | ✅ 完成: 27 单
📦 背包: 空
💬 AI: Executed 1 tool call(s)

================================================================================
[对话轮次 #214] ASSISTANT
================================================================================

【Tool Calls】

  [1] get_location_info
  Arguments:
    {
        "locationId": "node_36"
    }

================================================================================


--------------------------------------------------------------------------------
[对话轮次 #214] TOOL: get_location_info
--------------------------------------------------------------------------------

【Result】
{
  "success": true,
  "data": {
    "id": "node_36",
    "type": "residential",
    "name": "居民区_36",
    "position": {
      "x": 9,
      "y": 12
    },
    "neighbors": [
      {
        "id": "node_89",
        "name": "超市_89",
        "type": "supermarket",
        "distance": "2.00km"
      },
      {
        "id": "node_95",
        "name": "写字楼_95",
        "type": "office",
        "distance": "2.00km"
      },
      {
        "id": "node_3",
        "name": "餐厅_3",
        "type": "restaurant",
        "distance": "3.00km"
      },
      {
        "id": "node_16",
        "name": "药店_16",
        "type": "pharmacy",
        "distance": "5.00km"
      }
    ]
  }
}

--------------------------------------------------------------------------------

[AI Client] History limit reached. Trimmed to 25 non-system messages (removed 2 oldest messages)
[AI Client] No user message in history after trim, re-anchored with a user query (llama.cpp multi_step_tool template requires it)

──────────────────────────────────────────────────────────────────────
⏰ 时间: 02:34    | 🔄 迭代: 215
📍 位置: node_36    | 🔋 电量: 44.0% (22.0km)
💰 利润: ¥357.38   | ✅ 完成: 27 单
📦 背包: 1/5 单 | ⚖️  重量: 0.52/10kg
   1. order_95 🍔 ⏳待取餐 - 0.52kg - ¥21.12
💬 AI: Executed 1 tool call(s)

================================================================================
[对话轮次 #215] ASSISTANT
================================================================================

【Tool Calls】

  [1] accept_order
  Arguments:
    {
        "orderId": "order_95"
    }

================================================================================


--------------------------------------------------------------------------------
[对话轮次 #215] TOOL: accept_order
--------------------------------------------------------------------------------

【Result】
{
  "success": true,
  "data": {
    "success": true,
    "order": {
      "id": "order_95",
      "type": "food",
      "name": "[\"干煸牛肉丝\",\"冰草莓咖啡拿铁\"]",
      "pickupLocation": "node_13",
      "deliveryLocation": "node_46",
      "distance": 12,
      "itemPrice": 70.10213624453172,
      "deliveryFee": 21.117363161570395,
      "weight": 0.5179976776707917,
      "timeLimit": 47,
      "createdAt": 1593.0253967444164,
      "pickedUp": false,
      "delivered": false,
      "acceptedAt": 1594.0253967444164,
      "deadline": 1641.0253967444164
    }
  }
}

--------------------------------------------------------------------------------

[AI Client] History limit reached. Trimmed to 25 non-system messages (removed 3 oldest messages)

──────────────────────────────────────────────────────────────────────
⏰ 时间: 02:34    | 🔄 迭代: 216
📍 位置: node_36    | 🔋 电量: 44.0% (22.0km)
💰 利润: ¥357.38   | ✅ 完成: 27 单
📦 背包: 2/5 单 | ⚖️  重量: 1.06/10kg
   1. order_95 🍔 ⏳待取餐 - 0.52kg - ¥21.12
   2. order_96 🍔 ⏳待取餐 - 0.54kg - ¥21.02
💬 AI: Executed 1 tool call(s)

================================================================================
[对话轮次 #216] ASSISTANT
================================================================================

【Tool Calls】

  [1] accept_order
  Arguments:
    {
        "orderId": "order_96"
    }

================================================================================


--------------------------------------------------------------------------------
[对话轮次 #216] TOOL: accept_order
--------------------------------------------------------------------------------

【Result】
{
  "success": true,
  "data": {
    "success": true,
    "order": {
      "id": "order_96",
      "type": "food",
      "name": "[\"百叶包肉\",\"里奥哈梦迪娅-马奎斯卡西洛酒园\"]",
      "pickupLocation": "node_96",
      "deliveryLocation": "node_93",
      "distance": 11,
      "itemPrice": 75.38636348210275,
      "deliveryFee": 21.01568179195747,
      "weight": 0.537027777521871,
      "timeLimit": 44,
      "createdAt": 1593.0253967444164,
      "pickedUp": false,
      "delivered": false,
      "acceptedAt": 1594.0253967444164,
      "deadline": 1638.0253967444164
    }
  }
}

--------------------------------------------------------------------------------

[AI Client] History limit reached. Trimmed to 25 non-system messages (removed 2 oldest messages)

──────────────────────────────────────────────────────────────────────
⏰ 时间: 02:34    | 🔄 迭代: 217
📍 位置: node_36    | 🔋 电量: 44.0% (22.0km)
💰 利润: ¥357.38   | ✅ 完成: 27 单
📦 背包: 2/5 单 | ⚖️  重量: 1.06/10kg
   1. order_95 🍔 ⏳待取餐 - 0.52kg - ¥21.12
   2. order_96 🍔 ⏳待取餐 - 0.54kg - ¥21.02
💬 AI: Executed 1 tool call(s)

================================================================================
[对话轮次 #217] ASSISTANT
================================================================================

【Tool Calls】

  [1] calculate_distance
  Arguments:
    {
        "fromId": "node_36",
        "toId": "node_13"
    }

================================================================================


--------------------------------------------------------------------------------
[对话轮次 #217] TOOL: calculate_distance
--------------------------------------------------------------------------------

【Result】
{
  "success": true,
  "data": {
    "distance": 5,
    "path": [
      "node_36",
      "node_3",
      "node_13"
    ]
  }
}

--------------------------------------------------------------------------------

[AI Client] History limit reached. Trimmed to 25 non-system messages (removed 2 oldest messages)

──────────────────────────────────────────────────────────────────────
⏰ 时间: 02:34    | 🔄 迭代: 218
📍 位置: node_36    | 🔋 电量: 44.0% (22.0km)
💰 利润: ¥357.38   | ✅ 完成: 27 单
📦 背包: 2/5 单 | ⚖️  重量: 1.06/10kg
   1. order_95 🍔 ⏳待取餐 - 0.52kg - ¥21.12
   2. order_96 🍔 ⏳待取餐 - 0.54kg - ¥21.02
💬 AI: Executed 1 tool call(s)

================================================================================
[对话轮次 #218] ASSISTANT
================================================================================

【Tool Calls】

  [1] calculate_distance
  Arguments:
    {
        "fromId": "node_36",
        "toId": "node_96"
    }

================================================================================


--------------------------------------------------------------------------------
[对话轮次 #218] TOOL: calculate_distance
--------------------------------------------------------------------------------

【Result】
{
  "success": true,
  "data": {
    "distance": 3,
    "path": [
      "node_36",
      "node_89",
      "node_96"
    ]
  }
}

--------------------------------------------------------------------------------

[AI Client] History limit reached. Trimmed to 25 non-system messages (removed 2 oldest messages)

──────────────────────────────────────────────────────────────────────
⏰ 时间: 02:34    | 🔄 迭代: 219
📍 位置: node_36    | 🔋 电量: 44.0% (22.0km)
💰 利润: ¥357.38   | ✅ 完成: 27 单
📦 背包: 2/5 单 | ⚖️  重量: 1.06/10kg
   1. order_95 🍔 ⏳待取餐 - 0.52kg - ¥21.12
   2. order_96 🍔 ⏳待取餐 - 0.54kg - ¥21.02
💬 AI: Executed 1 tool call(s)

================================================================================
[对话轮次 #219] ASSISTANT
================================================================================

【Tool Calls】

  [1] calculate_distance
  Arguments:
    {
        "fromId": "node_96",
        "toId": "node_93"
    }

================================================================================


--------------------------------------------------------------------------------
[对话轮次 #219] TOOL: calculate_distance
--------------------------------------------------------------------------------

【Result】
{
  "success": true,
  "data": {
    "distance": 11,
    "path": [
      "node_96",
      "node_8",
      "node_41",
      "node_12",
      "node_10",
      "node_93"
    ]
  }
}

--------------------------------------------------------------------------------

[AI Client] History limit reached. Trimmed to 25 non-system messages (removed 2 oldest messages)

──────────────────────────────────────────────────────────────────────
⏰ 时间: 02:34    | 🔄 迭代: 220
📍 位置: node_36    | 🔋 电量: 44.0% (22.0km)
💰 利润: ¥357.38   | ✅ 完成: 27 单
📦 背包: 2/5 单 | ⚖️  重量: 1.06/10kg
   1. order_95 🍔 ⏳待取餐 - 0.52kg - ¥21.12
   2. order_96 🍔 ⏳待取餐 - 0.54kg - ¥21.02
💬 AI: Executed 1 tool call(s)

================================================================================
[对话轮次 #220] ASSISTANT
================================================================================

【Tool Calls】

  [1] calculate_distance
  Arguments:
    {
        "fromId": "node_96",
        "toId": "node_13"
    }

================================================================================


--------------------------------------------------------------------------------
[对话轮次 #220] TOOL: calculate_distance
--------------------------------------------------------------------------------

【Result】
{
  "success": true,
  "data": {
    "distance": 6,
    "path": [
      "node_96",
      "node_29",
      "node_56",
      "node_3",
      "node_13"
    ]
  }
}

--------------------------------------------------------------------------------

[AI Client] History limit reached. Trimmed to 25 non-system messages (removed 2 oldest messages)

──────────────────────────────────────────────────────────────────────
⏰ 时间: 02:34    | 🔄 迭代: 221
📍 位置: node_36    | 🔋 电量: 44.0% (22.0km)
💰 利润: ¥357.38   | ✅ 完成: 27 单
📦 背包: 2/5 单 | ⚖️  重量: 1.06/10kg
   1. order_95 🍔 ⏳待取餐 - 0.52kg - ¥21.12
   2. order_96 🍔 ⏳待取餐 - 0.54kg - ¥21.02
💬 AI: Executed 1 tool call(s)

================================================================================
[对话轮次 #221] ASSISTANT
================================================================================

【Tool Calls】

  [1] calculate_distance
  Arguments:
    {
        "fromId": "node_13",
        "toId": "node_46"
    }

================================================================================


--------------------------------------------------------------------------------
[对话轮次 #221] TOOL: calculate_distance
--------------------------------------------------------------------------------

【Result】
{
  "success": true,
  "data": {
    "distance": 12,
    "path": [
      "node_13",
      "node_65",
      "node_85",
      "node_29",
      "node_20",
      "node_8",
      "node_18",
      "node_50",
      "node_67",
      "node_46"
    ]
  }
}

--------------------------------------------------------------------------------

[AI Client] History limit reached. Trimmed to 25 non-system messages (removed 2 oldest messages)

──────────────────────────────────────────────────────────────────────
⏰ 时间: 02:34    | 🔄 迭代: 222
📍 位置: node_36    | 🔋 电量: 44.0% (22.0km)
💰 利润: ¥357.38   | ✅ 完成: 27 单
📦 背包: 2/5 单 | ⚖️  重量: 1.06/10kg
   1. order_95 🍔 ⏳待取餐 - 0.52kg - ¥21.12
   2. order_96 🍔 ⏳待取餐 - 0.54kg - ¥21.02
💬 AI: Executed 1 tool call(s)

================================================================================
[对话轮次 #222] ASSISTANT
================================================================================

【Tool Calls】

  [1] calculate_distance
  Arguments:
    {
        "fromId": "node_46",
        "toId": "node_93"
    }

================================================================================


--------------------------------------------------------------------------------
[对话轮次 #222] TOOL: calculate_distance
--------------------------------------------------------------------------------

【Result】
{
  "success": true,
  "data": {
    "distance": 5,
    "path": [
      "node_46",
      "node_92",
      "node_10",
      "node_93"
    ]
  }
}

--------------------------------------------------------------------------------

[AI Client] History limit reached. Trimmed to 25 non-system messages (removed 2 oldest messages)

──────────────────────────────────────────────────────────────────────
⏰ 时间: 02:40    | 🔄 迭代: 223
📍 位置: node_96    | 🔋 电量: 38.0% (19.0km)
💰 利润: ¥357.38   | ✅ 完成: 27 单
📦 背包: 2/5 单 | ⚖️  重量: 1.06/10kg
   1. order_95 🍔 ⏳待取餐 - 0.52kg - ¥21.12
   2. order_96 🍔 ⏳待取餐 - 0.54kg - ¥21.02
💬 AI: Executed 1 tool call(s)

================================================================================
[对话轮次 #223] ASSISTANT
================================================================================

【Tool Calls】

  [1] move_to
  Arguments:
    {
        "targetLocationId": "node_96"
    }

================================================================================


--------------------------------------------------------------------------------
[对话轮次 #223] TOOL: move_to
--------------------------------------------------------------------------------

【Result】
{
  "success": true,
  "data": {
    "success": true,
    "timeCost": 6,
    "batteryCost": 6,
    "newPosition": "node_96",
    "distance": 3
  }
}

--------------------------------------------------------------------------------

[AI Client] History limit reached. Trimmed to 25 non-system messages (removed 2 oldest messages)

──────────────────────────────────────────────────────────────────────
⏰ 时间: 02:42    | 🔄 迭代: 224
📍 位置: node_96    | 🔋 电量: 38.0% (19.0km)
💰 利润: ¥357.38   | ✅ 完成: 27 单
📦 背包: 2/5 单 | ⚖️  重量: 1.06/10kg
   1. order_95 🍔 ⏳待取餐 - 0.52kg - ¥21.12
   2. order_96 🍔 ✓已取餐 - 0.54kg - ¥21.02
💬 AI: Executed 1 tool call(s)

================================================================================
[对话轮次 #224] ASSISTANT
================================================================================

【Tool Calls】

  [1] pickup_food
  Arguments:
    {
        "orderId": "order_96"
    }

================================================================================


--------------------------------------------------------------------------------
[对话轮次 #224] TOOL: pickup_food
--------------------------------------------------------------------------------

【Result】
{
  "success": true,
  "data": {
    "success": true,
    "timeCost": 2
  }
}

--------------------------------------------------------------------------------

[AI Client] History limit reached. Trimmed to 25 non-system messages (removed 2 oldest messages)

──────────────────────────────────────────────────────────────────────
⏰ 时间: 02:54    | 🔄 迭代: 225
📍 位置: node_13    | 🔋 电量: 26.0% (13.0km)
💰 利润: ¥357.38   | ✅ 完成: 27 单
📦 背包: 2/5 单 | ⚖️  重量: 1.06/10kg
   1. order_95 🍔 ⏳待取餐 - 0.52kg - ¥21.12
   2. order_96 🍔 ✓已取餐 - 0.54kg - ¥21.02
💬 AI: Executed 1 tool call(s)

================================================================================
[对话轮次 #225] ASSISTANT
================================================================================

【Tool Calls】

  [1] move_to
  Arguments:
    {
        "targetLocationId": "node_13"
    }

================================================================================


--------------------------------------------------------------------------------
[对话轮次 #225] TOOL: move_to
--------------------------------------------------------------------------------

【Result】
{
  "success": true,
  "data": {
    "success": true,
    "timeCost": 12,
    "batteryCost": 12,
    "newPosition": "node_13",
    "distance": 6
  }
}

--------------------------------------------------------------------------------

[AI Client] History limit reached. Trimmed to 25 non-system messages (removed 2 oldest messages)

──────────────────────────────────────────────────────────────────────
⏰ 时间: 02:54    | 🔄 迭代: 226
📍 位置: node_13    | 🔋 电量: 26.0% (13.0km)
💰 利润: ¥357.38   | ✅ 完成: 27 单
📦 背包: 2/5 单 | ⚖️  重量: 1.06/10kg
   1. order_95 🍔 ⏳待取餐 - 0.52kg - ¥21.12
   2. order_96 🍔 ✓已取餐 - 0.54kg - ¥21.02
💬 AI: Executed 1 tool call(s)

================================================================================
[对话轮次 #226] ASSISTANT
================================================================================

【Tool Calls】

  [1] pickup_food
  Arguments:
    {
        "orderId": "order_96"
    }

================================================================================


--------------------------------------------------------------------------------
[对话轮次 #226] TOOL: pickup_food
--------------------------------------------------------------------------------

【Result】
{
  "success": false,
  "error": {
    "code": "WRONG_LOCATION",
    "message": "Not at pickup location. Current: node_13, Required: node_96",
    "details": {
      "currentPosition": "node_13",
      "requiredLocation": "node_96"
    }
  }
}

--------------------------------------------------------------------------------

[AI Client] History limit reached. Trimmed to 25 non-system messages (removed 2 oldest messages)

──────────────────────────────────────────────────────────────────────
⏰ 时间: 02:56    | 🔄 迭代: 227
📍 位置: node_13    | 🔋 电量: 26.0% (13.0km)
💰 利润: ¥357.38   | ✅ 完成: 27 单
📦 背包: 2/5 单 | ⚖️  重量: 1.06/10kg
   1. order_95 🍔 ✓已取餐 - 0.52kg - ¥21.12
   2. order_96 🍔 ✓已取餐 - 0.54kg - ¥21.02
💬 AI: Executed 1 tool call(s)

================================================================================
[对话轮次 #227] ASSISTANT
================================================================================

【Tool Calls】

  [1] pickup_food
  Arguments:
    {
        "orderId": "order_95"
    }

================================================================================


--------------------------------------------------------------------------------
[对话轮次 #227] TOOL: pickup_food
--------------------------------------------------------------------------------

【Result】
{
  "success": true,
  "data": {
    "success": true,
    "timeCost": 2
  }
}

--------------------------------------------------------------------------------

[AI Client] History limit reached. Trimmed to 25 non-system messages (removed 2 oldest messages)
[AI Client] No user message in history after trim, re-anchored with a user query (llama.cpp multi_step_tool template requires it)

──────────────────────────────────────────────────────────────────────
⏰ 时间: 02:56    | 🔄 迭代: 228
📍 位置: node_13    | 🔋 电量: 26.0% (13.0km)
💰 利润: ¥357.38   | ✅ 完成: 27 单
📦 背包: 2/5 单 | ⚖️  重量: 1.06/10kg
   1. order_95 🍔 ✓已取餐 - 0.52kg - ¥21.12
   2. order_96 🍔 ✓已取餐 - 0.54kg - ¥21.02
💬 AI: Executed 1 tool call(s)

================================================================================
[对话轮次 #228] ASSISTANT
================================================================================

【Tool Calls】

  [1] search_nearby_battery_stations
  Arguments:
    {
        "radius": 5
    }

================================================================================


--------------------------------------------------------------------------------
[对话轮次 #228] TOOL: search_nearby_battery_stations
--------------------------------------------------------------------------------

【Result】
{
  "success": true,
  "data": {
    "stations": [
      {
        "id": "node_65",
        "name": "换电站_65",
        "distance": 1,
        "estimatedTime": 2,
        "position": {
          "x": 11,
          "y": 14
        }
      }
    ]
  }
}

--------------------------------------------------------------------------------

[AI Client] History limit reached. Trimmed to 25 non-system messages (removed 3 oldest messages)

──────────────────────────────────────────────────────────────────────
⏰ 时间: 02:58    | 🔄 迭代: 229
📍 位置: node_65    | 🔋 电量: 24.0% (12.0km)
💰 利润: ¥357.38   | ✅ 完成: 27 单
📦 背包: 2/5 单 | ⚖️  重量: 1.06/10kg
   1. order_95 🍔 ✓已取餐 - 0.52kg - ¥21.12
   2. order_96 🍔 ✓已取餐 - 0.54kg - ¥21.02
💬 AI: Executed 1 tool call(s)

================================================================================
[对话轮次 #229] ASSISTANT
================================================================================

【Tool Calls】

  [1] move_to
  Arguments:
    {
        "targetLocationId": "node_65"
    }

================================================================================


--------------------------------------------------------------------------------
[对话轮次 #229] TOOL: move_to
--------------------------------------------------------------------------------

【Result】
{
  "success": true,
  "data": {
    "success": true,
    "timeCost": 2,
    "batteryCost": 2,
    "newPosition": "node_65",
    "distance": 1
  }
}

--------------------------------------------------------------------------------

[AI Client] History limit reached. Trimmed to 25 non-system messages (removed 2 oldest messages)

──────────────────────────────────────────────────────────────────────
⏰ 时间: 02:59    | 🔄 迭代: 230
📍 位置: node_65    | 🔋 电量: 100.0% (50.0km)
💰 利润: ¥356.88   | ✅ 完成: 27 单
📦 背包: 2/5 单 | ⚖️  重量: 1.06/10kg
   1. order_95 🍔 ✓已取餐 - 0.52kg - ¥21.12
   2. order_96 🍔 ✓已取餐 - 0.54kg - ¥21.02
💬 AI: Executed 1 tool call(s)

================================================================================
[对话轮次 #230] ASSISTANT
================================================================================

【Tool Calls】

  [1] swap_battery
  Arguments:
    {}

================================================================================


--------------------------------------------------------------------------------
[对话轮次 #230] TOOL: swap_battery
--------------------------------------------------------------------------------

【Result】
{
  "success": true,
  "data": {
    "success": true,
    "cost": 0.5,
    "timeCost": 1,
    "newBattery": 100
  }
}

--------------------------------------------------------------------------------

[OrderGenerator] Removing 2 expired order(s): order_98, order_99
[AI Client] History limit reached. Trimmed to 25 non-system messages (removed 2 oldest messages)

──────────────────────────────────────────────────────────────────────
⏰ 时间: 03:21    | 🔄 迭代: 231
📍 位置: node_46    | 🔋 电量: 78.0% (39.0km)
💰 利润: ¥356.88   | ✅ 完成: 27 单
📦 背包: 2/5 单 | ⚖️  重量: 1.06/10kg
   1. order_95 🍔 ✓已取餐 - 0.52kg - ¥21.12
   2. order_96 🍔 ✓已取餐 - 0.54kg - ¥21.02
💬 AI: Executed 1 tool call(s)

================================================================================
[对话轮次 #231] ASSISTANT
================================================================================

【Tool Calls】

  [1] move_to
  Arguments:
    {
        "targetLocationId": "node_46"
    }

================================================================================


--------------------------------------------------------------------------------
[对话轮次 #231] TOOL: move_to
--------------------------------------------------------------------------------

【Result】
{
  "success": true,
  "data": {
    "success": true,
    "timeCost": 22,
    "batteryCost": 22,
    "newPosition": "node_46",
    "distance": 11
  }
}

--------------------------------------------------------------------------------

[AI Client] History limit reached. Trimmed to 25 non-system messages (removed 2 oldest messages)

──────────────────────────────────────────────────────────────────────
⏰ 订单完成: order_95 🍔
   配送费: ¥21.12
   实际收入: ¥21.12
   状态: 超时1.0分钟
──────────────────────────────────────────────────────────────────────

──────────────────────────────────────────────────────────────────────
⏰ 时间: 03:22    | 🔄 迭代: 232
📍 位置: node_46    | 🔋 电量: 78.0% (39.0km)
💰 利润: ¥378.00   | ✅ 完成: 28 单
📦 背包: 1/5 单 | ⚖️  重量: 0.54/10kg
   1. order_96 🍔 ✓已取餐 - 0.54kg - ¥21.02
💬 AI: Executed 1 tool call(s)

================================================================================
[对话轮次 #232] ASSISTANT
================================================================================

【Tool Calls】

  [1] deliver_food
  Arguments:
    {
        "orderId": "order_95"
    }

================================================================================


--------------------------------------------------------------------------------
[对话轮次 #232] TOOL: deliver_food
--------------------------------------------------------------------------------

【Result】
{
  "success": true,
  "data": {
    "success": true,
    "payment": 21.117363161570395,
    "overtime": 1,
    "penalty": 0,
    "timeCost": 1
  }
}

--------------------------------------------------------------------------------

[AI Client] History limit reached. Trimmed to 25 non-system messages (removed 2 oldest messages)

──────────────────────────────────────────────────────────────────────
⏰ 时间: 03:34    | 🔄 迭代: 233
📍 位置: node_96    | 🔋 电量: 66.0% (33.0km)
💰 利润: ¥378.00   | ✅ 完成: 28 单
📦 背包: 1/5 单 | ⚖️  重量: 0.54/10kg
   1. order_96 🍔 ✓已取餐 - 0.54kg - ¥21.02
💬 AI: Executed 1 tool call(s)

================================================================================
[对话轮次 #233] ASSISTANT
================================================================================

【Tool Calls】

  [1] move_to
  Arguments:
    {
        "targetLocationId": "node_96"
    }

================================================================================


--------------------------------------------------------------------------------
[对话轮次 #233] TOOL: move_to
--------------------------------------------------------------------------------

【Result】
{
  "success": true,
  "data": {
    "success": true,
    "timeCost": 12,
    "batteryCost": 12,
    "newPosition": "node_96",
    "distance": 6
  }
}

--------------------------------------------------------------------------------

[AI Client] History limit reached. Trimmed to 25 non-system messages (removed 2 oldest messages)

──────────────────────────────────────────────────────────────────────
⏰ 时间: 03:36    | 🔄 迭代: 234
📍 位置: node_96    | 🔋 电量: 66.0% (33.0km)
💰 利润: ¥378.00   | ✅ 完成: 28 单
📦 背包: 1/5 单 | ⚖️  重量: 0.54/10kg
   1. order_96 🍔 ✓已取餐 - 0.54kg - ¥21.02
💬 AI: Executed 1 tool call(s)

================================================================================
[对话轮次 #234] ASSISTANT
================================================================================

【Tool Calls】

  [1] pickup_food
  Arguments:
    {
        "orderId": "order_96"
    }

================================================================================


--------------------------------------------------------------------------------
[对话轮次 #234] TOOL: pickup_food
--------------------------------------------------------------------------------

【Result】
{
  "success": true,
  "data": {
    "success": true,
    "timeCost": 2
  }
}

--------------------------------------------------------------------------------

[AI Client] History limit reached. Trimmed to 25 non-system messages (removed 2 oldest messages)

──────────────────────────────────────────────────────────────────────
⏰ 时间: 03:58    | 🔄 迭代: 235
📍 位置: node_93    | 🔋 电量: 44.0% (22.0km)
💰 利润: ¥378.00   | ✅ 完成: 28 单
📦 背包: 1/5 单 | ⚖️  重量: 0.54/10kg
   1. order_96 🍔 ✓已取餐 - 0.54kg - ¥21.02
💬 AI: Executed 1 tool call(s)

================================================================================
[对话轮次 #235] ASSISTANT
================================================================================

【Tool Calls】

  [1] move_to
  Arguments:
    {
        "targetLocationId": "node_93"
    }

================================================================================


--------------------------------------------------------------------------------
[对话轮次 #235] TOOL: move_to
--------------------------------------------------------------------------------

【Result】
{
  "success": true,
  "data": {
    "success": true,
    "timeCost": 22,
    "batteryCost": 22,
    "newPosition": "node_93",
    "distance": 11
  }
}

--------------------------------------------------------------------------------

[OrderGenerator] Removing 8 expired order(s): order_91, order_94, order_97, order_100, order_101, order_102, order_103, order_104
[AI Client] History limit reached. Trimmed to 25 non-system messages (removed 2 oldest messages)

──────────────────────────────────────────────────────────────────────
⏰ 订单完成: order_96 🍔
   配送费: ¥21.02
   实际收入: ¥6.30
   超时罚款: -¥14.71
   状态: 超时41.0分钟
──────────────────────────────────────────────────────────────────────

──────────────────────────────────────────────────────────────────────
⏰ 时间: 03:59    | 🔄 迭代: 236
📍 位置: node_93    | 🔋 电量: 44.0% (22.0km)
💰 利润: ¥384.30   | ✅ 完成: 29 单
📦 背包: 空
💬 AI: Executed 1 tool call(s)

================================================================================
[对话轮次 #236] ASSISTANT
================================================================================

【Tool Calls】

  [1] deliver_food
  Arguments:
    {
        "orderId": "order_96"
    }

================================================================================


--------------------------------------------------------------------------------
[对话轮次 #236] TOOL: deliver_food
--------------------------------------------------------------------------------

【Result】
{
  "success": true,
  "data": {
    "success": true,
    "payment": 6.3047045375872415,
    "overtime": 41,
    "penalty": 14.710977254370228,
    "timeCost": 1
  }
}

--------------------------------------------------------------------------------

[AI Client] History limit reached. Trimmed to 25 non-system messages (removed 2 oldest messages)

──────────────────────────────────────────────────────────────────────
⏰ 时间: 03:59    | 🔄 迭代: 237
📍 位置: node_93    | 🔋 电量: 44.0% (22.0km)
💰 利润: ¥384.30   | ✅ 完成: 29 单
📦 背包: 空
💬 AI: Executed 1 tool call(s)

================================================================================
[对话轮次 #237] ASSISTANT
================================================================================

【Tool Calls】

  [1] search_nearby_orders
  Arguments:
    {
        "radius": 5
    }

================================================================================


--------------------------------------------------------------------------------
[对话轮次 #237] TOOL: search_nearby_orders
--------------------------------------------------------------------------------

【Result】
{
  "success": true,
  "data": {
    "orders": []
  }
}

--------------------------------------------------------------------------------

[AI Client] History limit reached. Trimmed to 25 non-system messages (removed 2 oldest messages)

──────────────────────────────────────────────────────────────────────
⏰ 时间: 03:59    | 🔄 迭代: 238
📍 位置: node_93    | 🔋 电量: 44.0% (22.0km)
💰 利润: ¥384.30   | ✅ 完成: 29 单
📦 背包: 空
💬 AI: Executed 1 tool call(s)

================================================================================
[对话轮次 #238] ASSISTANT
================================================================================

【Tool Calls】

  [1] search_nearby_orders
  Arguments:
    {
        "radius": 10
    }

================================================================================


--------------------------------------------------------------------------------
[对话轮次 #238] TOOL: search_nearby_orders
--------------------------------------------------------------------------------

【Result】
{
  "success": true,
  "data": {
    "orders": [
      {
        "id": "order_105",
        "type": "supermarket",
        "name": "[\"饮料\",\"调味品\",\"水果\"]",
        "deliveryFee": 26.96642489041018,
        "weight": 8.022808562964201,
        "itemPrice": 107.95418428257108,
        "pickupLocation": "node_88",
        "deliveryLocation": "node_6",
        "distance": 11.414213562373096,
        "estimatedTimeLimit": 45.24264068711929
      }
    ]
  }
}

--------------------------------------------------------------------------------

[AI Client] History limit reached. Trimmed to 25 non-system messages (removed 2 oldest messages)

──────────────────────────────────────────────────────────────────────
⏰ 时间: 03:59    | 🔄 迭代: 239
📍 位置: node_93    | 🔋 电量: 44.0% (22.0km)
💰 利润: ¥384.30   | ✅ 完成: 29 单
📦 背包: 1/5 单 | ⚖️  重量: 8.02/10kg
   1. order_105 🛒 ⏳待取餐 - 8.02kg - ¥26.97
💬 AI: Executed 1 tool call(s)

================================================================================
[对话轮次 #239] ASSISTANT
================================================================================

【Tool Calls】

  [1] accept_order
  Arguments:
    {
        "orderId": "order_105"
    }

================================================================================


--------------------------------------------------------------------------------
[对话轮次 #239] TOOL: accept_order
--------------------------------------------------------------------------------

【Result】
{
  "success": true,
  "data": {
    "success": true,
    "order": {
      "id": "order_105",
      "type": "supermarket",
      "name": "[\"饮料\",\"调味品\",\"水果\"]",
      "pickupLocation": "node_88",
      "deliveryLocation": "node_6",
      "distance": 11.414213562373096,
      "itemPrice": 107.95418428257108,
      "deliveryFee": 26.96642489041018,
      "weight": 8.022808562964201,
      "timeLimit": 45.24264068711929,
      "createdAt": 1678.0253967444164,
      "pickedUp": false,
      "delivered": false,
      "acceptedAt": 1679.0253967444164,
      "deadline": 1724.2680374315357
    }
  }
}

--------------------------------------------------------------------------------

[AI Client] History limit reached. Trimmed to 25 non-system messages (removed 2 oldest messages)

──────────────────────────────────────────────────────────────────────
⏰ 时间: 04:11    | 🔄 迭代: 240
📍 位置: node_88    | 🔋 电量: 32.0% (16.0km)
💰 利润: ¥384.30   | ✅ 完成: 29 单
📦 背包: 1/5 单 | ⚖️  重量: 8.02/10kg
   1. order_105 🛒 ⏳待取餐 - 8.02kg - ¥26.97
💬 AI: Executed 1 tool call(s)

================================================================================
[对话轮次 #240] ASSISTANT
================================================================================

【Tool Calls】

  [1] move_to
  Arguments:
    {
        "targetLocationId": "node_88"
    }

================================================================================


--------------------------------------------------------------------------------
[对话轮次 #240] TOOL: move_to
--------------------------------------------------------------------------------

【Result】
{
  "success": true,
  "data": {
    "success": true,
    "timeCost": 12,
    "batteryCost": 12,
    "newPosition": "node_88",
    "distance": 6
  }
}

--------------------------------------------------------------------------------

[AI Client] History limit reached. Trimmed to 25 non-system messages (removed 2 oldest messages)
[AI Client] No user message in history after trim, re-anchored with a user query (llama.cpp multi_step_tool template requires it)

──────────────────────────────────────────────────────────────────────
⏰ 时间: 04:13    | 🔄 迭代: 241
📍 位置: node_88    | 🔋 电量: 32.0% (16.0km)
💰 利润: ¥384.30   | ✅ 完成: 29 单
📦 背包: 1/5 单 | ⚖️  重量: 8.02/10kg
   1. order_105 🛒 ✓已取餐 - 8.02kg - ¥26.97
💬 AI: Executed 1 tool call(s)

================================================================================
[对话轮次 #241] ASSISTANT
================================================================================

【Tool Calls】

  [1] pickup_food
  Arguments:
    {
        "orderId": "order_105"
    }

================================================================================


--------------------------------------------------------------------------------
[对话轮次 #241] TOOL: pickup_food
--------------------------------------------------------------------------------

【Result】
{
  "success": true,
  "data": {
    "success": true,
    "timeCost": 2
  }
}

--------------------------------------------------------------------------------

[AI Client] History limit reached. Trimmed to 25 non-system messages (removed 3 oldest messages)

──────────────────────────────────────────────────────────────────────
⏰ 时间: 04:35    | 🔄 迭代: 242
📍 位置: node_6     | 🔋 电量: 9.2% (4.6km)
💰 利润: ¥384.30   | ✅ 完成: 29 单
📦 背包: 1/5 单 | ⚖️  重量: 8.02/10kg
   1. order_105 🛒 ✓已取餐 - 8.02kg - ¥26.97
💬 AI: Executed 1 tool call(s)

================================================================================
[对话轮次 #242] ASSISTANT
================================================================================

【Tool Calls】

  [1] move_to
  Arguments:
    {
        "targetLocationId": "node_6"
    }

================================================================================


--------------------------------------------------------------------------------
[对话轮次 #242] TOOL: move_to
--------------------------------------------------------------------------------

【Result】
{
  "success": true,
  "data": {
    "success": true,
    "timeCost": 22.82842712474619,
    "batteryCost": 22.82842712474619,
    "newPosition": "node_6",
    "distance": 11.414213562373096
  }
}

--------------------------------------------------------------------------------

[AI Client] History limit reached. Trimmed to 25 non-system messages (removed 2 oldest messages)

──────────────────────────────────────────────────────────────────────
✅ 订单完成: order_105 🛒
   配送费: ¥26.97
   实际收入: ¥26.97
   状态: 准时完成
──────────────────────────────────────────────────────────────────────

──────────────────────────────────────────────────────────────────────
⏰ 时间: 04:36    | 🔄 迭代: 243
📍 位置: node_6     | 🔋 电量: 9.2% (4.6km)
💰 利润: ¥411.27   | ✅ 完成: 30 单
📦 背包: 空
💬 AI: Executed 1 tool call(s)

================================================================================
[对话轮次 #243] ASSISTANT
================================================================================

【Tool Calls】

  [1] deliver_food
  Arguments:
    {
        "orderId": "order_105"
    }

================================================================================


--------------------------------------------------------------------------------
[对话轮次 #243] TOOL: deliver_food
--------------------------------------------------------------------------------

【Result】
{
  "success": true,
  "data": {
    "success": true,
    "payment": 26.96642489041018,
    "overtime": 0,
    "penalty": 0,
    "timeCost": 1
  }
}

--------------------------------------------------------------------------------

[AI Client] History limit reached. Trimmed to 25 non-system messages (removed 2 oldest messages)

──────────────────────────────────────────────────────────────────────
⏰ 时间: 04:36    | 🔄 迭代: 244
📍 位置: node_6     | 🔋 电量: 9.2% (4.6km)
💰 利润: ¥411.27   | ✅ 完成: 30 单
📦 背包: 空
💬 AI: Executed 1 tool call(s)

================================================================================
[对话轮次 #244] ASSISTANT
================================================================================

【Tool Calls】

  [1] search_nearby_orders
  Arguments:
    {
        "radius": 10
    }

================================================================================


--------------------------------------------------------------------------------
[对话轮次 #244] TOOL: search_nearby_orders
--------------------------------------------------------------------------------

【Result】
{
  "success": true,
  "data": {
    "orders": []
  }
}

--------------------------------------------------------------------------------

[AI Client] History limit reached. Trimmed to 25 non-system messages (removed 2 oldest messages)

──────────────────────────────────────────────────────────────────────
⏰ 时间: 04:36    | 🔄 迭代: 245
📍 位置: node_6     | 🔋 电量: 9.2% (4.6km)
💰 利润: ¥411.27   | ✅ 完成: 30 单
📦 背包: 空
💬 AI: Executed 1 tool call(s)

================================================================================
[对话轮次 #245] ASSISTANT
================================================================================

【Tool Calls】

  [1] search_nearby_orders
  Arguments:
    {
        "radius": 15
    }

================================================================================


--------------------------------------------------------------------------------
[对话轮次 #245] TOOL: search_nearby_orders
--------------------------------------------------------------------------------

【Result】
{
  "success": true,
  "data": {
    "orders": [
      {
        "id": "order_106",
        "type": "food",
        "name": "[\"玉簪明虾球\",\"米粉排骨\",\"总统特选南澳设拉子\"]",
        "deliveryFee": 24.214471622160637,
        "weight": 0.6235712502384558,
        "itemPrice": 76.55571542447433,
        "pickupLocation": "node_43",
        "deliveryLocation": "node_8",
        "distance": 14,
        "estimatedTimeLimit": 53
      },
      {
        "id": "order_107",
        "type": "food",
        "name": "[\"卤水鹅胗\",\"鸡汤饭\"]",
        "deliveryFee": 7.632148126349785,
        "weight": 0.9087904596235603,
        "itemPrice": 32.956378479721025,
        "pickupLocation": "node_40",
        "deliveryLocation": "node_48",
        "distance": 5,
        "estimatedTimeLimit": 26
      }
    ]
  }
}

--------------------------------------------------------------------------------

[AI Client] History limit reached. Trimmed to 25 non-system messages (removed 2 oldest messages)

──────────────────────────────────────────────────────────────────────
⏰ 时间: 04:36    | 🔄 迭代: 246
📍 位置: node_6     | 🔋 电量: 9.2% (4.6km)
💰 利润: ¥411.27   | ✅ 完成: 30 单
📦 背包: 1/5 单 | ⚖️  重量: 0.62/10kg
   1. order_106 🍔 ⏳待取餐 - 0.62kg - ¥24.21
💬 AI: Executed 1 tool call(s)

================================================================================
[对话轮次 #246] ASSISTANT
================================================================================

【Tool Calls】

  [1] accept_order
  Arguments:
    {
        "orderId": "order_106"
    }

================================================================================


--------------------------------------------------------------------------------
[对话轮次 #246] TOOL: accept_order
--------------------------------------------------------------------------------

【Result】
{
  "success": true,
  "data": {
    "success": true,
    "order": {
      "id": "order_106",
      "type": "food",
      "name": "[\"玉簪明虾球\",\"米粉排骨\",\"总统特选南澳设拉子\"]",
      "pickupLocation": "node_43",
      "deliveryLocation": "node_8",
      "distance": 14,
      "itemPrice": 76.55571542447433,
      "deliveryFee": 24.214471622160637,
      "weight": 0.6235712502384558,
      "timeLimit": 53,
      "createdAt": 1691.0253967444164,
      "pickedUp": false,
      "delivered": false,
      "acceptedAt": 1716.8538238691626,
      "deadline": 1769.8538238691626
    }
  }
}

--------------------------------------------------------------------------------

[AI Client] History limit reached. Trimmed to 25 non-system messages (removed 2 oldest messages)

──────────────────────────────────────────────────────────────────────
⏰ 时间: 04:36    | 🔄 迭代: 247
📍 位置: node_6     | 🔋 电量: 9.2% (4.6km)
💰 利润: ¥411.27   | ✅ 完成: 30 单
📦 背包: 2/5 单 | ⚖️  重量: 1.53/10kg
   1. order_106 🍔 ⏳待取餐 - 0.62kg - ¥24.21
   2. order_107 🍔 ⏳待取餐 - 0.91kg - ¥7.63
💬 AI: Executed 1 tool call(s)

================================================================================
[对话轮次 #247] ASSISTANT
================================================================================

【Tool Calls】

  [1] accept_order
  Arguments:
    {
        "orderId": "order_107"
    }

================================================================================


--------------------------------------------------------------------------------
[对话轮次 #247] TOOL: accept_order
--------------------------------------------------------------------------------

【Result】
{
  "success": true,
  "data": {
    "success": true,
    "order": {
      "id": "order_107",
      "type": "food",
      "name": "[\"卤水鹅胗\",\"鸡汤饭\"]",
      "pickupLocation": "node_40",
      "deliveryLocation": "node_48",
      "distance": 5,
      "itemPrice": 32.956378479721025,
      "deliveryFee": 7.632148126349785,
      "weight": 0.9087904596235603,
      "timeLimit": 26,
      "createdAt": 1691.0253967444164,
      "pickedUp": false,
      "delivered": false,
      "acceptedAt": 1716.8538238691626,
      "deadline": 1742.8538238691626
    }
  }
}

--------------------------------------------------------------------------------

[AI Client] History limit reached. Trimmed to 25 non-system messages (removed 2 oldest messages)

──────────────────────────────────────────────────────────────────────
⏰ 时间: 05:38    | 🔄 迭代: 248
📍 位置: node_40    | 🔋 电量: 0.0% (0.0km)
💰 利润: ¥411.27   | ✅ 完成: 30 单
📦 背包: 2/5 单 | ⚖️  重量: 1.53/10kg
   1. order_106 🍔 ⏳待取餐 - 0.62kg - ¥24.21
   2. order_107 🍔 ⏳待取餐 - 0.91kg - ¥7.63
💬 AI: Executed 1 tool call(s)

================================================================================
[对话轮次 #248] ASSISTANT
================================================================================

【Tool Calls】

  [1] move_to
  Arguments:
    {
        "targetLocationId": "node_40"
    }

================================================================================


--------------------------------------------------------------------------------
[对话轮次 #248] TOOL: move_to
--------------------------------------------------------------------------------

【Result】
{
  "success": true,
  "data": {
    "success": true,
    "timeCost": 62.14213562373096,
    "batteryCost": 9.171572875253808,
    "newPosition": "node_40",
    "distance": 13.414213562373096,
    "pushedDistance": 8.828427124746192
  }
}

--------------------------------------------------------------------------------

[AI Client] History limit reached. Trimmed to 25 non-system messages (removed 2 oldest messages)

──────────────────────────────────────────────────────────────────────
⏰ 时间: 05:40    | 🔄 迭代: 249
📍 位置: node_40    | 🔋 电量: 0.0% (0.0km)
💰 利润: ¥411.27   | ✅ 完成: 30 单
📦 背包: 2/5 单 | ⚖️  重量: 1.53/10kg
   1. order_106 🍔 ⏳待取餐 - 0.62kg - ¥24.21
   2. order_107 🍔 ✓已取餐 - 0.91kg - ¥7.63
💬 AI: Executed 1 tool call(s)

================================================================================
[对话轮次 #249] ASSISTANT
================================================================================

【Tool Calls】

  [1] pickup_food
  Arguments:
    {
        "orderId": "order_107"
    }

================================================================================


--------------------------------------------------------------------------------
[对话轮次 #249] TOOL: pickup_food
--------------------------------------------------------------------------------

【Result】
{
  "success": true,
  "data": {
    "success": true,
    "timeCost": 2
  }
}

--------------------------------------------------------------------------------

[AI Client] History limit reached. Trimmed to 25 non-system messages (removed 2 oldest messages)

──────────────────────────────────────────────────────────────────────
⏰ 时间: 06:10    | 🔄 迭代: 250
📍 位置: node_48    | 🔋 电量: 0.0% (0.0km)
💰 利润: ¥411.27   | ✅ 完成: 30 单
📦 背包: 2/5 单 | ⚖️  重量: 1.53/10kg
   1. order_106 🍔 ⏳待取餐 - 0.62kg - ¥24.21
   2. order_107 🍔 ✓已取餐 - 0.91kg - ¥7.63
💬 AI: Executed 1 tool call(s)

================================================================================
[对话轮次 #250] ASSISTANT
================================================================================

【Tool Calls】

  [1] move_to
  Arguments:
    {
        "targetLocationId": "node_48"
    }

================================================================================


--------------------------------------------------------------------------------
[对话轮次 #250] TOOL: move_to
--------------------------------------------------------------------------------

【Result】
{
  "success": true,
  "data": {
    "success": true,
    "timeCost": 30,
    "batteryCost": 0,
    "newPosition": "node_48",
    "distance": 5,
    "pushedDistance": 5
  }
}

--------------------------------------------------------------------------------

[OrderGenerator] Removing 3 expired order(s): order_108, order_109, order_110

模拟完成！

结束时间: 2026/8/11 16:50:22
实际耗时: 2377.7 秒


正在计算评分...
正在生成报告...


══════════════════════════════════════════════════════════════════════
# Silicon Rider Bench - 评测报告

## 基本信息

- **Status**: ✅ 已完成
- **Level**: 1
- **Seed**: 622539
- **Duration**: 24:00:00
- **Model**: E:\Hermes3.6-35B-A3B-Uncensored-Genesis-V7-MTP-APEX-Compact.gguf
- **Start Time**: 2026/8/11 16:10:44
- **End Time**: 2026/8/11 16:50:22
- **Total Tokens**: 1,351,207
  - Prompt Tokens: 1,304,736
  - Completion Tokens: 46,471
- **Configuration**:
  - Max Iterations: 400
  - Context History Limit: 25
  - Temperature: 0.6
  - Top-P: 0.95
  - Repetition Penalty: 1
  - Tool Call Format: openai

## 核心指标

- **总利润**: ¥411.27
- **完成订单数**: 30
- **准时率**: 56.7% (17/30)
- **路径效率**: 1.77
- **API 违规率**: 4.2% (11/263)

## 详细统计

- **总行驶距离**: 567.8 km
- **理论最优距离**: 321.3 km
- **换电次数**: 11
- **总收入**: ¥416.77
- **总惩罚**: ¥107.91
- **总成本**: ¥5.50
- **平均每单利润**: ¥13.71
- **超时订单数**: 13
- **平均超时时长**: 13.1 分钟
- **总工具调用数**: 263
- **无效工具调用数**: 11

## 订单类型分布

- **餐饮订单**: 22 (73.3%)
- **超市订单**: 7 (23.3%)
- **药店订单**: 1 (3.3%)

## 评价总结

✅ 成功盈利 ¥411.27
❌ 准时率需要改进 (56.7%)
❌ 路径效率需要改进 (1.77)
✅ API 使用规范 (违规率 4.2%)

══════════════════════════════════════════════════════════════════════

✓ 报告已保存到: C:\Users\TK\.openclaw\workspace\silicon-rider-bench\report-level1-rules-1786435843479.md
正在生成详细报告...
✓ 详细报告已保存到: C:\Users\TK\.openclaw\workspace\silicon-rider-bench\report-level1-rules-1786435843479-detail.md

