
══════════════════════════════════════════════════════════════════════
║                 Silicon Rider Bench - AI 外卖骑手基准测试                  ║
══════════════════════════════════════════════════════════════════════

Level 1 - 完整基准测试：大地图，24小时周期，持续订单生成，动态拥堵

配置详情：
- 时长: 1440 分钟 (24.0 小时)
- 地图大小: large
- 种子: 497816
- 基准订单频率: 每 5 分钟


使用自定义种子: 622539

正在初始化模拟器...
✓ 模拟器初始化完成

正在初始化 AI 客户端...
⚠ API_KEY not set. If the upstream API requires authentication, it will return an error.
✓ AI 客户端初始化完成
  模型: E:\Hermes3.6-35B-A3B-Uncensored-Genesis-V7-MTP-APEX-Compact.gguf

开始时间: 2026/8/11 17:27:06

开始模拟...


──────────────────────────────────────────────────────────────────────
⏰ 时间: 06:00    | 🔄 迭代: 1
📍 位置: node_0     | 🔋 电量: 100.0% (50.0km)
💰 利润: ¥0.00     | ✅ 完成: 0 单
📦 背包: 空
💬 AI: Executed 1 tool call(s)

================================================================================
[对话轮次 #1] ASSISTANT
================================================================================

【Content】
好的，开始执行配送任务。首先，我需要了解当前环境中的可用订单和地图信息，以便做出最优的配送决策。

### 第一步：搜索附近可用订单
我将搜索当前半径内的所有可用订单，以获取配送机会。



【Tool Calls】

  [1] search_nearby_orders
  Arguments:
    {
        "radius": 5
    }

================================================================================


--------------------------------------------------------------------------------
[对话轮次 #1] TOOL: search_nearby_orders
--------------------------------------------------------------------------------

【Result】
{
  "success": true,
  "data": {
    "orders": [
      {
        "id": "order_8",
        "type": "food",
        "name": "[\"枸杞浓汁烩凤筋\"]",
        "deliveryFee": 12.640936422138475,
        "weight": 0.6775287688942626,
        "itemPrice": 44.11631345632486,
        "pickupLocation": "node_87",
        "deliveryLocation": "node_93",
        "distance": 8,
        "estimatedTimeLimit": 35
      }
    ]
  }
}

--------------------------------------------------------------------------------


──────────────────────────────────────────────────────────────────────
⏰ 时间: 06:00    | 🔄 迭代: 2
📍 位置: node_0     | 🔋 电量: 100.0% (50.0km)
💰 利润: ¥0.00     | ✅ 完成: 0 单
📦 背包: 空
💬 AI: Executed 1 tool call(s)

================================================================================
[对话轮次 #2] ASSISTANT
================================================================================

【Content】
好的，我找到了一个可用的餐饮订单。让我检查一下我的状态，看看是否适合接受这个订单。



【Tool Calls】

  [1] get_my_status
  Arguments:
    {}

================================================================================


--------------------------------------------------------------------------------
[对话轮次 #2] TOOL: get_my_status
--------------------------------------------------------------------------------

【Result】
{
  "success": true,
  "data": {
    "position": "node_0",
    "battery": 100,
    "batteryRange": 50,
    "acceptedOrders": [],
    "carriedOrders": [],
    "totalWeight": 0,
    "remainingCapacity": 10,
    "currentTime": 360,
    "formattedTime": "06:00",
    "remainingTime": 1440,
    "formattedRemainingTime": "24小时",
    "profit": 0
  }
}

--------------------------------------------------------------------------------


──────────────────────────────────────────────────────────────────────
⏰ 时间: 06:00    | 🔄 迭代: 3
📍 位置: node_0     | 🔋 电量: 100.0% (50.0km)
💰 利润: ¥0.00     | ✅ 完成: 0 单
📦 背包: 1/5 单 | ⚖️  重量: 0.68/10kg
   1. order_8 🍔 ⏳待取餐 - 0.68kg - ¥13.64
💬 AI: Executed 1 tool call(s)

================================================================================
[对话轮次 #3] ASSISTANT
================================================================================

【Content】
好的，我现在位于 node_0，电量 100%，没有携带任何订单。我找到了一个餐饮订单（order_8），配送费约 12.64 元，重量约 0.68kg，取餐点在 node_87，送餐点在 node_93，距离 8km，时限 35 分钟。

由于我当前在 node_0，需要先移动到 node_87 取餐，然后再去 node_93 送餐。让我先接受这个订单。



【Tool Calls】

  [1] accept_order
  Arguments:
    {
        "orderId": "order_8"
    }

================================================================================


--------------------------------------------------------------------------------
[对话轮次 #3] TOOL: accept_order
--------------------------------------------------------------------------------

【Result】
{
  "success": true,
  "data": {
    "success": true,
    "order": {
      "id": "order_8",
      "type": "food",
      "name": "[\"枸杞浓汁烩凤筋\"]",
      "pickupLocation": "node_87",
      "deliveryLocation": "node_93",
      "distance": 8,
      "itemPrice": 44.11631345632486,
      "deliveryFee": 13.640936422138475,
      "weight": 0.6775287688942626,
      "timeLimit": 35,
      "createdAt": 360,
      "pickedUp": false,
      "delivered": false,
      "acceptedAt": 360,
      "deadline": 395
    }
  }
}

--------------------------------------------------------------------------------


──────────────────────────────────────────────────────────────────────
⏰ 时间: 06:00    | 🔄 迭代: 4
📍 位置: node_0     | 🔋 电量: 100.0% (50.0km)
💰 利润: ¥0.00     | ✅ 完成: 0 单
📦 背包: 1/5 单 | ⚖️  重量: 0.68/10kg
   1. order_8 🍔 ⏳待取餐 - 0.68kg - ¥13.64
💬 AI: Executed 1 tool call(s)

================================================================================
[对话轮次 #4] ASSISTANT
================================================================================

【Content】
好的，订单已接受。现在我需要移动到取餐点 node_87。让我先查看一下地图，了解 node_0 到 node_87 的路径。



【Tool Calls】

  [1] get_location_info
  Arguments:
    {
        "locationId": "node_0"
    }

================================================================================


--------------------------------------------------------------------------------
[对话轮次 #4] TOOL: get_location_info
--------------------------------------------------------------------------------

【Result】
{
  "success": true,
  "data": {
    "id": "node_0",
    "type": "restaurant",
    "name": "餐厅_0",
    "position": {
      "x": 13,
      "y": 3
    },
    "neighbors": [
      {
        "id": "node_42",
        "name": "餐厅_42",
        "type": "restaurant",
        "distance": "1.00km"
      },
      {
        "id": "node_33",
        "name": "写字楼_33",
        "type": "office",
        "distance": "2.00km"
      }
    ]
  }
}

--------------------------------------------------------------------------------


──────────────────────────────────────────────────────────────────────
⏰ 时间: 06:00    | 🔄 迭代: 5
📍 位置: node_0     | 🔋 电量: 100.0% (50.0km)
💰 利润: ¥0.00     | ✅ 完成: 0 单
📦 背包: 1/5 单 | ⚖️  重量: 0.68/10kg
   1. order_8 🍔 ⏳待取餐 - 0.68kg - ¥13.64
💬 AI: Executed 1 tool call(s)

================================================================================
[对话轮次 #5] ASSISTANT
================================================================================

【Content】
好的，node_0 的邻居是 node_42（1km）和 node_33（2km）。我需要找到从 node_0 到 node_87 的最短路径。让我先查看 node_87 的位置信息。



【Tool Calls】

  [1] get_location_info
  Arguments:
    {
        "locationId": "node_87"
    }

================================================================================


--------------------------------------------------------------------------------
[对话轮次 #5] TOOL: get_location_info
--------------------------------------------------------------------------------

【Result】
{
  "success": true,
  "data": {
    "id": "node_87",
    "type": "restaurant",
    "name": "餐厅_87",
    "position": {
      "x": 8,
      "y": 3
    },
    "neighbors": [
      {
        "id": "node_98",
        "name": "餐厅_98",
        "type": "restaurant",
        "distance": "1.00km"
      },
      {
        "id": "node_64",
        "name": "超市_64",
        "type": "supermarket",
        "distance": "1.00km"
      },
      {
        "id": "node_75",
        "name": "超市_75",
        "type": "supermarket",
        "distance": "1.00km"
      },
      {
        "id": "node_21",
        "name": "换电站_21",
        "type": "battery_swap",
        "distance": "3.00km"
      }
    ]
  }
}

--------------------------------------------------------------------------------


──────────────────────────────────────────────────────────────────────
⏰ 时间: 06:00    | 🔄 迭代: 6
📍 位置: node_0     | 🔋 电量: 100.0% (50.0km)
💰 利润: ¥0.00     | ✅ 完成: 0 单
📦 背包: 1/5 单 | ⚖️  重量: 0.68/10kg
   1. order_8 🍔 ⏳待取餐 - 0.68kg - ¥13.64
💬 AI: Executed 1 tool call(s)

================================================================================
[对话轮次 #6] ASSISTANT
================================================================================

【Content】
好的，node_87 的邻居是 node_98、node_64、node_75 和 node_21。我需要找到从 node_0 到 node_87 的最短路径。让我计算一下距离。



【Tool Calls】

  [1] calculate_distance
  Arguments:
    {
        "fromId": "node_0",
        "toId": "node_87"
    }

================================================================================


--------------------------------------------------------------------------------
[对话轮次 #6] TOOL: calculate_distance
--------------------------------------------------------------------------------

【Result】
{
  "success": true,
  "data": {
    "distance": 5,
    "path": [
      "node_0",
      "node_42",
      "node_4",
      "node_75",
      "node_87"
    ]
  }
}

--------------------------------------------------------------------------------


──────────────────────────────────────────────────────────────────────
⏰ 时间: 06:10    | 🔄 迭代: 7
📍 位置: node_87    | 🔋 电量: 90.0% (45.0km)
💰 利润: ¥0.00     | ✅ 完成: 0 单
📦 背包: 1/5 单 | ⚖️  重量: 0.68/10kg
   1. order_8 🍔 ⏳待取餐 - 0.68kg - ¥13.64
💬 AI: Executed 1 tool call(s)

================================================================================
[对话轮次 #7] ASSISTANT
================================================================================

【Content】
好的，从 node_0 到 node_87 的最短距离是 5km，路径是 node_0 → node_42 → node_4 → node_75 → node_87。现在我需要移动到 node_87 取餐。



【Tool Calls】

  [1] move_to
  Arguments:
    {
        "targetLocationId": "node_87"
    }

================================================================================


--------------------------------------------------------------------------------
[对话轮次 #7] TOOL: move_to
--------------------------------------------------------------------------------

【Result】
{
  "success": true,
  "data": {
    "success": true,
    "timeCost": 10,
    "batteryCost": 10,
    "newPosition": "node_87",
    "distance": 5
  }
}

--------------------------------------------------------------------------------


──────────────────────────────────────────────────────────────────────
⏰ 时间: 06:12    | 🔄 迭代: 8
📍 位置: node_87    | 🔋 电量: 90.0% (45.0km)
💰 利润: ¥0.00     | ✅ 完成: 0 单
📦 背包: 1/5 单 | ⚖️  重量: 0.68/10kg
   1. order_8 🍔 ✓已取餐 - 0.68kg - ¥13.64
💬 AI: Executed 1 tool call(s)

================================================================================
[对话轮次 #8] ASSISTANT
================================================================================

【Content】
好的，我已经到达 node_87。现在我需要取餐。



【Tool Calls】

  [1] pickup_food
  Arguments:
    {
        "orderId": "order_8"
    }

================================================================================


--------------------------------------------------------------------------------
[对话轮次 #8] TOOL: pickup_food
--------------------------------------------------------------------------------

【Result】
{
  "success": true,
  "data": {
    "success": true,
    "timeCost": 2
  }
}

--------------------------------------------------------------------------------


──────────────────────────────────────────────────────────────────────
⏰ 时间: 06:12    | 🔄 迭代: 9
📍 位置: node_87    | 🔋 电量: 90.0% (45.0km)
💰 利润: ¥0.00     | ✅ 完成: 0 单
📦 背包: 1/5 单 | ⚖️  重量: 0.68/10kg
   1. order_8 🍔 ✓已取餐 - 0.68kg - ¥13.64
💬 AI: Executed 1 tool call(s)

================================================================================
[对话轮次 #9] ASSISTANT
================================================================================

【Content】
好的，我已经取餐成功。现在我需要移动到送餐点 node_93。让我先查看一下 node_93 的位置信息。



【Tool Calls】

  [1] get_location_info
  Arguments:
    {
        "locationId": "node_93"
    }

================================================================================


--------------------------------------------------------------------------------
[对话轮次 #9] TOOL: get_location_info
--------------------------------------------------------------------------------

【Result】
{
  "success": true,
  "data": {
    "id": "node_93",
    "type": "office",
    "name": "写字楼_93",
    "position": {
      "x": 3,
      "y": 6
    },
    "neighbors": [
      {
        "id": "node_35",
        "name": "居民区_35",
        "type": "residential",
        "distance": "1.00km"
      },
      {
        "id": "node_68",
        "name": "餐厅_68",
        "type": "restaurant",
        "distance": "2.00km"
      },
      {
        "id": "node_10",
        "name": "药店_10",
        "type": "pharmacy",
        "distance": "2.00km"
      },
      {
        "id": "node_72",
        "name": "餐厅_72",
        "type": "restaurant",
        "distance": "3.00km"
      }
    ]
  }
}

--------------------------------------------------------------------------------


──────────────────────────────────────────────────────────────────────
⏰ 时间: 06:12    | 🔄 迭代: 10
📍 位置: node_87    | 🔋 电量: 90.0% (45.0km)
💰 利润: ¥0.00     | ✅ 完成: 0 单
📦 背包: 1/5 单 | ⚖️  重量: 0.68/10kg
   1. order_8 🍔 ✓已取餐 - 0.68kg - ¥13.64
💬 AI: Executed 1 tool call(s)

================================================================================
[对话轮次 #10] ASSISTANT
================================================================================

【Content】
好的，node_93 的邻居是 node_35、node_68、node_10 和 node_72。我需要找到从 node_87 到 node_93 的最短路径。



【Tool Calls】

  [1] calculate_distance
  Arguments:
    {
        "fromId": "node_87",
        "toId": "node_93"
    }

================================================================================


--------------------------------------------------------------------------------
[对话轮次 #10] TOOL: calculate_distance
--------------------------------------------------------------------------------

【Result】
{
  "success": true,
  "data": {
    "distance": 8,
    "path": [
      "node_87",
      "node_21",
      "node_72",
      "node_93"
    ]
  }
}

--------------------------------------------------------------------------------


──────────────────────────────────────────────────────────────────────
⏰ 时间: 06:28    | 🔄 迭代: 11
📍 位置: node_93    | 🔋 电量: 74.0% (37.0km)
💰 利润: ¥0.00     | ✅ 完成: 0 单
📦 背包: 1/5 单 | ⚖️  重量: 0.68/10kg
   1. order_8 🍔 ✓已取餐 - 0.68kg - ¥13.64
💬 AI: Executed 1 tool call(s)

================================================================================
[对话轮次 #11] ASSISTANT
================================================================================

【Content】
好的，从 node_87 到 node_93 的最短距离是 8km，路径是 node_87 → node_21 → node_72 → node_93。现在我需要移动到 node_93 送餐。



【Tool Calls】

  [1] move_to
  Arguments:
    {
        "targetLocationId": "node_93"
    }

================================================================================


--------------------------------------------------------------------------------
[对话轮次 #11] TOOL: move_to
--------------------------------------------------------------------------------

【Result】
{
  "success": true,
  "data": {
    "success": true,
    "timeCost": 16,
    "batteryCost": 16,
    "newPosition": "node_93",
    "distance": 8
  }
}

--------------------------------------------------------------------------------


──────────────────────────────────────────────────────────────────────
✅ 订单完成: order_8 🍔
   配送费: ¥13.64
   实际收入: ¥13.64
   状态: 准时完成
──────────────────────────────────────────────────────────────────────

──────────────────────────────────────────────────────────────────────
⏰ 时间: 06:29    | 🔄 迭代: 12
📍 位置: node_93    | 🔋 电量: 74.0% (37.0km)
💰 利润: ¥13.64    | ✅ 完成: 1 单
📦 背包: 空
💬 AI: Executed 1 tool call(s)

================================================================================
[对话轮次 #12] ASSISTANT
================================================================================

【Content】
好的，我已经到达 node_93。现在我需要完成订单，将食物送达顾客。



【Tool Calls】

  [1] deliver_food
  Arguments:
    {
        "orderId": "order_8"
    }

================================================================================


--------------------------------------------------------------------------------
[对话轮次 #12] TOOL: deliver_food
--------------------------------------------------------------------------------

【Result】
{
  "success": true,
  "data": {
    "success": true,
    "payment": 13.640936422138475,
    "overtime": 0,
    "penalty": 0,
    "timeCost": 1
  }
}

--------------------------------------------------------------------------------


──────────────────────────────────────────────────────────────────────
⏰ 时间: 06:29    | 🔄 迭代: 13
📍 位置: node_93    | 🔋 电量: 74.0% (37.0km)
💰 利润: ¥13.64    | ✅ 完成: 1 单
📦 背包: 空
💬 AI: Executed 1 tool call(s)

================================================================================
[对话轮次 #13] ASSISTANT
================================================================================

【Content】
太好了！订单已完成，获得了 13.64 元的配送费。现在让我查看当前状态，然后继续寻找新的订单。



【Tool Calls】

  [1] get_my_status
  Arguments:
    {}

================================================================================


--------------------------------------------------------------------------------
[对话轮次 #13] TOOL: get_my_status
--------------------------------------------------------------------------------

【Result】
{
  "success": true,
  "data": {
    "position": "node_93",
    "battery": 74,
    "batteryRange": 37,
    "acceptedOrders": [],
    "carriedOrders": [],
    "totalWeight": 0,
    "remainingCapacity": 10,
    "currentTime": 389,
    "formattedTime": "06:29",
    "remainingTime": 1411,
    "formattedRemainingTime": "23小时31分钟",
    "profit": 13.640936422138475
  }
}

--------------------------------------------------------------------------------


──────────────────────────────────────────────────────────────────────
⏰ 时间: 06:29    | 🔄 迭代: 14
📍 位置: node_93    | 🔋 电量: 74.0% (37.0km)
💰 利润: ¥13.64    | ✅ 完成: 1 单
📦 背包: 空
💬 AI: Executed 1 tool call(s)

================================================================================
[对话轮次 #14] ASSISTANT
================================================================================

【Content】
好的，我现在位于 node_93，电量 74%，利润 13.64 元。让我继续搜索附近的订单。



【Tool Calls】

  [1] search_nearby_orders
  Arguments:
    {
        "radius": 5
    }

================================================================================


--------------------------------------------------------------------------------
[对话轮次 #14] TOOL: search_nearby_orders
--------------------------------------------------------------------------------

【Result】
{
  "success": true,
  "data": {
    "orders": [
      {
        "id": "order_3",
        "type": "food",
        "name": "[\"香辣芙蓉鱼\",\"煎包\"]",
        "deliveryFee": 17.564213562373098,
        "weight": 0.9753517867065966,
        "itemPrice": 15.486112928483635,
        "pickupLocation": "node_66",
        "deliveryLocation": "node_15",
        "distance": 16.414213562373096,
        "estimatedTimeLimit": 60.24264068711929
      },
      {
        "id": "order_7",
        "type": "food",
        "name": "[\"时蔬鸡片\",\"香蕉牛乳汁\"]",
        "deliveryFee": 11.071364891633857,
        "weight": 0.5698960168519989,
        "itemPrice": 66.89038171549328,
        "pickupLocation": "node_68",
        "deliveryLocation": "node_35",
        "distance": 3,
        "estimatedTimeLimit": 20
      },
      {
        "id": "order_10",
        "type": "food",
        "name": "[\"姜葱酥炸生蠔\",\"清心斋肠粉\"]",
        "deliveryFee": 12.634094459062908,
        "weight": 0.8084814173635095,
        "itemPrice": 27.547865574015304,
        "pickupLocation": "node_94",
        "deliveryLocation": "node_27",
        "distance": 11,
        "estimatedTimeLimit": 44
      }
    ]
  }
}

--------------------------------------------------------------------------------


──────────────────────────────────────────────────────────────────────
⏰ 时间: 06:29    | 🔄 迭代: 15
📍 位置: node_93    | 🔋 电量: 74.0% (37.0km)
💰 利润: ¥13.64    | ✅ 完成: 1 单
📦 背包: 空
💬 AI: Executed 1 tool call(s)

================================================================================
[对话轮次 #15] ASSISTANT
================================================================================

【Content】
我找到了三个订单。让我分析一下：
- order_3：配送费 17.56 元，距离 16.41km，时限 60 分钟
- order_7：配送费 11.07 元，距离 3km，时限 20 分钟
- order_10：配送费 12.63 元，距离 11km，时限 44 分钟

让我先查看一下这些订单的详细信息，特别是取餐点和送餐点的位置。



【Tool Calls】

  [1] get_location_info
  Arguments:
    {
        "locationId": "node_68"
    }

================================================================================


--------------------------------------------------------------------------------
[对话轮次 #15] TOOL: get_location_info
--------------------------------------------------------------------------------

【Result】
{
  "success": true,
  "data": {
    "id": "node_68",
    "type": "restaurant",
    "name": "餐厅_68",
    "position": {
      "x": 3,
      "y": 8
    },
    "neighbors": [
      {
        "id": "node_97",
        "name": "换电站_97",
        "type": "battery_swap",
        "distance": "1.00km"
      },
      {
        "id": "node_38",
        "name": "药店_38",
        "type": "pharmacy",
        "distance": "1.00km"
      },
      {
        "id": "node_62",
        "name": "居民区_62",
        "type": "residential",
        "distance": "1.41km"
      },
      {
        "id": "node_93",
        "name": "写字楼_93",
        "type": "office",
        "distance": "2.00km"
      },
      {
        "id": "node_92",
        "name": "餐厅_92",
        "type": "restaurant",
        "distance": "2.00km"
      }
    ]
  }
}

--------------------------------------------------------------------------------

[OrderGenerator] Removing 3 expired order(s): order_4, order_7, order_12

──────────────────────────────────────────────────────────────────────
⏰ 时间: 06:29    | 🔄 迭代: 16
📍 位置: node_93    | 🔋 电量: 74.0% (37.0km)
💰 利润: ¥13.64    | ✅ 完成: 1 单
📦 背包: 空
💬 AI: Executed 1 tool call(s)

================================================================================
[对话轮次 #16] ASSISTANT
================================================================================

【Tool Calls】

  [1] get_location_info
  Arguments:
    {
        "locationId": "node_94"
    }

================================================================================


--------------------------------------------------------------------------------
[对话轮次 #16] TOOL: get_location_info
--------------------------------------------------------------------------------

【Result】
{
  "success": true,
  "data": {
    "id": "node_94",
    "type": "restaurant",
    "name": "餐厅_94",
    "position": {
      "x": 2,
      "y": 2
    },
    "neighbors": [
      {
        "id": "node_34",
        "name": "药店_34",
        "type": "pharmacy",
        "distance": "1.00km"
      },
      {
        "id": "node_51",
        "name": "居民区_51",
        "type": "residential",
        "distance": "1.00km"
      },
      {
        "id": "node_43",
        "name": "餐厅_43",
        "type": "restaurant",
        "distance": "1.00km"
      }
    ]
  }
}

--------------------------------------------------------------------------------


──────────────────────────────────────────────────────────────────────
⏰ 时间: 06:29    | 🔄 迭代: 17
📍 位置: node_93    | 🔋 电量: 74.0% (37.0km)
💰 利润: ¥13.64    | ✅ 完成: 1 单
📦 背包: 空
💬 AI: Executed 1 tool call(s)

================================================================================
[对话轮次 #17] ASSISTANT
================================================================================

【Tool Calls】

  [1] get_location_info
  Arguments:
    {
        "locationId": "node_66"
    }

================================================================================


--------------------------------------------------------------------------------
[对话轮次 #17] TOOL: get_location_info
--------------------------------------------------------------------------------

【Result】
{
  "success": true,
  "data": {
    "id": "node_66",
    "type": "restaurant",
    "name": "餐厅_66",
    "position": {
      "x": 1,
      "y": 5
    },
    "neighbors": [
      {
        "id": "node_84",
        "name": "药店_84",
        "type": "pharmacy",
        "distance": "1.00km"
      },
      {
        "id": "node_78",
        "name": "居民区_78",
        "type": "residential",
        "distance": "1.00km"
      },
      {
        "id": "node_57",
        "name": "写字楼_57",
        "type": "office",
        "distance": "3.00km"
      }
    ]
  }
}

--------------------------------------------------------------------------------


──────────────────────────────────────────────────────────────────────
⏰ 时间: 06:29    | 🔄 迭代: 18
📍 位置: node_93    | 🔋 电量: 74.0% (37.0km)
💰 利润: ¥13.64    | ✅ 完成: 1 单
📦 背包: 空
💬 AI: Executed 1 tool call(s)

================================================================================
[对话轮次 #18] ASSISTANT
================================================================================

【Tool Calls】

  [1] calculate_distance
  Arguments:
    {
        "fromId": "node_93",
        "toId": "node_94"
    }

================================================================================


--------------------------------------------------------------------------------
[对话轮次 #18] TOOL: calculate_distance
--------------------------------------------------------------------------------

【Result】
{
  "success": true,
  "data": {
    "distance": 5,
    "path": [
      "node_93",
      "node_35",
      "node_78",
      "node_52",
      "node_34",
      "node_94"
    ]
  }
}

--------------------------------------------------------------------------------


──────────────────────────────────────────────────────────────────────
⏰ 时间: 06:29    | 🔄 迭代: 19
📍 位置: node_93    | 🔋 电量: 74.0% (37.0km)
💰 利润: ¥13.64    | ✅ 完成: 1 单
📦 背包: 空
💬 AI: Executed 1 tool call(s)

================================================================================
[对话轮次 #19] ASSISTANT
================================================================================

【Tool Calls】

  [1] calculate_distance
  Arguments:
    {
        "fromId": "node_93",
        "toId": "node_66"
    }

================================================================================


--------------------------------------------------------------------------------
[对话轮次 #19] TOOL: calculate_distance
--------------------------------------------------------------------------------

【Result】
{
  "success": true,
  "data": {
    "distance": 3,
    "path": [
      "node_93",
      "node_35",
      "node_78",
      "node_66"
    ]
  }
}

--------------------------------------------------------------------------------


──────────────────────────────────────────────────────────────────────
⏰ 时间: 06:29    | 🔄 迭代: 20
📍 位置: node_93    | 🔋 电量: 74.0% (37.0km)
💰 利润: ¥13.64    | ✅ 完成: 1 单
📦 背包: 空
💬 AI: Executed 1 tool call(s)

================================================================================
[对话轮次 #20] ASSISTANT
================================================================================

【Content】
好的，让我分析一下：
- order_3：总距离约 19.41km，配送费 17.56 元，时限 60 分钟
- order_7：总距离约 5km，配送费 11.07 元，时限 20 分钟
- order_10：总距离约 16km，配送费 12.63 元，时限 44 分钟

order_7 距离最近，时限较短但可以快速完成。让我先接受 order_7。



【Tool Calls】

  [1] accept_order
  Arguments:
    {
        "orderId": "order_7"
    }

================================================================================


--------------------------------------------------------------------------------
[对话轮次 #20] TOOL: accept_order
--------------------------------------------------------------------------------

【Result】
{
  "success": false,
  "error": {
    "code": "INVALID_ORDER",
    "message": "Order not found: order_7",
    "details": {
      "orderId": "order_7"
    }
  }
}

--------------------------------------------------------------------------------


──────────────────────────────────────────────────────────────────────
⏰ 时间: 06:29    | 🔄 迭代: 21
📍 位置: node_93    | 🔋 电量: 74.0% (37.0km)
💰 利润: ¥13.64    | ✅ 完成: 1 单
📦 背包: 空
💬 AI: Executed 1 tool call(s)

================================================================================
[对话轮次 #21] ASSISTANT
================================================================================

【Content】
订单 order_7 已经不存在了。让我重新搜索附近的订单。



【Tool Calls】

  [1] search_nearby_orders
  Arguments:
    {
        "radius": 5
    }

================================================================================


--------------------------------------------------------------------------------
[对话轮次 #21] TOOL: search_nearby_orders
--------------------------------------------------------------------------------

【Result】
{
  "success": true,
  "data": {
    "orders": [
      {
        "id": "order_3",
        "type": "food",
        "name": "[\"香辣芙蓉鱼\",\"煎包\"]",
        "deliveryFee": 17.564213562373098,
        "weight": 0.9753517867065966,
        "itemPrice": 15.486112928483635,
        "pickupLocation": "node_66",
        "deliveryLocation": "node_15",
        "distance": 16.414213562373096,
        "estimatedTimeLimit": 60.24264068711929
      },
      {
        "id": "order_10",
        "type": "food",
        "name": "[\"姜葱酥炸生蠔\",\"清心斋肠粉\"]",
        "deliveryFee": 12.634094459062908,
        "weight": 0.8084814173635095,
        "itemPrice": 27.547865574015304,
        "pickupLocation": "node_94",
        "deliveryLocation": "node_27",
        "distance": 11,
        "estimatedTimeLimit": 44
      }
    ]
  }
}

--------------------------------------------------------------------------------


──────────────────────────────────────────────────────────────────────
⏰ 时间: 06:29    | 🔄 迭代: 22
📍 位置: node_93    | 🔋 电量: 74.0% (37.0km)
💰 利润: ¥13.64    | ✅ 完成: 1 单
📦 背包: 1/5 单 | ⚖️  重量: 0.98/10kg
   1. order_3 🍔 ⏳待取餐 - 0.98kg - ¥18.56
💬 AI: Executed 1 tool call(s)

================================================================================
[对话轮次 #22] ASSISTANT
================================================================================

【Content】
好的，现在只剩下 order_3 和 order_10。让我接受 order_3，因为它的配送费更高（17.56 元）。



【Tool Calls】

  [1] accept_order
  Arguments:
    {
        "orderId": "order_3"
    }

================================================================================


--------------------------------------------------------------------------------
[对话轮次 #22] TOOL: accept_order
--------------------------------------------------------------------------------

【Result】
{
  "success": true,
  "data": {
    "success": true,
    "order": {
      "id": "order_3",
      "type": "food",
      "name": "[\"香辣芙蓉鱼\",\"煎包\"]",
      "pickupLocation": "node_66",
      "deliveryLocation": "node_15",
      "distance": 16.414213562373096,
      "itemPrice": 15.486112928483635,
      "deliveryFee": 18.564213562373098,
      "weight": 0.9753517867065966,
      "timeLimit": 60.24264068711929,
      "createdAt": 360,
      "pickedUp": false,
      "delivered": false,
      "acceptedAt": 389,
      "deadline": 449.2426406871193
    }
  }
}

--------------------------------------------------------------------------------


──────────────────────────────────────────────────────────────────────
⏰ 时间: 06:35    | 🔄 迭代: 23
📍 位置: node_66    | 🔋 电量: 68.0% (34.0km)
💰 利润: ¥13.64    | ✅ 完成: 1 单
📦 背包: 1/5 单 | ⚖️  重量: 0.98/10kg
   1. order_3 🍔 ⏳待取餐 - 0.98kg - ¥18.56
💬 AI: Executed 1 tool call(s)

================================================================================
[对话轮次 #23] ASSISTANT
================================================================================

【Content】
好的，订单已接受。现在我需要移动到取餐点 node_66。



【Tool Calls】

  [1] move_to
  Arguments:
    {
        "targetLocationId": "node_66"
    }

================================================================================


--------------------------------------------------------------------------------
[对话轮次 #23] TOOL: move_to
--------------------------------------------------------------------------------

【Result】
{
  "success": true,
  "data": {
    "success": true,
    "timeCost": 6,
    "batteryCost": 6,
    "newPosition": "node_66",
    "distance": 3
  }
}

--------------------------------------------------------------------------------


──────────────────────────────────────────────────────────────────────
⏰ 时间: 06:37    | 🔄 迭代: 24
📍 位置: node_66    | 🔋 电量: 68.0% (34.0km)
💰 利润: ¥13.64    | ✅ 完成: 1 单
📦 背包: 1/5 单 | ⚖️  重量: 0.98/10kg
   1. order_3 🍔 ✓已取餐 - 0.98kg - ¥18.56
💬 AI: Executed 1 tool call(s)

================================================================================
[对话轮次 #24] ASSISTANT
================================================================================

【Content】
好的，我已经到达取餐点。现在取餐。



【Tool Calls】

  [1] pickup_food
  Arguments:
    {
        "orderId": "order_3"
    }

================================================================================


--------------------------------------------------------------------------------
[对话轮次 #24] TOOL: pickup_food
--------------------------------------------------------------------------------

【Result】
{
  "success": true,
  "data": {
    "success": true,
    "timeCost": 2
  }
}

--------------------------------------------------------------------------------


──────────────────────────────────────────────────────────────────────
⏰ 时间: 06:37    | 🔄 迭代: 25
📍 位置: node_66    | 🔋 电量: 68.0% (34.0km)
💰 利润: ¥13.64    | ✅ 完成: 1 单
📦 背包: 1/5 单 | ⚖️  重量: 0.98/10kg
   1. order_3 🍔 ✓已取餐 - 0.98kg - ¥18.56
💬 AI: Executed 1 tool call(s)

================================================================================
[对话轮次 #25] ASSISTANT
================================================================================

【Content】
好的，取餐成功。现在需要移动到送餐点 node_15。让我先查看一下 node_15 的位置信息。



【Tool Calls】

  [1] get_location_info
  Arguments:
    {
        "locationId": "node_15"
    }

================================================================================


--------------------------------------------------------------------------------
[对话轮次 #25] TOOL: get_location_info
--------------------------------------------------------------------------------

【Result】
{
  "success": true,
  "data": {
    "id": "node_15",
    "type": "residential",
    "name": "居民区_15",
    "position": {
      "x": 10,
      "y": 13
    },
    "neighbors": [
      {
        "id": "node_85",
        "name": "超市_85",
        "type": "supermarket",
        "distance": "1.00km"
      },
      {
        "id": "node_96",
        "name": "餐厅_96",
        "type": "restaurant",
        "distance": "3.00km"
      },
      {
        "id": "node_76",
        "name": "餐厅_76",
        "type": "restaurant",
        "distance": "4.00km"
      }
    ]
  }
}

--------------------------------------------------------------------------------

[OrderGenerator] Removing 5 expired order(s): order_1, order_5, order_6, order_9, order_11

──────────────────────────────────────────────────────────────────────
⏰ 时间: 06:37    | 🔄 迭代: 26
📍 位置: node_66    | 🔋 电量: 68.0% (34.0km)
💰 利润: ¥13.64    | ✅ 完成: 1 单
📦 背包: 1/5 单 | ⚖️  重量: 0.98/10kg
   1. order_3 🍔 ✓已取餐 - 0.98kg - ¥18.56
💬 AI: Executed 1 tool call(s)

================================================================================
[对话轮次 #26] ASSISTANT
================================================================================

【Tool Calls】

  [1] calculate_distance
  Arguments:
    {
        "fromId": "node_66",
        "toId": "node_15"
    }

================================================================================


--------------------------------------------------------------------------------
[对话轮次 #26] TOOL: calculate_distance
--------------------------------------------------------------------------------

【Result】
{
  "success": true,
  "data": {
    "distance": 16.414213562373096,
    "path": [
      "node_66",
      "node_78",
      "node_35",
      "node_38",
      "node_97",
      "node_63",
      "node_5",
      "node_16",
      "node_22",
      "node_76",
      "node_15"
    ]
  }
}

--------------------------------------------------------------------------------


──────────────────────────────────────────────────────────────────────
⏰ 时间: 07:09    | 🔄 迭代: 27
📍 位置: node_15    | 🔋 电量: 35.2% (17.6km)
💰 利润: ¥13.64    | ✅ 完成: 1 单
📦 背包: 1/5 单 | ⚖️  重量: 0.98/10kg
   1. order_3 🍔 ✓已取餐 - 0.98kg - ¥18.56
💬 AI: Executed 1 tool call(s)

================================================================================
[对话轮次 #27] ASSISTANT
================================================================================

【Content】
好的，从 node_66 到 node_15 的距离是 16.41km。让我移动到 node_15。



【Tool Calls】

  [1] move_to
  Arguments:
    {
        "targetLocationId": "node_15"
    }

================================================================================


--------------------------------------------------------------------------------
[对话轮次 #27] TOOL: move_to
--------------------------------------------------------------------------------

【Result】
{
  "success": true,
  "data": {
    "success": true,
    "timeCost": 32.82842712474619,
    "batteryCost": 32.82842712474619,
    "newPosition": "node_15",
    "distance": 16.414213562373096
  }
}

--------------------------------------------------------------------------------


──────────────────────────────────────────────────────────────────────
✅ 订单完成: order_3 🍔
   配送费: ¥18.56
   实际收入: ¥18.56
   状态: 准时完成
──────────────────────────────────────────────────────────────────────

──────────────────────────────────────────────────────────────────────
⏰ 时间: 07:10    | 🔄 迭代: 28
📍 位置: node_15    | 🔋 电量: 35.2% (17.6km)
💰 利润: ¥32.21    | ✅ 完成: 2 单
📦 背包: 空
💬 AI: Executed 1 tool call(s)

================================================================================
[对话轮次 #28] ASSISTANT
================================================================================

【Content】
好的，我已经到达送餐点。现在完成订单。



【Tool Calls】

  [1] deliver_food
  Arguments:
    {
        "orderId": "order_3"
    }

================================================================================


--------------------------------------------------------------------------------
[对话轮次 #28] TOOL: deliver_food
--------------------------------------------------------------------------------

【Result】
{
  "success": true,
  "data": {
    "success": true,
    "payment": 18.564213562373098,
    "overtime": 0,
    "penalty": 0,
    "timeCost": 1
  }
}

--------------------------------------------------------------------------------


──────────────────────────────────────────────────────────────────────
⏰ 时间: 07:10    | 🔄 迭代: 29
📍 位置: node_15    | 🔋 电量: 35.2% (17.6km)
💰 利润: ¥32.21    | ✅ 完成: 2 单
📦 背包: 空
💬 AI: Executed 1 tool call(s)

================================================================================
[对话轮次 #29] ASSISTANT
================================================================================

【Content】
太好了！订单已完成，获得了 18.56 元的配送费。现在让我查看当前状态。



【Tool Calls】

  [1] get_my_status
  Arguments:
    {}

================================================================================


--------------------------------------------------------------------------------
[对话轮次 #29] TOOL: get_my_status
--------------------------------------------------------------------------------

【Result】
{
  "success": true,
  "data": {
    "position": "node_15",
    "battery": 35.17157287525381,
    "batteryRange": 17.585786437626904,
    "acceptedOrders": [],
    "carriedOrders": [],
    "totalWeight": 0,
    "remainingCapacity": 10,
    "currentTime": 430.8284271247462,
    "formattedTime": "07:10.828427124746213",
    "remainingTime": 1369.1715728752538,
    "formattedRemainingTime": "22小时49.17157287525379分钟",
    "profit": 32.20514998451157
  }
}

--------------------------------------------------------------------------------


──────────────────────────────────────────────────────────────────────
⏰ 时间: 07:10    | 🔄 迭代: 30
📍 位置: node_15    | 🔋 电量: 35.2% (17.6km)
💰 利润: ¥32.21    | ✅ 完成: 2 单
📦 背包: 空
💬 AI: Executed 1 tool call(s)

================================================================================
[对话轮次 #30] ASSISTANT
================================================================================

【Content】
好的，我现在位于 node_15，电量 35.17%（续航约 17.6km），利润 32.21 元。让我搜索附近的订单。



【Tool Calls】

  [1] search_nearby_orders
  Arguments:
    {
        "radius": 5
    }

================================================================================


--------------------------------------------------------------------------------
[对话轮次 #30] TOOL: search_nearby_orders
--------------------------------------------------------------------------------

【Result】
{
  "success": true,
  "data": {
    "orders": [
      {
        "id": "order_13",
        "type": "food",
        "name": "[\"炒鱼片\"]",
        "deliveryFee": 14.423522652767133,
        "weight": 0.5233393833041191,
        "itemPrice": 26.4395929093007,
        "pickupLocation": "node_13",
        "deliveryLocation": "node_27",
        "distance": 13,
        "estimatedTimeLimit": 50
      },
      {
        "id": "order_15",
        "type": "food",
        "name": "[\"砂锅小排翅\"]",
        "deliveryFee": 21.906807113847275,
        "weight": 0.7038301582215354,
        "itemPrice": 52.22576464177109,
        "pickupLocation": "node_96",
        "deliveryLocation": "node_51",
        "distance": 15.828427124746192,
        "estimatedTimeLimit": 58.485281374238575
      },
      {
        "id": "order_18",
        "type": "food",
        "name": "[\"清炒鳝糊\"]",
        "deliveryFee": 27.822147507815203,
        "weight": 0.7313789479667321,
        "itemPrice": 51.727766959229484,
        "pickupLocation": "node_91",
        "deliveryLocation": "node_31",
        "distance": 21.82842712474619,
        "estimatedTimeLimit": 76.48528137423858
      },
      {
        "id": "order_19",
        "type": "food",
        "name": "[\"炸八块鸡\",\"白切鸡\",\"京菜上素包\",\"科罗娜\"]",
        "deliveryFee": 20.355377136694734,
        "weight": 0.8929026955738664,
        "itemPrice": 77.38457139232196,
        "pickupLocation": "node_76",
        "deliveryLocation": "node_93",
        "distance": 10,
        "estimatedTimeLimit": 41
      }
    ]
  }
}

--------------------------------------------------------------------------------

[OrderGenerator] Removing 6 expired order(s): order_2, order_10, order_13, order_14, order_15, order_16

──────────────────────────────────────────────────────────────────────
⏰ 时间: 07:10    | 🔄 迭代: 31
📍 位置: node_15    | 🔋 电量: 35.2% (17.6km)
💰 利润: ¥32.21    | ✅ 完成: 2 单
📦 背包: 空
💬 AI: Executed 1 tool call(s)

================================================================================
[对话轮次 #31] ASSISTANT
================================================================================

【Content】
我找到了四个订单。让我分析一下每个订单的总距离（从 node_15 到取餐点的距离 + 取餐点到送餐点的距离）。

首先，让我计算从 node_15 到各个取餐点的距离。



【Tool Calls】

  [1] calculate_distance
  Arguments:
    {
        "fromId": "node_15",
        "toId": "node_13"
    }

================================================================================


--------------------------------------------------------------------------------
[对话轮次 #31] TOOL: calculate_distance
--------------------------------------------------------------------------------

【Result】
{
  "success": true,
  "data": {
    "distance": 3,
    "path": [
      "node_15",
      "node_85",
      "node_65",
      "node_13"
    ]
  }
}

--------------------------------------------------------------------------------


──────────────────────────────────────────────────────────────────────
⏰ 时间: 07:10    | 🔄 迭代: 32
📍 位置: node_15    | 🔋 电量: 35.2% (17.6km)
💰 利润: ¥32.21    | ✅ 完成: 2 单
📦 背包: 空
💬 AI: Executed 1 tool call(s)

================================================================================
[对话轮次 #32] ASSISTANT
================================================================================

【Tool Calls】

  [1] calculate_distance
  Arguments:
    {
        "fromId": "node_15",
        "toId": "node_91"
    }

================================================================================


--------------------------------------------------------------------------------
[对话轮次 #32] TOOL: calculate_distance
--------------------------------------------------------------------------------

【Result】
{
  "success": true,
  "data": {
    "distance": 4,
    "path": [
      "node_15",
      "node_85",
      "node_91"
    ]
  }
}

--------------------------------------------------------------------------------


──────────────────────────────────────────────────────────────────────
⏰ 时间: 07:10    | 🔄 迭代: 33
📍 位置: node_15    | 🔋 电量: 35.2% (17.6km)
💰 利润: ¥32.21    | ✅ 完成: 2 单
📦 背包: 1/5 单 | ⚖️  重量: 0.89/10kg
   1. order_19 🍔 ⏳待取餐 - 0.89kg - ¥20.36
💬 AI: Executed 1 tool call(s)

================================================================================
[对话轮次 #33] ASSISTANT
================================================================================

【Content】
好的，让我分析一下每个订单的总距离：
- order_13：总距离约 16km（3+13），配送费 14.42 元，时限 50 分钟
- order_15：总距离约 18.83km（3+15.83），配送费 21.91 元，时限 58 分钟
- order_18：总距离约 25.83km（4+21.83），配送费 27.82 元，时限 76 分钟
- order_19：总距离约 14km（4+10），配送费 20.36 元，时限 41 分钟

order_19 的总距离最短，配送费也较高。让我先接受 order_19。



【Tool Calls】

  [1] accept_order
  Arguments:
    {
        "orderId": "order_19"
    }

================================================================================


--------------------------------------------------------------------------------
[对话轮次 #33] TOOL: accept_order
--------------------------------------------------------------------------------

【Result】
{
  "success": true,
  "data": {
    "success": true,
    "order": {
      "id": "order_19",
      "type": "food",
      "name": "[\"炸八块鸡\",\"白切鸡\",\"京菜上素包\",\"科罗娜\"]",
      "pickupLocation": "node_76",
      "deliveryLocation": "node_93",
      "distance": 10,
      "itemPrice": 77.38457139232196,
      "deliveryFee": 20.355377136694734,
      "weight": 0.8929026955738664,
      "timeLimit": 41,
      "createdAt": 397,
      "pickedUp": false,
      "delivered": false,
      "acceptedAt": 430.8284271247462,
      "deadline": 471.8284271247462
    }
  }
}

--------------------------------------------------------------------------------


──────────────────────────────────────────────────────────────────────
⏰ 时间: 07:18    | 🔄 迭代: 34
📍 位置: node_76    | 🔋 电量: 27.2% (13.6km)
💰 利润: ¥32.21    | ✅ 完成: 2 单
📦 背包: 1/5 单 | ⚖️  重量: 0.89/10kg
   1. order_19 🍔 ⏳待取餐 - 0.89kg - ¥20.36
💬 AI: Executed 1 tool call(s)

================================================================================
[对话轮次 #34] ASSISTANT
================================================================================

【Content】
好的，订单已接受。现在移动到取餐点 node_76。



【Tool Calls】

  [1] move_to
  Arguments:
    {
        "targetLocationId": "node_76"
    }

================================================================================


--------------------------------------------------------------------------------
[对话轮次 #34] TOOL: move_to
--------------------------------------------------------------------------------

【Result】
{
  "success": true,
  "data": {
    "success": true,
    "timeCost": 8,
    "batteryCost": 8,
    "newPosition": "node_76",
    "distance": 4
  }
}

--------------------------------------------------------------------------------


──────────────────────────────────────────────────────────────────────
⏰ 时间: 07:20    | 🔄 迭代: 35
📍 位置: node_76    | 🔋 电量: 27.2% (13.6km)
💰 利润: ¥32.21    | ✅ 完成: 2 单
📦 背包: 1/5 单 | ⚖️  重量: 0.89/10kg
   1. order_19 🍔 ✓已取餐 - 0.89kg - ¥20.36
💬 AI: Executed 1 tool call(s)

================================================================================
[对话轮次 #35] ASSISTANT
================================================================================

【Content】
好的，我已经到达取餐点。现在取餐。



【Tool Calls】

  [1] pickup_food
  Arguments:
    {
        "orderId": "order_19"
    }

================================================================================


--------------------------------------------------------------------------------
[对话轮次 #35] TOOL: pickup_food
--------------------------------------------------------------------------------

【Result】
{
  "success": true,
  "data": {
    "success": true,
    "timeCost": 2
  }
}

--------------------------------------------------------------------------------

[OrderGenerator] Removing 1 expired order(s): order_17

──────────────────────────────────────────────────────────────────────
⏰ 时间: 07:40    | 🔄 迭代: 36
📍 位置: node_93    | 🔋 电量: 7.2% (3.6km)
💰 利润: ¥32.21    | ✅ 完成: 2 单
📦 背包: 1/5 单 | ⚖️  重量: 0.89/10kg
   1. order_19 🍔 ✓已取餐 - 0.89kg - ¥20.36
💬 AI: Executed 1 tool call(s)

================================================================================
[对话轮次 #36] ASSISTANT
================================================================================

【Content】
好的，取餐成功。现在移动到送餐点 node_93。



【Tool Calls】

  [1] move_to
  Arguments:
    {
        "targetLocationId": "node_93"
    }

================================================================================


--------------------------------------------------------------------------------
[对话轮次 #36] TOOL: move_to
--------------------------------------------------------------------------------

【Result】
{
  "success": true,
  "data": {
    "success": true,
    "timeCost": 20,
    "batteryCost": 20,
    "newPosition": "node_93",
    "distance": 10
  }
}

--------------------------------------------------------------------------------


──────────────────────────────────────────────────────────────────────
✅ 订单完成: order_19 🍔
   配送费: ¥20.36
   实际收入: ¥20.36
   状态: 准时完成
──────────────────────────────────────────────────────────────────────

──────────────────────────────────────────────────────────────────────
⏰ 时间: 07:41    | 🔄 迭代: 37
📍 位置: node_93    | 🔋 电量: 7.2% (3.6km)
💰 利润: ¥52.56    | ✅ 完成: 3 单
📦 背包: 空
💬 AI: Executed 1 tool call(s)

================================================================================
[对话轮次 #37] ASSISTANT
================================================================================

【Content】
好的，我已经到达送餐点。现在完成订单。



【Tool Calls】

  [1] deliver_food
  Arguments:
    {
        "orderId": "order_19"
    }

================================================================================


--------------------------------------------------------------------------------
[对话轮次 #37] TOOL: deliver_food
--------------------------------------------------------------------------------

【Result】
{
  "success": true,
  "data": {
    "success": true,
    "payment": 20.355377136694734,
    "overtime": 0,
    "penalty": 0,
    "timeCost": 1
  }
}

--------------------------------------------------------------------------------


──────────────────────────────────────────────────────────────────────
⏰ 时间: 07:41    | 🔄 迭代: 38
📍 位置: node_93    | 🔋 电量: 7.2% (3.6km)
💰 利润: ¥52.56    | ✅ 完成: 3 单
📦 背包: 空
💬 AI: Executed 1 tool call(s)

================================================================================
[对话轮次 #38] ASSISTANT
================================================================================

【Content】
太好了！订单已完成，获得了 20.36 元的配送费。现在让我查看当前状态。



【Tool Calls】

  [1] get_my_status
  Arguments:
    {}

================================================================================


--------------------------------------------------------------------------------
[对话轮次 #38] TOOL: get_my_status
--------------------------------------------------------------------------------

【Result】
{
  "success": true,
  "data": {
    "position": "node_93",
    "battery": 7.171572875253808,
    "batteryRange": 3.585786437626904,
    "acceptedOrders": [],
    "carriedOrders": [],
    "totalWeight": 0,
    "remainingCapacity": 10,
    "currentTime": 461.8284271247462,
    "formattedTime": "07:41.82842712474621",
    "remainingTime": 1338.1715728752538,
    "formattedRemainingTime": "22小时18.171572875253787分钟",
    "profit": 52.560527121206306
  }
}

--------------------------------------------------------------------------------


──────────────────────────────────────────────────────────────────────
⏰ 时间: 07:41    | 🔄 迭代: 39
📍 位置: node_93    | 🔋 电量: 7.2% (3.6km)
💰 利润: ¥52.56    | ✅ 完成: 3 单
📦 背包: 空
💬 AI: Executed 1 tool call(s)

================================================================================
[对话轮次 #39] ASSISTANT
================================================================================

【Content】
好的，我现在位于 node_93，电量 7.17%（续航约 3.6km），利润 52.56 元。由于电量低于 30%，我需要寻找换电站。



【Tool Calls】

  [1] search_nearby_battery_stations
  Arguments:
    {
        "radius": 5
    }

================================================================================


--------------------------------------------------------------------------------
[对话轮次 #39] TOOL: search_nearby_battery_stations
--------------------------------------------------------------------------------

【Result】
{
  "success": true,
  "data": {
    "stations": [
      {
        "id": "node_97",
        "name": "换电站_97",
        "distance": 3,
        "estimatedTime": 6,
        "position": {
          "x": 3,
          "y": 9
        }
      },
      {
        "id": "node_2",
        "name": "换电站_2",
        "distance": 4,
        "estimatedTime": 8,
        "position": {
          "x": 5,
          "y": 4
        }
      },
      {
        "id": "node_21",
        "name": "换电站_21",
        "distance": 5,
        "estimatedTime": 10,
        "position": {
          "x": 5,
          "y": 3
        }
      },
      {
        "id": "node_69",
        "name": "换电站_69",
        "distance": 5,
        "estimatedTime": 10,
        "position": {
          "x": 6,
          "y": 8
        }
      }
    ]
  }
}

--------------------------------------------------------------------------------


──────────────────────────────────────────────────────────────────────
⏰ 时间: 07:47    | 🔄 迭代: 40
📍 位置: node_97    | 🔋 电量: 1.2% (0.6km)
💰 利润: ¥52.56    | ✅ 完成: 3 单
📦 背包: 空
💬 AI: Executed 1 tool call(s)

================================================================================
[对话轮次 #40] ASSISTANT
================================================================================

【Content】
好的，我找到了四个换电站。离我最近的是 node_97，距离 3km。我当前的电量 7.17%（续航约 3.6km），可以到达。让我移动到 node_97 换电。



【Tool Calls】

  [1] move_to
  Arguments:
    {
        "targetLocationId": "node_97"
    }

================================================================================


--------------------------------------------------------------------------------
[对话轮次 #40] TOOL: move_to
--------------------------------------------------------------------------------

【Result】
{
  "success": true,
  "data": {
    "success": true,
    "timeCost": 6,
    "batteryCost": 6,
    "newPosition": "node_97",
    "distance": 3
  }
}

--------------------------------------------------------------------------------

[OrderGenerator] Removing 3 expired order(s): order_18, order_20, order_21

──────────────────────────────────────────────────────────────────────
⏰ 时间: 07:48    | 🔄 迭代: 41
📍 位置: node_97    | 🔋 电量: 100.0% (50.0km)
💰 利润: ¥52.06    | ✅ 完成: 3 单
📦 背包: 空
💬 AI: Executed 1 tool call(s)

================================================================================
[对话轮次 #41] ASSISTANT
================================================================================

【Content】
好的，我已经到达换电站。现在换电。



【Tool Calls】

  [1] swap_battery
  Arguments:
    {}

================================================================================


--------------------------------------------------------------------------------
[对话轮次 #41] TOOL: swap_battery
--------------------------------------------------------------------------------

【Result】
{
  "success": true,
  "data": {
    "success": true,
    "cost": 0.5,
    "timeCost": 1,
    "newBattery": 100
  }
}

--------------------------------------------------------------------------------


──────────────────────────────────────────────────────────────────────
⏰ 时间: 07:48    | 🔄 迭代: 42
📍 位置: node_97    | 🔋 电量: 100.0% (50.0km)
💰 利润: ¥52.06    | ✅ 完成: 3 单
📦 背包: 空
💬 AI: Executed 1 tool call(s)

================================================================================
[对话轮次 #42] ASSISTANT
================================================================================

【Content】
好的，换电成功，电量恢复到 100%。现在让我搜索附近的订单。



【Tool Calls】

  [1] search_nearby_orders
  Arguments:
    {
        "radius": 5
    }

================================================================================


--------------------------------------------------------------------------------
[对话轮次 #42] TOOL: search_nearby_orders
--------------------------------------------------------------------------------

【Result】
{
  "success": true,
  "data": {
    "orders": [
      {
        "id": "order_22",
        "type": "food",
        "name": "[\"家乡鳝鱼\",\"凤凰玉米羹\",\"扒肉眼牛排\",\"冰茶\"]",
        "deliveryFee": 24.77801592106698,
        "weight": 0.8500761770410463,
        "itemPrice": 73.98832894745283,
        "pickupLocation": "node_83",
        "deliveryLocation": "node_99",
        "distance": 15,
        "estimatedTimeLimit": 56
      }
    ]
  }
}

--------------------------------------------------------------------------------


──────────────────────────────────────────────────────────────────────
⏰ 时间: 07:48    | 🔄 迭代: 43
📍 位置: node_97    | 🔋 电量: 100.0% (50.0km)
💰 利润: ¥52.06    | ✅ 完成: 3 单
📦 背包: 空
💬 AI: Executed 1 tool call(s)

================================================================================
[对话轮次 #43] ASSISTANT
================================================================================

【Content】
我找到了一个订单：order_22，配送费 24.78 元，取餐点 node_83，送餐点 node_99，距离 15km，时限 56 分钟。

让我计算从 node_97 到 node_83 的距离。



【Tool Calls】

  [1] calculate_distance
  Arguments:
    {
        "fromId": "node_97",
        "toId": "node_83"
    }

================================================================================


--------------------------------------------------------------------------------
[对话轮次 #43] TOOL: calculate_distance
--------------------------------------------------------------------------------

【Result】
{
  "success": true,
  "data": {
    "distance": 3,
    "path": [
      "node_97",
      "node_62",
      "node_77",
      "node_83"
    ]
  }
}

--------------------------------------------------------------------------------


──────────────────────────────────────────────────────────────────────
⏰ 时间: 07:48    | 🔄 迭代: 44
📍 位置: node_97    | 🔋 电量: 100.0% (50.0km)
💰 利润: ¥52.06    | ✅ 完成: 3 单
📦 背包: 1/5 单 | ⚖️  重量: 0.85/10kg
   1. order_22 🍔 ⏳待取餐 - 0.85kg - ¥24.78
💬 AI: Executed 1 tool call(s)

================================================================================
[对话轮次 #44] ASSISTANT
================================================================================

【Content】
好的，从 node_97 到 node_83 的距离是 3km。让我接受这个订单。



【Tool Calls】

  [1] accept_order
  Arguments:
    {
        "orderId": "order_22"
    }

================================================================================


--------------------------------------------------------------------------------
[对话轮次 #44] TOOL: accept_order
--------------------------------------------------------------------------------

【Result】
{
  "success": true,
  "data": {
    "success": true,
    "order": {
      "id": "order_22",
      "type": "food",
      "name": "[\"家乡鳝鱼\",\"凤凰玉米羹\",\"扒肉眼牛排\",\"冰茶\"]",
      "pickupLocation": "node_83",
      "deliveryLocation": "node_99",
      "distance": 15,
      "itemPrice": 73.98832894745283,
      "deliveryFee": 24.77801592106698,
      "weight": 0.8500761770410463,
      "timeLimit": 56,
      "createdAt": 467.8284271247462,
      "pickedUp": false,
      "delivered": false,
      "acceptedAt": 468.8284271247462,
      "deadline": 524.8284271247462
    }
  }
}

--------------------------------------------------------------------------------


──────────────────────────────────────────────────────────────────────
⏰ 时间: 07:54    | 🔄 迭代: 45
📍 位置: node_83    | 🔋 电量: 94.0% (47.0km)
💰 利润: ¥52.06    | ✅ 完成: 3 单
📦 背包: 1/5 单 | ⚖️  重量: 0.85/10kg
   1. order_22 🍔 ⏳待取餐 - 0.85kg - ¥24.78
💬 AI: Executed 1 tool call(s)

================================================================================
[对话轮次 #45] ASSISTANT
================================================================================

【Content】
好的，订单已接受。现在移动到取餐点 node_83。



【Tool Calls】

  [1] move_to
  Arguments:
    {
        "targetLocationId": "node_83"
    }

================================================================================


--------------------------------------------------------------------------------
[对话轮次 #45] TOOL: move_to
--------------------------------------------------------------------------------

【Result】
{
  "success": true,
  "data": {
    "success": true,
    "timeCost": 6,
    "batteryCost": 6,
    "newPosition": "node_83",
    "distance": 3
  }
}

--------------------------------------------------------------------------------


──────────────────────────────────────────────────────────────────────
⏰ 时间: 07:56    | 🔄 迭代: 46
📍 位置: node_83    | 🔋 电量: 94.0% (47.0km)
💰 利润: ¥52.06    | ✅ 完成: 3 单
📦 背包: 1/5 单 | ⚖️  重量: 0.85/10kg
   1. order_22 🍔 ✓已取餐 - 0.85kg - ¥24.78
💬 AI: Executed 1 tool call(s)

================================================================================
[对话轮次 #46] ASSISTANT
================================================================================

【Content】
好的，我已经到达取餐点。现在取餐。



【Tool Calls】

  [1] pickup_food
  Arguments:
    {
        "orderId": "order_22"
    }

================================================================================


--------------------------------------------------------------------------------
[对话轮次 #46] TOOL: pickup_food
--------------------------------------------------------------------------------

【Result】
{
  "success": true,
  "data": {
    "success": true,
    "timeCost": 2
  }
}

--------------------------------------------------------------------------------


──────────────────────────────────────────────────────────────────────
⏰ 时间: 07:56    | 🔄 迭代: 47
📍 位置: node_83    | 🔋 电量: 94.0% (47.0km)
💰 利润: ¥52.06    | ✅ 完成: 3 单
📦 背包: 1/5 单 | ⚖️  重量: 0.85/10kg
   1. order_22 🍔 ✓已取餐 - 0.85kg - ¥24.78
💬 AI: Executed 1 tool call(s)

================================================================================
[对话轮次 #47] ASSISTANT
================================================================================

【Content】
好的，取餐成功。现在移动到送餐点 node_99。



【Tool Calls】

  [1] calculate_distance
  Arguments:
    {
        "fromId": "node_83",
        "toId": "node_99"
    }

================================================================================


--------------------------------------------------------------------------------
[对话轮次 #47] TOOL: calculate_distance
--------------------------------------------------------------------------------

【Result】
{
  "success": true,
  "data": {
    "distance": 15,
    "path": [
      "node_83",
      "node_23",
      "node_86",
      "node_16",
      "node_36",
      "node_3",
      "node_99"
    ]
  }
}

--------------------------------------------------------------------------------


──────────────────────────────────────────────────────────────────────
⏰ 时间: 08:32    | 🔄 迭代: 48
📍 位置: node_99    | 🔋 电量: 64.0% (32.0km)
💰 利润: ¥52.06    | ✅ 完成: 3 单
📦 背包: 1/5 单 | ⚖️  重量: 0.85/10kg
   1. order_22 🍔 ✓已取餐 - 0.85kg - ¥24.78
💬 AI: Executed 1 tool call(s)

================================================================================
[对话轮次 #48] ASSISTANT
================================================================================

【Content】
好的，从 node_83 到 node_99 的距离是 15km。让我移动到 node_99。



【Tool Calls】

  [1] move_to
  Arguments:
    {
        "targetLocationId": "node_99"
    }

================================================================================


--------------------------------------------------------------------------------
[对话轮次 #48] TOOL: move_to
--------------------------------------------------------------------------------

【Result】
{
  "success": true,
  "data": {
    "success": true,
    "timeCost": 36,
    "batteryCost": 30,
    "newPosition": "node_99",
    "distance": 15
  }
}

--------------------------------------------------------------------------------


──────────────────────────────────────────────────────────────────────
✅ 订单完成: order_22 🍔
   配送费: ¥24.78
   实际收入: ¥24.78
   状态: 准时完成
──────────────────────────────────────────────────────────────────────

──────────────────────────────────────────────────────────────────────
⏰ 时间: 08:33    | 🔄 迭代: 49
📍 位置: node_99    | 🔋 电量: 64.0% (32.0km)
💰 利润: ¥76.84    | ✅ 完成: 4 单
📦 背包: 空
💬 AI: Executed 1 tool call(s)

================================================================================
[对话轮次 #49] ASSISTANT
================================================================================

【Content】
好的，我已经到达送餐点。现在完成订单。



【Tool Calls】

  [1] deliver_food
  Arguments:
    {
        "orderId": "order_22"
    }

================================================================================


--------------------------------------------------------------------------------
[对话轮次 #49] TOOL: deliver_food
--------------------------------------------------------------------------------

【Result】
{
  "success": true,
  "data": {
    "success": true,
    "payment": 24.77801592106698,
    "overtime": 0,
    "penalty": 0,
    "timeCost": 1
  }
}

--------------------------------------------------------------------------------


──────────────────────────────────────────────────────────────────────
⏰ 时间: 08:33    | 🔄 迭代: 50
📍 位置: node_99    | 🔋 电量: 64.0% (32.0km)
💰 利润: ¥76.84    | ✅ 完成: 4 单
📦 背包: 空
💬 AI: Executed 1 tool call(s)

================================================================================
[对话轮次 #50] ASSISTANT
================================================================================

【Content】
太好了！订单已完成，获得了 24.78 元的配送费。现在让我查看当前状态。



【Tool Calls】

  [1] get_my_status
  Arguments:
    {}

================================================================================


--------------------------------------------------------------------------------
[对话轮次 #50] TOOL: get_my_status
--------------------------------------------------------------------------------

【Result】
{
  "success": true,
  "data": {
    "position": "node_99",
    "battery": 64,
    "batteryRange": 32,
    "acceptedOrders": [],
    "carriedOrders": [],
    "totalWeight": 0,
    "remainingCapacity": 10,
    "currentTime": 513.8284271247462,
    "formattedTime": "08:33.82842712474621",
    "remainingTime": 1286.1715728752538,
    "formattedRemainingTime": "21小时26.171572875253787分钟",
    "profit": 76.83854304227329
  }
}

--------------------------------------------------------------------------------

[AI Client] History limit reached. Trimmed to 100 non-system messages (removed 1 oldest messages)
[AI Client] No user message in history after trim, re-anchored with a user query (llama.cpp multi_step_tool template requires it)

──────────────────────────────────────────────────────────────────────
⏰ 时间: 08:33    | 🔄 迭代: 51
📍 位置: node_99    | 🔋 电量: 64.0% (32.0km)
💰 利润: ¥76.84    | ✅ 完成: 4 单
📦 背包: 空
💬 AI: Executed 1 tool call(s)

================================================================================
[对话轮次 #51] ASSISTANT
================================================================================

【Tool Calls】

  [1] search_nearby_orders
  Arguments:
    {
        "radius": 5
    }

================================================================================


--------------------------------------------------------------------------------
[对话轮次 #51] TOOL: search_nearby_orders
--------------------------------------------------------------------------------

【Result】
{
  "success": true,
  "data": {
    "orders": [
      {
        "id": "order_24",
        "type": "food",
        "name": "[\"萝卜煲排骨汤\",\"羊肉泡馍\"]",
        "deliveryFee": 19.005187023955422,
        "weight": 0.8545404749456793,
        "itemPrice": 32.72763034212403,
        "pickupLocation": "node_13",
        "deliveryLocation": "node_57",
        "distance": 16.414213562373096,
        "estimatedTimeLimit": 60.24264068711929
      }
    ]
  }
}

--------------------------------------------------------------------------------

[AI Client] History limit reached. Trimmed to 100 non-system messages (removed 3 oldest messages)

──────────────────────────────────────────────────────────────────────
⏰ 时间: 08:33    | 🔄 迭代: 52
📍 位置: node_99    | 🔋 电量: 64.0% (32.0km)
💰 利润: ¥76.84    | ✅ 完成: 4 单
📦 背包: 空
💬 AI: Executed 1 tool call(s)

================================================================================
[对话轮次 #52] ASSISTANT
================================================================================

【Tool Calls】

  [1] calculate_distance
  Arguments:
    {
        "fromId": "node_99",
        "toId": "node_13"
    }

================================================================================


--------------------------------------------------------------------------------
[对话轮次 #52] TOOL: calculate_distance
--------------------------------------------------------------------------------

【Result】
{
  "success": true,
  "data": {
    "distance": 4,
    "path": [
      "node_99",
      "node_3",
      "node_13"
    ]
  }
}

--------------------------------------------------------------------------------

[AI Client] History limit reached. Trimmed to 100 non-system messages (removed 2 oldest messages)

──────────────────────────────────────────────────────────────────────
⏰ 时间: 08:33    | 🔄 迭代: 53
📍 位置: node_99    | 🔋 电量: 64.0% (32.0km)
💰 利润: ¥76.84    | ✅ 完成: 4 单
📦 背包: 1/5 单 | ⚖️  重量: 0.85/10kg
   1. order_24 🍔 ⏳待取餐 - 0.85kg - ¥19.01
💬 AI: Executed 1 tool call(s)

================================================================================
[对话轮次 #53] ASSISTANT
================================================================================

【Tool Calls】

  [1] accept_order
  Arguments:
    {
        "orderId": "order_24"
    }

================================================================================


--------------------------------------------------------------------------------
[对话轮次 #53] TOOL: accept_order
--------------------------------------------------------------------------------

【Result】
{
  "success": true,
  "data": {
    "success": true,
    "order": {
      "id": "order_24",
      "type": "food",
      "name": "[\"萝卜煲排骨汤\",\"羊肉泡馍\"]",
      "pickupLocation": "node_13",
      "deliveryLocation": "node_57",
      "distance": 16.414213562373096,
      "itemPrice": 32.72763034212403,
      "deliveryFee": 19.005187023955422,
      "weight": 0.8545404749456793,
      "timeLimit": 60.24264068711929,
      "createdAt": 474.8284271247462,
      "pickedUp": false,
      "delivered": false,
      "acceptedAt": 513.8284271247462,
      "deadline": 574.0710678118655
    }
  }
}

--------------------------------------------------------------------------------

[AI Client] History limit reached. Trimmed to 100 non-system messages (removed 2 oldest messages)

──────────────────────────────────────────────────────────────────────
⏰ 时间: 08:43    | 🔄 迭代: 54
📍 位置: node_13    | 🔋 电量: 56.0% (28.0km)
💰 利润: ¥76.84    | ✅ 完成: 4 单
📦 背包: 1/5 单 | ⚖️  重量: 0.85/10kg
   1. order_24 🍔 ⏳待取餐 - 0.85kg - ¥19.01
💬 AI: Executed 1 tool call(s)

================================================================================
[对话轮次 #54] ASSISTANT
================================================================================

【Tool Calls】

  [1] move_to
  Arguments:
    {
        "targetLocationId": "node_13"
    }

================================================================================


--------------------------------------------------------------------------------
[对话轮次 #54] TOOL: move_to
--------------------------------------------------------------------------------

【Result】
{
  "success": true,
  "data": {
    "success": true,
    "timeCost": 9.6,
    "batteryCost": 8,
    "newPosition": "node_13",
    "distance": 4
  }
}

--------------------------------------------------------------------------------

[AI Client] History limit reached. Trimmed to 100 non-system messages (removed 2 oldest messages)

──────────────────────────────────────────────────────────────────────
⏰ 时间: 08:45    | 🔄 迭代: 55
📍 位置: node_13    | 🔋 电量: 56.0% (28.0km)
💰 利润: ¥76.84    | ✅ 完成: 4 单
📦 背包: 1/5 单 | ⚖️  重量: 0.85/10kg
   1. order_24 🍔 ✓已取餐 - 0.85kg - ¥19.01
💬 AI: Executed 1 tool call(s)

================================================================================
[对话轮次 #55] ASSISTANT
================================================================================

【Tool Calls】

  [1] pickup_food
  Arguments:
    {
        "orderId": "order_24"
    }

================================================================================


--------------------------------------------------------------------------------
[对话轮次 #55] TOOL: pickup_food
--------------------------------------------------------------------------------

【Result】
{
  "success": true,
  "data": {
    "success": true,
    "timeCost": 2
  }
}

--------------------------------------------------------------------------------

[OrderGenerator] Removing 2 expired order(s): order_23, order_25
[AI Client] History limit reached. Trimmed to 100 non-system messages (removed 2 oldest messages)

──────────────────────────────────────────────────────────────────────
⏰ 时间: 08:45    | 🔄 迭代: 56
📍 位置: node_13    | 🔋 电量: 56.0% (28.0km)
💰 利润: ¥76.84    | ✅ 完成: 4 单
📦 背包: 1/5 单 | ⚖️  重量: 0.85/10kg
   1. order_24 🍔 ✓已取餐 - 0.85kg - ¥19.01
💬 AI: Executed 1 tool call(s)

================================================================================
[对话轮次 #56] ASSISTANT
================================================================================

【Tool Calls】

  [1] calculate_distance
  Arguments:
    {
        "fromId": "node_13",
        "toId": "node_57"
    }

================================================================================


--------------------------------------------------------------------------------
[对话轮次 #56] TOOL: calculate_distance
--------------------------------------------------------------------------------

【Result】
{
  "success": true,
  "data": {
    "distance": 16.414213562373096,
    "path": [
      "node_13",
      "node_3",
      "node_36",
      "node_16",
      "node_86",
      "node_97",
      "node_38",
      "node_57"
    ]
  }
}

--------------------------------------------------------------------------------

[AI Client] History limit reached. Trimmed to 100 non-system messages (removed 2 oldest messages)

──────────────────────────────────────────────────────────────────────
⏰ 时间: 09:18    | 🔄 迭代: 57
📍 位置: node_57    | 🔋 电量: 23.2% (11.6km)
💰 利润: ¥76.84    | ✅ 完成: 4 单
📦 背包: 1/5 单 | ⚖️  重量: 0.85/10kg
   1. order_24 🍔 ✓已取餐 - 0.85kg - ¥19.01
💬 AI: Executed 1 tool call(s)

================================================================================
[对话轮次 #57] ASSISTANT
================================================================================

【Tool Calls】

  [1] move_to
  Arguments:
    {
        "targetLocationId": "node_57"
    }

================================================================================


--------------------------------------------------------------------------------
[对话轮次 #57] TOOL: move_to
--------------------------------------------------------------------------------

【Result】
{
  "success": true,
  "data": {
    "success": true,
    "timeCost": 32.82842712474619,
    "batteryCost": 32.82842712474619,
    "newPosition": "node_57",
    "distance": 16.414213562373096
  }
}

--------------------------------------------------------------------------------

[AI Client] History limit reached. Trimmed to 100 non-system messages (removed 2 oldest messages)

──────────────────────────────────────────────────────────────────────
✅ 订单完成: order_24 🍔
   配送费: ¥19.01
   实际收入: ¥19.01
   状态: 准时完成
──────────────────────────────────────────────────────────────────────

──────────────────────────────────────────────────────────────────────
⏰ 时间: 09:19    | 🔄 迭代: 58
📍 位置: node_57    | 🔋 电量: 23.2% (11.6km)
💰 利润: ¥95.84    | ✅ 完成: 5 单
📦 背包: 空
💬 AI: Executed 1 tool call(s)

================================================================================
[对话轮次 #58] ASSISTANT
================================================================================

【Tool Calls】

  [1] deliver_food
  Arguments:
    {
        "orderId": "order_24"
    }

================================================================================


--------------------------------------------------------------------------------
[对话轮次 #58] TOOL: deliver_food
--------------------------------------------------------------------------------

【Result】
{
  "success": true,
  "data": {
    "success": true,
    "payment": 19.005187023955422,
    "overtime": 0,
    "penalty": 0,
    "timeCost": 1
  }
}

--------------------------------------------------------------------------------

[AI Client] History limit reached. Trimmed to 100 non-system messages (removed 2 oldest messages)

──────────────────────────────────────────────────────────────────────
⏰ 时间: 09:19    | 🔄 迭代: 59
📍 位置: node_57    | 🔋 电量: 23.2% (11.6km)
💰 利润: ¥95.84    | ✅ 完成: 5 单
📦 背包: 空
💬 AI: Executed 1 tool call(s)

================================================================================
[对话轮次 #59] ASSISTANT
================================================================================

【Tool Calls】

  [1] get_my_status
  Arguments:
    {}

================================================================================


--------------------------------------------------------------------------------
[对话轮次 #59] TOOL: get_my_status
--------------------------------------------------------------------------------

【Result】
{
  "success": true,
  "data": {
    "position": "node_57",
    "battery": 23.17157287525381,
    "batteryRange": 11.585786437626904,
    "acceptedOrders": [],
    "carriedOrders": [],
    "totalWeight": 0,
    "remainingCapacity": 10,
    "currentTime": 559.2568542494924,
    "formattedTime": "09:19.25685424949245",
    "remainingTime": 1240.7431457505077,
    "formattedRemainingTime": "20小时40.743145750507665分钟",
    "profit": 95.84373006622872
  }
}

--------------------------------------------------------------------------------

[AI Client] History limit reached. Trimmed to 100 non-system messages (removed 2 oldest messages)

──────────────────────────────────────────────────────────────────────
⏰ 时间: 09:19    | 🔄 迭代: 60
📍 位置: node_57    | 🔋 电量: 23.2% (11.6km)
💰 利润: ¥95.84    | ✅ 完成: 5 单
📦 背包: 空
💬 AI: Executed 1 tool call(s)

================================================================================
[对话轮次 #60] ASSISTANT
================================================================================

【Tool Calls】

  [1] search_nearby_battery_stations
  Arguments:
    {
        "radius": 5
    }

================================================================================


--------------------------------------------------------------------------------
[对话轮次 #60] TOOL: search_nearby_battery_stations
--------------------------------------------------------------------------------

【Result】
{
  "success": true,
  "data": {
    "stations": [
      {
        "id": "node_97",
        "name": "换电站_97",
        "distance": 2.414213562373095,
        "estimatedTime": 4.82842712474619,
        "position": {
          "x": 3,
          "y": 9
        }
      },
      {
        "id": "node_32",
        "name": "换电站_32",
        "distance": 4,
        "estimatedTime": 8,
        "position": {
          "x": 2,
          "y": 11
        }
      },
      {
        "id": "node_69",
        "name": "换电站_69",
        "distance": 5,
        "estimatedTime": 10,
        "position": {
          "x": 6,
          "y": 8
        }
      }
    ]
  }
}

--------------------------------------------------------------------------------

[OrderGenerator] Removing 1 expired order(s): order_28
[AI Client] History limit reached. Trimmed to 100 non-system messages (removed 2 oldest messages)

──────────────────────────────────────────────────────────────────────
⏰ 时间: 09:24    | 🔄 迭代: 61
📍 位置: node_97    | 🔋 电量: 18.3% (9.2km)
💰 利润: ¥95.84    | ✅ 完成: 5 单
📦 背包: 空
💬 AI: Executed 1 tool call(s)

================================================================================
[对话轮次 #61] ASSISTANT
================================================================================

【Tool Calls】

  [1] move_to
  Arguments:
    {
        "targetLocationId": "node_97"
    }

================================================================================


--------------------------------------------------------------------------------
[对话轮次 #61] TOOL: move_to
--------------------------------------------------------------------------------

【Result】
{
  "success": true,
  "data": {
    "success": true,
    "timeCost": 4.82842712474619,
    "batteryCost": 4.82842712474619,
    "newPosition": "node_97",
    "distance": 2.414213562373095
  }
}

--------------------------------------------------------------------------------

[AI Client] History limit reached. Trimmed to 100 non-system messages (removed 2 oldest messages)

──────────────────────────────────────────────────────────────────────
⏰ 时间: 09:25    | 🔄 迭代: 62
📍 位置: node_97    | 🔋 电量: 100.0% (50.0km)
💰 利润: ¥95.34    | ✅ 完成: 5 单
📦 背包: 空
💬 AI: Executed 1 tool call(s)

================================================================================
[对话轮次 #62] ASSISTANT
================================================================================

【Tool Calls】

  [1] swap_battery
  Arguments:
    {}

================================================================================


--------------------------------------------------------------------------------
[对话轮次 #62] TOOL: swap_battery
--------------------------------------------------------------------------------

【Result】
{
  "success": true,
  "data": {
    "success": true,
    "cost": 0.5,
    "timeCost": 1,
    "newBattery": 100
  }
}

--------------------------------------------------------------------------------

[AI Client] History limit reached. Trimmed to 100 non-system messages (removed 2 oldest messages)

──────────────────────────────────────────────────────────────────────
⏰ 时间: 09:25    | 🔄 迭代: 63
📍 位置: node_97    | 🔋 电量: 100.0% (50.0km)
💰 利润: ¥95.34    | ✅ 完成: 5 单
📦 背包: 空
💬 AI: Executed 1 tool call(s)

================================================================================
[对话轮次 #63] ASSISTANT
================================================================================

【Tool Calls】

  [1] search_nearby_orders
  Arguments:
    {
        "radius": 5
    }

================================================================================


--------------------------------------------------------------------------------
[对话轮次 #63] TOOL: search_nearby_orders
--------------------------------------------------------------------------------

【Result】
{
  "success": true,
  "data": {
    "orders": [
      {
        "id": "order_26",
        "type": "food",
        "name": "[\"鱼香大虾肉\"]",
        "deliveryFee": 17.994289345340803,
        "weight": 0.6689300319412723,
        "itemPrice": 51.73111379612237,
        "pickupLocation": "node_63",
        "deliveryLocation": "node_24",
        "distance": 12,
        "estimatedTimeLimit": 47
      }
    ]
  }
}

--------------------------------------------------------------------------------

[AI Client] History limit reached. Trimmed to 100 non-system messages (removed 2 oldest messages)

──────────────────────────────────────────────────────────────────────
⏰ 时间: 09:25    | 🔄 迭代: 64
📍 位置: node_97    | 🔋 电量: 100.0% (50.0km)
💰 利润: ¥95.34    | ✅ 完成: 5 单
📦 背包: 空
💬 AI: Executed 1 tool call(s)

================================================================================
[对话轮次 #64] ASSISTANT
================================================================================

【Tool Calls】

  [1] calculate_distance
  Arguments:
    {
        "fromId": "node_97",
        "toId": "node_63"
    }

================================================================================


--------------------------------------------------------------------------------
[对话轮次 #64] TOOL: calculate_distance
--------------------------------------------------------------------------------

【Result】
{
  "success": true,
  "data": {
    "distance": 1,
    "path": [
      "node_97",
      "node_63"
    ]
  }
}

--------------------------------------------------------------------------------

[AI Client] History limit reached. Trimmed to 100 non-system messages (removed 2 oldest messages)

──────────────────────────────────────────────────────────────────────
⏰ 时间: 09:25    | 🔄 迭代: 65
📍 位置: node_97    | 🔋 电量: 100.0% (50.0km)
💰 利润: ¥95.34    | ✅ 完成: 5 单
📦 背包: 1/5 单 | ⚖️  重量: 0.67/10kg
   1. order_26 🍔 ⏳待取餐 - 0.67kg - ¥17.99
💬 AI: Executed 1 tool call(s)

================================================================================
[对话轮次 #65] ASSISTANT
================================================================================

【Tool Calls】

  [1] accept_order
  Arguments:
    {
        "orderId": "order_26"
    }

================================================================================


--------------------------------------------------------------------------------
[对话轮次 #65] TOOL: accept_order
--------------------------------------------------------------------------------

【Result】
{
  "success": true,
  "data": {
    "success": true,
    "order": {
      "id": "order_26",
      "type": "food",
      "name": "[\"鱼香大虾肉\"]",
      "pickupLocation": "node_63",
      "deliveryLocation": "node_24",
      "distance": 12,
      "itemPrice": 51.73111379612237,
      "deliveryFee": 17.994289345340803,
      "weight": 0.6689300319412723,
      "timeLimit": 47,
      "createdAt": 513.8284271247462,
      "pickedUp": false,
      "delivered": false,
      "acceptedAt": 565.0852813742387,
      "deadline": 612.0852813742387
    }
  }
}

--------------------------------------------------------------------------------

[AI Client] History limit reached. Trimmed to 100 non-system messages (removed 2 oldest messages)

──────────────────────────────────────────────────────────────────────
⏰ 时间: 09:27    | 🔄 迭代: 66
📍 位置: node_63    | 🔋 电量: 98.0% (49.0km)
💰 利润: ¥95.34    | ✅ 完成: 5 单
📦 背包: 1/5 单 | ⚖️  重量: 0.67/10kg
   1. order_26 🍔 ⏳待取餐 - 0.67kg - ¥17.99
💬 AI: Executed 1 tool call(s)

================================================================================
[对话轮次 #66] ASSISTANT
================================================================================

【Tool Calls】

  [1] move_to
  Arguments:
    {
        "targetLocationId": "node_63"
    }

================================================================================


--------------------------------------------------------------------------------
[对话轮次 #66] TOOL: move_to
--------------------------------------------------------------------------------

【Result】
{
  "success": true,
  "data": {
    "success": true,
    "timeCost": 2,
    "batteryCost": 2,
    "newPosition": "node_63",
    "distance": 1
  }
}

--------------------------------------------------------------------------------

[AI Client] History limit reached. Trimmed to 100 non-system messages (removed 2 oldest messages)

──────────────────────────────────────────────────────────────────────
⏰ 时间: 09:29    | 🔄 迭代: 67
📍 位置: node_63    | 🔋 电量: 98.0% (49.0km)
💰 利润: ¥95.34    | ✅ 完成: 5 单
📦 背包: 1/5 单 | ⚖️  重量: 0.67/10kg
   1. order_26 🍔 ✓已取餐 - 0.67kg - ¥17.99
💬 AI: Executed 1 tool call(s)

================================================================================
[对话轮次 #67] ASSISTANT
================================================================================

【Tool Calls】

  [1] pickup_food
  Arguments:
    {
        "orderId": "order_26"
    }

================================================================================


--------------------------------------------------------------------------------
[对话轮次 #67] TOOL: pickup_food
--------------------------------------------------------------------------------

【Result】
{
  "success": true,
  "data": {
    "success": true,
    "timeCost": 2
  }
}

--------------------------------------------------------------------------------

[AI Client] History limit reached. Trimmed to 100 non-system messages (removed 2 oldest messages)

──────────────────────────────────────────────────────────────────────
⏰ 时间: 09:29    | 🔄 迭代: 68
📍 位置: node_63    | 🔋 电量: 98.0% (49.0km)
💰 利润: ¥95.34    | ✅ 完成: 5 单
📦 背包: 1/5 单 | ⚖️  重量: 0.67/10kg
   1. order_26 🍔 ✓已取餐 - 0.67kg - ¥17.99
💬 AI: Executed 1 tool call(s)

================================================================================
[对话轮次 #68] ASSISTANT
================================================================================

【Tool Calls】

  [1] calculate_distance
  Arguments:
    {
        "fromId": "node_63",
        "toId": "node_24"
    }

================================================================================


--------------------------------------------------------------------------------
[对话轮次 #68] TOOL: calculate_distance
--------------------------------------------------------------------------------

【Result】
{
  "success": true,
  "data": {
    "distance": 12,
    "path": [
      "node_63",
      "node_46",
      "node_67",
      "node_69",
      "node_14",
      "node_17",
      "node_39",
      "node_75",
      "node_24"
    ]
  }
}

--------------------------------------------------------------------------------

[AI Client] History limit reached. Trimmed to 100 non-system messages (removed 2 oldest messages)

──────────────────────────────────────────────────────────────────────
⏰ 时间: 09:53    | 🔄 迭代: 69
📍 位置: node_24    | 🔋 电量: 74.0% (37.0km)
💰 利润: ¥95.34    | ✅ 完成: 5 单
📦 背包: 1/5 单 | ⚖️  重量: 0.67/10kg
   1. order_26 🍔 ✓已取餐 - 0.67kg - ¥17.99
💬 AI: Executed 1 tool call(s)

================================================================================
[对话轮次 #69] ASSISTANT
================================================================================

【Tool Calls】

  [1] move_to
  Arguments:
    {
        "targetLocationId": "node_24"
    }

================================================================================


--------------------------------------------------------------------------------
[对话轮次 #69] TOOL: move_to
--------------------------------------------------------------------------------

【Result】
{
  "success": true,
  "data": {
    "success": true,
    "timeCost": 24,
    "batteryCost": 24,
    "newPosition": "node_24",
    "distance": 12
  }
}

--------------------------------------------------------------------------------

[AI Client] History limit reached. Trimmed to 100 non-system messages (removed 2 oldest messages)

──────────────────────────────────────────────────────────────────────
✅ 订单完成: order_26 🍔
   配送费: ¥17.99
   实际收入: ¥17.99
   状态: 准时完成
──────────────────────────────────────────────────────────────────────

──────────────────────────────────────────────────────────────────────
⏰ 时间: 09:54    | 🔄 迭代: 70
📍 位置: node_24    | 🔋 电量: 74.0% (37.0km)
💰 利润: ¥113.34   | ✅ 完成: 6 单
📦 背包: 空
💬 AI: Executed 1 tool call(s)

================================================================================
[对话轮次 #70] ASSISTANT
================================================================================

【Tool Calls】

  [1] deliver_food
  Arguments:
    {
        "orderId": "order_26"
    }

================================================================================


--------------------------------------------------------------------------------
[对话轮次 #70] TOOL: deliver_food
--------------------------------------------------------------------------------

【Result】
{
  "success": true,
  "data": {
    "success": true,
    "payment": 17.994289345340803,
    "overtime": 0,
    "penalty": 0,
    "timeCost": 1
  }
}

--------------------------------------------------------------------------------

[OrderGenerator] Removing 2 expired order(s): order_27, order_29
[AI Client] History limit reached. Trimmed to 100 non-system messages (removed 2 oldest messages)

──────────────────────────────────────────────────────────────────────
⏰ 时间: 09:54    | 🔄 迭代: 71
📍 位置: node_24    | 🔋 电量: 74.0% (37.0km)
💰 利润: ¥113.34   | ✅ 完成: 6 单
📦 背包: 空
💬 AI: Executed 1 tool call(s)

================================================================================
[对话轮次 #71] ASSISTANT
================================================================================

【Tool Calls】

  [1] get_my_status
  Arguments:
    {}

================================================================================


--------------------------------------------------------------------------------
[对话轮次 #71] TOOL: get_my_status
--------------------------------------------------------------------------------

【Result】
{
  "success": true,
  "data": {
    "position": "node_24",
    "battery": 74,
    "batteryRange": 37,
    "acceptedOrders": [],
    "carriedOrders": [],
    "totalWeight": 0,
    "remainingCapacity": 10,
    "currentTime": 594.0852813742387,
    "formattedTime": "09:54.08528137423866",
    "remainingTime": 1205.9147186257615,
    "formattedRemainingTime": "20小时5.914718625761452分钟",
    "profit": 113.33801941156952
  }
}

--------------------------------------------------------------------------------

[AI Client] History limit reached. Trimmed to 100 non-system messages (removed 2 oldest messages)

──────────────────────────────────────────────────────────────────────
⏰ 时间: 09:54    | 🔄 迭代: 72
📍 位置: node_24    | 🔋 电量: 74.0% (37.0km)
💰 利润: ¥113.34   | ✅ 完成: 6 单
📦 背包: 空
💬 AI: Executed 1 tool call(s)

================================================================================
[对话轮次 #72] ASSISTANT
================================================================================

【Tool Calls】

  [1] search_nearby_orders
  Arguments:
    {
        "radius": 5
    }

================================================================================


--------------------------------------------------------------------------------
[对话轮次 #72] TOOL: search_nearby_orders
--------------------------------------------------------------------------------

【Result】
{
  "success": true,
  "data": {
    "orders": [
      {
        "id": "order_32",
        "type": "supermarket",
        "name": "[\"水果\",\"饮料\",\"肉类\"]",
        "deliveryFee": 23.906688235502713,
        "weight": 8.54346945649013,
        "itemPrice": 72.30867454782128,
        "pickupLocation": "node_64",
        "deliveryLocation": "node_6",
        "distance": 14.414213562373096,
        "estimatedTimeLimit": 54.24264068711929
      }
    ]
  }
}

--------------------------------------------------------------------------------

[AI Client] History limit reached. Trimmed to 100 non-system messages (removed 2 oldest messages)

──────────────────────────────────────────────────────────────────────
⏰ 时间: 09:54    | 🔄 迭代: 73
📍 位置: node_24    | 🔋 电量: 74.0% (37.0km)
💰 利润: ¥113.34   | ✅ 完成: 6 单
📦 背包: 空
💬 AI: Executed 1 tool call(s)

================================================================================
[对话轮次 #73] ASSISTANT
================================================================================

【Tool Calls】

  [1] calculate_distance
  Arguments:
    {
        "fromId": "node_24",
        "toId": "node_64"
    }

================================================================================


--------------------------------------------------------------------------------
[对话轮次 #73] TOOL: calculate_distance
--------------------------------------------------------------------------------

【Result】
{
  "success": true,
  "data": {
    "distance": 3,
    "path": [
      "node_24",
      "node_75",
      "node_87",
      "node_64"
    ]
  }
}

--------------------------------------------------------------------------------

[AI Client] History limit reached. Trimmed to 100 non-system messages (removed 2 oldest messages)

──────────────────────────────────────────────────────────────────────
⏰ 时间: 09:54    | 🔄 迭代: 74
📍 位置: node_24    | 🔋 电量: 74.0% (37.0km)
💰 利润: ¥113.34   | ✅ 完成: 6 单
📦 背包: 1/5 单 | ⚖️  重量: 8.54/10kg
   1. order_32 🛒 ⏳待取餐 - 8.54kg - ¥23.91
💬 AI: Executed 1 tool call(s)

================================================================================
[对话轮次 #74] ASSISTANT
================================================================================

【Tool Calls】

  [1] accept_order
  Arguments:
    {
        "orderId": "order_32"
    }

================================================================================


--------------------------------------------------------------------------------
[对话轮次 #74] TOOL: accept_order
--------------------------------------------------------------------------------

【Result】
{
  "success": true,
  "data": {
    "success": true,
    "order": {
      "id": "order_32",
      "type": "supermarket",
      "name": "[\"水果\",\"饮料\",\"肉类\"]",
      "pickupLocation": "node_64",
      "deliveryLocation": "node_6",
      "distance": 14.414213562373096,
      "itemPrice": 72.30867454782128,
      "deliveryFee": 23.906688235502713,
      "weight": 8.54346945649013,
      "timeLimit": 54.24264068711929,
      "createdAt": 594.0852813742387,
      "pickedUp": false,
      "delivered": false,
      "acceptedAt": 594.0852813742387,
      "deadline": 648.327922061358
    }
  }
}

--------------------------------------------------------------------------------

[AI Client] History limit reached. Trimmed to 100 non-system messages (removed 2 oldest messages)

──────────────────────────────────────────────────────────────────────
⏰ 时间: 10:00    | 🔄 迭代: 75
📍 位置: node_64    | 🔋 电量: 68.0% (34.0km)
💰 利润: ¥113.34   | ✅ 完成: 6 单
📦 背包: 1/5 单 | ⚖️  重量: 8.54/10kg
   1. order_32 🛒 ⏳待取餐 - 8.54kg - ¥23.91
💬 AI: Executed 1 tool call(s)

================================================================================
[对话轮次 #75] ASSISTANT
================================================================================

【Tool Calls】

  [1] move_to
  Arguments:
    {
        "targetLocationId": "node_64"
    }

================================================================================


--------------------------------------------------------------------------------
[对话轮次 #75] TOOL: move_to
--------------------------------------------------------------------------------

【Result】
{
  "success": true,
  "data": {
    "success": true,
    "timeCost": 6,
    "batteryCost": 6,
    "newPosition": "node_64",
    "distance": 3
  }
}

--------------------------------------------------------------------------------

[AI Client] History limit reached. Trimmed to 100 non-system messages (removed 2 oldest messages)

──────────────────────────────────────────────────────────────────────
⏰ 时间: 10:02    | 🔄 迭代: 76
📍 位置: node_64    | 🔋 电量: 68.0% (34.0km)
💰 利润: ¥113.34   | ✅ 完成: 6 单
📦 背包: 1/5 单 | ⚖️  重量: 8.54/10kg
   1. order_32 🛒 ✓已取餐 - 8.54kg - ¥23.91
💬 AI: Executed 1 tool call(s)

================================================================================
[对话轮次 #76] ASSISTANT
================================================================================

【Tool Calls】

  [1] pickup_food
  Arguments:
    {
        "orderId": "order_32"
    }

================================================================================


--------------------------------------------------------------------------------
[对话轮次 #76] TOOL: pickup_food
--------------------------------------------------------------------------------

【Result】
{
  "success": true,
  "data": {
    "success": true,
    "timeCost": 2
  }
}

--------------------------------------------------------------------------------

[AI Client] History limit reached. Trimmed to 100 non-system messages (removed 2 oldest messages)

──────────────────────────────────────────────────────────────────────
⏰ 时间: 10:02    | 🔄 迭代: 77
📍 位置: node_64    | 🔋 电量: 68.0% (34.0km)
💰 利润: ¥113.34   | ✅ 完成: 6 单
📦 背包: 1/5 单 | ⚖️  重量: 8.54/10kg
   1. order_32 🛒 ✓已取餐 - 8.54kg - ¥23.91
💬 AI: Executed 1 tool call(s)

================================================================================
[对话轮次 #77] ASSISTANT
================================================================================

【Tool Calls】

  [1] calculate_distance
  Arguments:
    {
        "fromId": "node_64",
        "toId": "node_6"
    }

================================================================================


--------------------------------------------------------------------------------
[对话轮次 #77] TOOL: calculate_distance
--------------------------------------------------------------------------------

【Result】
{
  "success": true,
  "data": {
    "distance": 14.414213562373096,
    "path": [
      "node_64",
      "node_14",
      "node_50",
      "node_80",
      "node_70",
      "node_5",
      "node_16",
      "node_22",
      "node_53",
      "node_6"
    ]
  }
}

--------------------------------------------------------------------------------

[AI Client] History limit reached. Trimmed to 100 non-system messages (removed 2 oldest messages)

──────────────────────────────────────────────────────────────────────
⏰ 时间: 10:30    | 🔄 迭代: 78
📍 位置: node_6     | 🔋 电量: 39.2% (19.6km)
💰 利润: ¥113.34   | ✅ 完成: 6 单
📦 背包: 1/5 单 | ⚖️  重量: 8.54/10kg
   1. order_32 🛒 ✓已取餐 - 8.54kg - ¥23.91
💬 AI: Executed 1 tool call(s)

================================================================================
[对话轮次 #78] ASSISTANT
================================================================================

【Tool Calls】

  [1] move_to
  Arguments:
    {
        "targetLocationId": "node_6"
    }

================================================================================


--------------------------------------------------------------------------------
[对话轮次 #78] TOOL: move_to
--------------------------------------------------------------------------------

【Result】
{
  "success": true,
  "data": {
    "success": true,
    "timeCost": 28.82842712474619,
    "batteryCost": 28.82842712474619,
    "newPosition": "node_6",
    "distance": 14.414213562373096
  }
}

--------------------------------------------------------------------------------

[AI Client] History limit reached. Trimmed to 100 non-system messages (removed 2 oldest messages)

──────────────────────────────────────────────────────────────────────
✅ 订单完成: order_32 🛒
   配送费: ¥23.91
   实际收入: ¥23.91
   状态: 准时完成
──────────────────────────────────────────────────────────────────────

──────────────────────────────────────────────────────────────────────
⏰ 时间: 10:31    | 🔄 迭代: 79
📍 位置: node_6     | 🔋 电量: 39.2% (19.6km)
💰 利润: ¥137.24   | ✅ 完成: 7 单
📦 背包: 空
💬 AI: Executed 1 tool call(s)

================================================================================
[对话轮次 #79] ASSISTANT
================================================================================

【Tool Calls】

  [1] deliver_food
  Arguments:
    {
        "orderId": "order_32"
    }

================================================================================


--------------------------------------------------------------------------------
[对话轮次 #79] TOOL: deliver_food
--------------------------------------------------------------------------------

【Result】
{
  "success": true,
  "data": {
    "success": true,
    "payment": 23.906688235502713,
    "overtime": 0,
    "penalty": 0,
    "timeCost": 1
  }
}

--------------------------------------------------------------------------------

[AI Client] History limit reached. Trimmed to 100 non-system messages (removed 2 oldest messages)

──────────────────────────────────────────────────────────────────────
⏰ 时间: 10:31    | 🔄 迭代: 80
📍 位置: node_6     | 🔋 电量: 39.2% (19.6km)
💰 利润: ¥137.24   | ✅ 完成: 7 单
📦 背包: 空
💬 AI: Executed 1 tool call(s)

================================================================================
[对话轮次 #80] ASSISTANT
================================================================================

【Tool Calls】

  [1] get_my_status
  Arguments:
    {}

================================================================================


--------------------------------------------------------------------------------
[对话轮次 #80] TOOL: get_my_status
--------------------------------------------------------------------------------

【Result】
{
  "success": true,
  "data": {
    "position": "node_6",
    "battery": 39.17157287525381,
    "batteryRange": 19.585786437626904,
    "acceptedOrders": [],
    "carriedOrders": [],
    "totalWeight": 0,
    "remainingCapacity": 10,
    "currentTime": 631.9137084989849,
    "formattedTime": "10:31.913708498984874",
    "remainingTime": 1168.0862915010152,
    "formattedRemainingTime": "19小时28.08629150101524分钟",
    "profit": 137.24470764707223
  }
}

--------------------------------------------------------------------------------

[OrderGenerator] Removing 3 expired order(s): order_30, order_31, order_33
[AI Client] History limit reached. Trimmed to 100 non-system messages (removed 2 oldest messages)

──────────────────────────────────────────────────────────────────────
⏰ 时间: 10:31    | 🔄 迭代: 81
📍 位置: node_6     | 🔋 电量: 39.2% (19.6km)
💰 利润: ¥137.24   | ✅ 完成: 7 单
📦 背包: 空
💬 AI: Executed 1 tool call(s)

================================================================================
[对话轮次 #81] ASSISTANT
================================================================================

【Tool Calls】

  [1] search_nearby_orders
  Arguments:
    {
        "radius": 5
    }

================================================================================


--------------------------------------------------------------------------------
[对话轮次 #81] TOOL: search_nearby_orders
--------------------------------------------------------------------------------

【Result】
{
  "success": true,
  "data": {
    "orders": []
  }
}

--------------------------------------------------------------------------------

[AI Client] History limit reached. Trimmed to 100 non-system messages (removed 2 oldest messages)

──────────────────────────────────────────────────────────────────────
⏰ 时间: 10:31    | 🔄 迭代: 82
📍 位置: node_6     | 🔋 电量: 39.2% (19.6km)
💰 利润: ¥137.24   | ✅ 完成: 7 单
📦 背包: 空
💬 AI: Executed 1 tool call(s)

================================================================================
[对话轮次 #82] ASSISTANT
================================================================================

【Tool Calls】

  [1] search_nearby_orders
  Arguments:
    {
        "radius": 10
    }

================================================================================


--------------------------------------------------------------------------------
[对话轮次 #82] TOOL: search_nearby_orders
--------------------------------------------------------------------------------

【Result】
{
  "success": true,
  "data": {
    "orders": [
      {
        "id": "order_34",
        "type": "food",
        "name": "[\"拌苦菜\"]",
        "deliveryFee": 13.564213562373096,
        "weight": 0.7927678299602121,
        "itemPrice": 22.850803637411445,
        "pickupLocation": "node_63",
        "deliveryLocation": "node_48",
        "distance": 12.414213562373096,
        "estimatedTimeLimit": 48.24264068711929
      }
    ]
  }
}

--------------------------------------------------------------------------------

[AI Client] History limit reached. Trimmed to 100 non-system messages (removed 2 oldest messages)

──────────────────────────────────────────────────────────────────────
⏰ 时间: 10:31    | 🔄 迭代: 83
📍 位置: node_6     | 🔋 电量: 39.2% (19.6km)
💰 利润: ¥137.24   | ✅ 完成: 7 单
📦 背包: 空
💬 AI: Executed 1 tool call(s)

================================================================================
[对话轮次 #83] ASSISTANT
================================================================================

【Tool Calls】

  [1] calculate_distance
  Arguments:
    {
        "fromId": "node_6",
        "toId": "node_63"
    }

================================================================================


--------------------------------------------------------------------------------
[对话轮次 #83] TOOL: calculate_distance
--------------------------------------------------------------------------------

【Result】
{
  "success": true,
  "data": {
    "distance": 6,
    "path": [
      "node_6",
      "node_53",
      "node_22",
      "node_16",
      "node_5",
      "node_63"
    ]
  }
}

--------------------------------------------------------------------------------

[AI Client] History limit reached. Trimmed to 100 non-system messages (removed 2 oldest messages)

──────────────────────────────────────────────────────────────────────
⏰ 时间: 10:31    | 🔄 迭代: 84
📍 位置: node_6     | 🔋 电量: 39.2% (19.6km)
💰 利润: ¥137.24   | ✅ 完成: 7 单
📦 背包: 1/5 单 | ⚖️  重量: 0.79/10kg
   1. order_34 🍔 ⏳待取餐 - 0.79kg - ¥13.56
💬 AI: Executed 1 tool call(s)

================================================================================
[对话轮次 #84] ASSISTANT
================================================================================

【Tool Calls】

  [1] accept_order
  Arguments:
    {
        "orderId": "order_34"
    }

================================================================================


--------------------------------------------------------------------------------
[对话轮次 #84] TOOL: accept_order
--------------------------------------------------------------------------------

【Result】
{
  "success": true,
  "data": {
    "success": true,
    "order": {
      "id": "order_34",
      "type": "food",
      "name": "[\"拌苦菜\"]",
      "pickupLocation": "node_63",
      "deliveryLocation": "node_48",
      "distance": 12.414213562373096,
      "itemPrice": 22.850803637411445,
      "deliveryFee": 13.564213562373096,
      "weight": 0.7927678299602121,
      "timeLimit": 48.24264068711929,
      "createdAt": 600.0852813742387,
      "pickedUp": false,
      "delivered": false,
      "acceptedAt": 631.9137084989849,
      "deadline": 680.1563491861042
    }
  }
}

--------------------------------------------------------------------------------

[AI Client] History limit reached. Trimmed to 100 non-system messages (removed 2 oldest messages)

──────────────────────────────────────────────────────────────────────
⏰ 时间: 10:43    | 🔄 迭代: 85
📍 位置: node_63    | 🔋 电量: 27.2% (13.6km)
💰 利润: ¥137.24   | ✅ 完成: 7 单
📦 背包: 1/5 单 | ⚖️  重量: 0.79/10kg
   1. order_34 🍔 ⏳待取餐 - 0.79kg - ¥13.56
💬 AI: Executed 1 tool call(s)

================================================================================
[对话轮次 #85] ASSISTANT
================================================================================

【Tool Calls】

  [1] move_to
  Arguments:
    {
        "targetLocationId": "node_63"
    }

================================================================================


--------------------------------------------------------------------------------
[对话轮次 #85] TOOL: move_to
--------------------------------------------------------------------------------

【Result】
{
  "success": true,
  "data": {
    "success": true,
    "timeCost": 12,
    "batteryCost": 12,
    "newPosition": "node_63",
    "distance": 6
  }
}

--------------------------------------------------------------------------------

[AI Client] History limit reached. Trimmed to 100 non-system messages (removed 2 oldest messages)

──────────────────────────────────────────────────────────────────────
⏰ 时间: 10:45    | 🔄 迭代: 86
📍 位置: node_63    | 🔋 电量: 27.2% (13.6km)
💰 利润: ¥137.24   | ✅ 完成: 7 单
📦 背包: 1/5 单 | ⚖️  重量: 0.79/10kg
   1. order_34 🍔 ✓已取餐 - 0.79kg - ¥13.56
💬 AI: Executed 1 tool call(s)

================================================================================
[对话轮次 #86] ASSISTANT
================================================================================

【Tool Calls】

  [1] pickup_food
  Arguments:
    {
        "orderId": "order_34"
    }

================================================================================


--------------------------------------------------------------------------------
[对话轮次 #86] TOOL: pickup_food
--------------------------------------------------------------------------------

【Result】
{
  "success": true,
  "data": {
    "success": true,
    "timeCost": 2
  }
}

--------------------------------------------------------------------------------

[AI Client] History limit reached. Trimmed to 100 non-system messages (removed 2 oldest messages)

──────────────────────────────────────────────────────────────────────
⏰ 时间: 10:45    | 🔄 迭代: 87
📍 位置: node_63    | 🔋 电量: 27.2% (13.6km)
💰 利润: ¥137.24   | ✅ 完成: 7 单
📦 背包: 1/5 单 | ⚖️  重量: 0.79/10kg
   1. order_34 🍔 ✓已取餐 - 0.79kg - ¥13.56
💬 AI: Executed 1 tool call(s)

================================================================================
[对话轮次 #87] ASSISTANT
================================================================================

【Tool Calls】

  [1] calculate_distance
  Arguments:
    {
        "fromId": "node_63",
        "toId": "node_48"
    }

================================================================================


--------------------------------------------------------------------------------
[对话轮次 #87] TOOL: calculate_distance
--------------------------------------------------------------------------------

【Result】
{
  "success": true,
  "data": {
    "distance": 12.414213562373096,
    "path": [
      "node_63",
      "node_46",
      "node_92",
      "node_10",
      "node_12",
      "node_45",
      "node_11",
      "node_48"
    ]
  }
}

--------------------------------------------------------------------------------

[AI Client] History limit reached. Trimmed to 100 non-system messages (removed 2 oldest messages)

──────────────────────────────────────────────────────────────────────
⏰ 时间: 11:10    | 🔄 迭代: 88
📍 位置: node_48    | 🔋 电量: 2.3% (1.2km)
💰 利润: ¥137.24   | ✅ 完成: 7 单
📦 背包: 1/5 单 | ⚖️  重量: 0.79/10kg
   1. order_34 🍔 ✓已取餐 - 0.79kg - ¥13.56
💬 AI: Executed 1 tool call(s)

================================================================================
[对话轮次 #88] ASSISTANT
================================================================================

【Tool Calls】

  [1] move_to
  Arguments:
    {
        "targetLocationId": "node_48"
    }

================================================================================


--------------------------------------------------------------------------------
[对话轮次 #88] TOOL: move_to
--------------------------------------------------------------------------------

【Result】
{
  "success": true,
  "data": {
    "success": true,
    "timeCost": 24.82842712474619,
    "batteryCost": 24.82842712474619,
    "newPosition": "node_48",
    "distance": 12.414213562373096
  }
}

--------------------------------------------------------------------------------

[AI Client] History limit reached. Trimmed to 100 non-system messages (removed 2 oldest messages)

──────────────────────────────────────────────────────────────────────
✅ 订单完成: order_34 🍔
   配送费: ¥13.56
   实际收入: ¥13.56
   状态: 准时完成
──────────────────────────────────────────────────────────────────────

──────────────────────────────────────────────────────────────────────
⏰ 时间: 11:11    | 🔄 迭代: 89
📍 位置: node_48    | 🔋 电量: 2.3% (1.2km)
💰 利润: ¥150.81   | ✅ 完成: 8 单
📦 背包: 空
💬 AI: Executed 1 tool call(s)

================================================================================
[对话轮次 #89] ASSISTANT
================================================================================

【Tool Calls】

  [1] deliver_food
  Arguments:
    {
        "orderId": "order_34"
    }

================================================================================


--------------------------------------------------------------------------------
[对话轮次 #89] TOOL: deliver_food
--------------------------------------------------------------------------------

【Result】
{
  "success": true,
  "data": {
    "success": true,
    "payment": 13.564213562373096,
    "overtime": 0,
    "penalty": 0,
    "timeCost": 1
  }
}

--------------------------------------------------------------------------------

[AI Client] History limit reached. Trimmed to 100 non-system messages (removed 2 oldest messages)

──────────────────────────────────────────────────────────────────────
⏰ 时间: 11:11    | 🔄 迭代: 90
📍 位置: node_48    | 🔋 电量: 2.3% (1.2km)
💰 利润: ¥150.81   | ✅ 完成: 8 单
📦 背包: 空
💬 AI: Executed 1 tool call(s)

================================================================================
[对话轮次 #90] ASSISTANT
================================================================================

【Tool Calls】

  [1] get_my_status
  Arguments:
    {}

================================================================================


--------------------------------------------------------------------------------
[对话轮次 #90] TOOL: get_my_status
--------------------------------------------------------------------------------

【Result】
{
  "success": true,
  "data": {
    "position": "node_48",
    "battery": 2.3431457505076168,
    "batteryRange": 1.1715728752538084,
    "acceptedOrders": [],
    "carriedOrders": [],
    "totalWeight": 0,
    "remainingCapacity": 10,
    "currentTime": 671.7421356237311,
    "formattedTime": "11:11.742135623731087",
    "remainingTime": 1128.257864376269,
    "formattedRemainingTime": "18小时48.257864376269026分钟",
    "profit": 150.80892120944532
  }
}

--------------------------------------------------------------------------------

[OrderGenerator] Removing 1 expired order(s): order_35
[AI Client] History limit reached. Trimmed to 100 non-system messages (removed 2 oldest messages)

──────────────────────────────────────────────────────────────────────
⏰ 时间: 11:11    | 🔄 迭代: 91
📍 位置: node_48    | 🔋 电量: 2.3% (1.2km)
💰 利润: ¥150.81   | ✅ 完成: 8 单
📦 背包: 空
💬 AI: Executed 1 tool call(s)

================================================================================
[对话轮次 #91] ASSISTANT
================================================================================

【Tool Calls】

  [1] search_nearby_battery_stations
  Arguments:
    {
        "radius": 5
    }

================================================================================


--------------------------------------------------------------------------------
[对话轮次 #91] TOOL: search_nearby_battery_stations
--------------------------------------------------------------------------------

【Result】
{
  "success": true,
  "data": {
    "stations": []
  }
}

--------------------------------------------------------------------------------

[AI Client] History limit reached. Trimmed to 100 non-system messages (removed 2 oldest messages)

──────────────────────────────────────────────────────────────────────
⏰ 时间: 11:11    | 🔄 迭代: 92
📍 位置: node_48    | 🔋 电量: 2.3% (1.2km)
💰 利润: ¥150.81   | ✅ 完成: 8 单
📦 背包: 空
💬 AI: Executed 1 tool call(s)

================================================================================
[对话轮次 #92] ASSISTANT
================================================================================

【Tool Calls】

  [1] search_nearby_battery_stations
  Arguments:
    {
        "radius": 10
    }

================================================================================


--------------------------------------------------------------------------------
[对话轮次 #92] TOOL: search_nearby_battery_stations
--------------------------------------------------------------------------------

【Result】
{
  "success": true,
  "data": {
    "stations": [
      {
        "id": "node_41",
        "name": "换电站_41",
        "distance": 5.414213562373095,
        "estimatedTime": 10.82842712474619,
        "position": {
          "x": 10,
          "y": 8
        }
      },
      {
        "id": "node_2",
        "name": "换电站_2",
        "distance": 7,
        "estimatedTime": 14,
        "position": {
          "x": 5,
          "y": 4
        }
      },
      {
        "id": "node_21",
        "name": "换电站_21",
        "distance": 8,
        "estimatedTime": 16,
        "position": {
          "x": 5,
          "y": 3
        }
      },
      {
        "id": "node_44",
        "name": "换电站_44",
        "distance": 9,
        "estimatedTime": 18,
        "position": {
          "x": 6,
          "y": 1
        }
      },
      {
        "id": "node_69",
        "name": "换电站_69",
        "distance": 9.414213562373096,
        "estimatedTime": 18.82842712474619,
        "position": {
          "x": 6,
          "y": 8
        }
      }
    ]
  }
}

--------------------------------------------------------------------------------

[AI Client] History limit reached. Trimmed to 100 non-system messages (removed 2 oldest messages)

──────────────────────────────────────────────────────────────────────
⏰ 时间: 11:11    | 🔄 迭代: 93
📍 位置: node_48    | 🔋 电量: 2.3% (1.2km)
💰 利润: ¥150.81   | ✅ 完成: 8 单
📦 背包: 空
💬 AI: Executed 1 tool call(s)

================================================================================
[对话轮次 #93] ASSISTANT
================================================================================

【Tool Calls】

  [1] calculate_distance
  Arguments:
    {
        "fromId": "node_48",
        "toId": "node_41"
    }

================================================================================


--------------------------------------------------------------------------------
[对话轮次 #93] TOOL: calculate_distance
--------------------------------------------------------------------------------

【Result】
{
  "success": true,
  "data": {
    "distance": 5.414213562373095,
    "path": [
      "node_48",
      "node_11",
      "node_45",
      "node_12",
      "node_41"
    ]
  }
}

--------------------------------------------------------------------------------

[AI Client] History limit reached. Trimmed to 100 non-system messages (removed 2 oldest messages)

──────────────────────────────────────────────────────────────────────
⏰ 时间: 11:39    | 🔄 迭代: 94
📍 位置: node_41    | 🔋 电量: 0.0% (0.0km)
💰 利润: ¥150.81   | ✅ 完成: 8 单
📦 背包: 空
💬 AI: Executed 1 tool call(s)

================================================================================
[对话轮次 #94] ASSISTANT
================================================================================

【Tool Calls】

  [1] move_to
  Arguments:
    {
        "targetLocationId": "node_41"
    }

================================================================================


--------------------------------------------------------------------------------
[对话轮次 #94] TOOL: move_to
--------------------------------------------------------------------------------

【Result】
{
  "success": true,
  "data": {
    "success": true,
    "timeCost": 27.798989873223338,
    "batteryCost": 2.3431457505076168,
    "newPosition": "node_41",
    "distance": 5.414213562373095,
    "pushedDistance": 4.2426406871192865
  }
}

--------------------------------------------------------------------------------

[AI Client] History limit reached. Trimmed to 100 non-system messages (removed 2 oldest messages)

──────────────────────────────────────────────────────────────────────
⏰ 时间: 11:40    | 🔄 迭代: 95
📍 位置: node_41    | 🔋 电量: 100.0% (50.0km)
💰 利润: ¥150.31   | ✅ 完成: 8 单
📦 背包: 空
💬 AI: Executed 1 tool call(s)

================================================================================
[对话轮次 #95] ASSISTANT
================================================================================

【Tool Calls】

  [1] swap_battery
  Arguments:
    {}

================================================================================


--------------------------------------------------------------------------------
[对话轮次 #95] TOOL: swap_battery
--------------------------------------------------------------------------------

【Result】
{
  "success": true,
  "data": {
    "success": true,
    "cost": 0.5,
    "timeCost": 1,
    "newBattery": 100
  }
}

--------------------------------------------------------------------------------

[OrderGenerator] Removing 2 expired order(s): order_36, order_38
[AI Client] History limit reached. Trimmed to 100 non-system messages (removed 2 oldest messages)

──────────────────────────────────────────────────────────────────────
⏰ 时间: 11:40    | 🔄 迭代: 96
📍 位置: node_41    | 🔋 电量: 100.0% (50.0km)
💰 利润: ¥150.31   | ✅ 完成: 8 单
📦 背包: 空
💬 AI: Executed 1 tool call(s)

================================================================================
[对话轮次 #96] ASSISTANT
================================================================================

【Tool Calls】

  [1] search_nearby_orders
  Arguments:
    {
        "radius": 5
    }

================================================================================


--------------------------------------------------------------------------------
[对话轮次 #96] TOOL: search_nearby_orders
--------------------------------------------------------------------------------

【Result】
{
  "success": true,
  "data": {
    "orders": []
  }
}

--------------------------------------------------------------------------------

[AI Client] History limit reached. Trimmed to 100 non-system messages (removed 2 oldest messages)

──────────────────────────────────────────────────────────────────────
⏰ 时间: 11:40    | 🔄 迭代: 97
📍 位置: node_41    | 🔋 电量: 100.0% (50.0km)
💰 利润: ¥150.31   | ✅ 完成: 8 单
📦 背包: 空
💬 AI: Executed 1 tool call(s)

================================================================================
[对话轮次 #97] ASSISTANT
================================================================================

【Tool Calls】

  [1] search_nearby_orders
  Arguments:
    {
        "radius": 10
    }

================================================================================


--------------------------------------------------------------------------------
[对话轮次 #97] TOOL: search_nearby_orders
--------------------------------------------------------------------------------

【Result】
{
  "success": true,
  "data": {
    "orders": [
      {
        "id": "order_37",
        "type": "food",
        "name": "[\"火腿炒蛋\",\"海鲜春卷\"]",
        "deliveryFee": 21.49112748465366,
        "weight": 0.8385948869399726,
        "itemPrice": 55.662943293573335,
        "pickupLocation": "node_42",
        "deliveryLocation": "node_62",
        "distance": 14.828427124746192,
        "estimatedTimeLimit": 55.485281374238575
      }
    ]
  }
}

--------------------------------------------------------------------------------

[AI Client] History limit reached. Trimmed to 100 non-system messages (removed 2 oldest messages)

──────────────────────────────────────────────────────────────────────
⏰ 时间: 11:40    | 🔄 迭代: 98
📍 位置: node_41    | 🔋 电量: 100.0% (50.0km)
💰 利润: ¥150.31   | ✅ 完成: 8 单
📦 背包: 空
💬 AI: Executed 1 tool call(s)

================================================================================
[对话轮次 #98] ASSISTANT
================================================================================

【Tool Calls】

  [1] calculate_distance
  Arguments:
    {
        "fromId": "node_41",
        "toId": "node_42"
    }

================================================================================


--------------------------------------------------------------------------------
[对话轮次 #98] TOOL: calculate_distance
--------------------------------------------------------------------------------

【Result】
{
  "success": true,
  "data": {
    "distance": 6.414213562373095,
    "path": [
      "node_41",
      "node_12",
      "node_45",
      "node_11",
      "node_48",
      "node_42"
    ]
  }
}

--------------------------------------------------------------------------------

[AI Client] History limit reached. Trimmed to 100 non-system messages (removed 2 oldest messages)

──────────────────────────────────────────────────────────────────────
⏰ 时间: 11:40    | 🔄 迭代: 99
📍 位置: node_41    | 🔋 电量: 100.0% (50.0km)
💰 利润: ¥150.31   | ✅ 完成: 8 单
📦 背包: 1/5 单 | ⚖️  重量: 0.84/10kg
   1. order_37 🍔 ⏳待取餐 - 0.84kg - ¥21.49
💬 AI: Executed 1 tool call(s)

================================================================================
[对话轮次 #99] ASSISTANT
================================================================================

【Tool Calls】

  [1] accept_order
  Arguments:
    {
        "orderId": "order_37"
    }

================================================================================


--------------------------------------------------------------------------------
[对话轮次 #99] TOOL: accept_order
--------------------------------------------------------------------------------

【Result】
{
  "success": true,
  "data": {
    "success": true,
    "order": {
      "id": "order_37",
      "type": "food",
      "name": "[\"火腿炒蛋\",\"海鲜春卷\"]",
      "pickupLocation": "node_42",
      "deliveryLocation": "node_62",
      "distance": 14.828427124746192,
      "itemPrice": 55.662943293573335,
      "deliveryFee": 21.49112748465366,
      "weight": 0.8385948869399726,
      "timeLimit": 55.485281374238575,
      "createdAt": 671.7421356237311,
      "pickedUp": false,
      "delivered": false,
      "acceptedAt": 700.5411254969545,
      "deadline": 756.026406871193
    }
  }
}

--------------------------------------------------------------------------------

[AI Client] History limit reached. Trimmed to 100 non-system messages (removed 2 oldest messages)

──────────────────────────────────────────────────────────────────────
⏰ 时间: 11:53    | 🔄 迭代: 100
📍 位置: node_42    | 🔋 电量: 87.2% (43.6km)
💰 利润: ¥150.31   | ✅ 完成: 8 单
📦 背包: 1/5 单 | ⚖️  重量: 0.84/10kg
   1. order_37 🍔 ⏳待取餐 - 0.84kg - ¥21.49
💬 AI: Executed 1 tool call(s)

================================================================================
[对话轮次 #100] ASSISTANT
================================================================================

【Tool Calls】

  [1] move_to
  Arguments:
    {
        "targetLocationId": "node_42"
    }

================================================================================


--------------------------------------------------------------------------------
[对话轮次 #100] TOOL: move_to
--------------------------------------------------------------------------------

【Result】
{
  "success": true,
  "data": {
    "success": true,
    "timeCost": 12.82842712474619,
    "batteryCost": 12.82842712474619,
    "newPosition": "node_42",
    "distance": 6.414213562373095
  }
}

--------------------------------------------------------------------------------

[AI Client] History limit reached. Trimmed to 100 non-system messages (removed 2 oldest messages)
[AI Client] No user message in history after trim, re-anchored with a user query (llama.cpp multi_step_tool template requires it)

──────────────────────────────────────────────────────────────────────
⏰ 时间: 11:55    | 🔄 迭代: 101
📍 位置: node_42    | 🔋 电量: 87.2% (43.6km)
💰 利润: ¥150.31   | ✅ 完成: 8 单
📦 背包: 1/5 单 | ⚖️  重量: 0.84/10kg
   1. order_37 🍔 ✓已取餐 - 0.84kg - ¥21.49
💬 AI: Executed 1 tool call(s)

================================================================================
[对话轮次 #101] ASSISTANT
================================================================================

【Tool Calls】

  [1] pickup_food
  Arguments:
    {
        "orderId": "order_37"
    }

================================================================================


--------------------------------------------------------------------------------
[对话轮次 #101] TOOL: pickup_food
--------------------------------------------------------------------------------

【Result】
{
  "success": true,
  "data": {
    "success": true,
    "timeCost": 2
  }
}

--------------------------------------------------------------------------------

[AI Client] History limit reached. Trimmed to 100 non-system messages (removed 3 oldest messages)

──────────────────────────────────────────────────────────────────────
⏰ 时间: 11:55    | 🔄 迭代: 102
📍 位置: node_42    | 🔋 电量: 87.2% (43.6km)
💰 利润: ¥150.31   | ✅ 完成: 8 单
📦 背包: 1/5 单 | ⚖️  重量: 0.84/10kg
   1. order_37 🍔 ✓已取餐 - 0.84kg - ¥21.49
💬 AI: Executed 1 tool call(s)

================================================================================
[对话轮次 #102] ASSISTANT
================================================================================

【Tool Calls】

  [1] calculate_distance
  Arguments:
    {
        "fromId": "node_42",
        "toId": "node_62"
    }

================================================================================


--------------------------------------------------------------------------------
[对话轮次 #102] TOOL: calculate_distance
--------------------------------------------------------------------------------

【Result】
{
  "success": true,
  "data": {
    "distance": 14.828427124746192,
    "path": [
      "node_42",
      "node_48",
      "node_11",
      "node_45",
      "node_12",
      "node_10",
      "node_92",
      "node_68",
      "node_62"
    ]
  }
}

--------------------------------------------------------------------------------

[AI Client] History limit reached. Trimmed to 100 non-system messages (removed 2 oldest messages)

──────────────────────────────────────────────────────────────────────
⏰ 时间: 12:25    | 🔄 迭代: 103
📍 位置: node_62    | 🔋 电量: 57.5% (28.8km)
💰 利润: ¥150.31   | ✅ 完成: 8 单
📦 背包: 1/5 单 | ⚖️  重量: 0.84/10kg
   1. order_37 🍔 ✓已取餐 - 0.84kg - ¥21.49
💬 AI: Executed 1 tool call(s)

================================================================================
[对话轮次 #103] ASSISTANT
================================================================================

【Tool Calls】

  [1] move_to
  Arguments:
    {
        "targetLocationId": "node_62"
    }

================================================================================


--------------------------------------------------------------------------------
[对话轮次 #103] TOOL: move_to
--------------------------------------------------------------------------------

【Result】
{
  "success": true,
  "data": {
    "success": true,
    "timeCost": 29.656854249492383,
    "batteryCost": 29.656854249492383,
    "newPosition": "node_62",
    "distance": 14.828427124746192
  }
}

--------------------------------------------------------------------------------

[AI Client] History limit reached. Trimmed to 100 non-system messages (removed 2 oldest messages)

──────────────────────────────────────────────────────────────────────
✅ 订单完成: order_37 🍔
   配送费: ¥21.49
   实际收入: ¥21.49
   状态: 准时完成
──────────────────────────────────────────────────────────────────────

──────────────────────────────────────────────────────────────────────
⏰ 时间: 12:26    | 🔄 迭代: 104
📍 位置: node_62    | 🔋 电量: 57.5% (28.8km)
💰 利润: ¥171.80   | ✅ 完成: 9 单
📦 背包: 空
💬 AI: Executed 1 tool call(s)

================================================================================
[对话轮次 #104] ASSISTANT
================================================================================

【Tool Calls】

  [1] deliver_food
  Arguments:
    {
        "orderId": "order_37"
    }

================================================================================


--------------------------------------------------------------------------------
[对话轮次 #104] TOOL: deliver_food
--------------------------------------------------------------------------------

【Result】
{
  "success": true,
  "data": {
    "success": true,
    "payment": 21.49112748465366,
    "overtime": 0,
    "penalty": 0,
    "timeCost": 1
  }
}

--------------------------------------------------------------------------------

[AI Client] History limit reached. Trimmed to 100 non-system messages (removed 2 oldest messages)

──────────────────────────────────────────────────────────────────────
⏰ 时间: 12:26    | 🔄 迭代: 105
📍 位置: node_62    | 🔋 电量: 57.5% (28.8km)
💰 利润: ¥171.80   | ✅ 完成: 9 单
📦 背包: 空
💬 AI: Executed 1 tool call(s)

================================================================================
[对话轮次 #105] ASSISTANT
================================================================================

【Tool Calls】

  [1] get_my_status
  Arguments:
    {}

================================================================================


--------------------------------------------------------------------------------
[对话轮次 #105] TOOL: get_my_status
--------------------------------------------------------------------------------

【Result】
{
  "success": true,
  "data": {
    "position": "node_62",
    "battery": 57.51471862576143,
    "batteryRange": 28.757359312880716,
    "acceptedOrders": [],
    "carriedOrders": [],
    "totalWeight": 0,
    "remainingCapacity": 10,
    "currentTime": 746.0264068711931,
    "formattedTime": "12:26.026406871193103",
    "remainingTime": 1053.973593128807,
    "formattedRemainingTime": "17小时33.9735931288069分钟",
    "profit": 171.80004869409896
  }
}

--------------------------------------------------------------------------------

[OrderGenerator] Removing 2 expired order(s): order_39, order_41
[AI Client] History limit reached. Trimmed to 100 non-system messages (removed 2 oldest messages)

──────────────────────────────────────────────────────────────────────
⏰ 时间: 12:26    | 🔄 迭代: 106
📍 位置: node_62    | 🔋 电量: 57.5% (28.8km)
💰 利润: ¥171.80   | ✅ 完成: 9 单
📦 背包: 空
💬 AI: Executed 1 tool call(s)

================================================================================
[对话轮次 #106] ASSISTANT
================================================================================

【Tool Calls】

  [1] search_nearby_orders
  Arguments:
    {
        "radius": 5
    }

================================================================================


--------------------------------------------------------------------------------
[对话轮次 #106] TOOL: search_nearby_orders
--------------------------------------------------------------------------------

【Result】
{
  "success": true,
  "data": {
    "orders": []
  }
}

--------------------------------------------------------------------------------

[AI Client] History limit reached. Trimmed to 100 non-system messages (removed 2 oldest messages)

──────────────────────────────────────────────────────────────────────
⏰ 时间: 12:26    | 🔄 迭代: 107
📍 位置: node_62    | 🔋 电量: 57.5% (28.8km)
💰 利润: ¥171.80   | ✅ 完成: 9 单
📦 背包: 空
💬 AI: Executed 1 tool call(s)

================================================================================
[对话轮次 #107] ASSISTANT
================================================================================

【Tool Calls】

  [1] search_nearby_orders
  Arguments:
    {
        "radius": 10
    }

================================================================================


--------------------------------------------------------------------------------
[对话轮次 #107] TOOL: search_nearby_orders
--------------------------------------------------------------------------------

【Result】
{
  "success": true,
  "data": {
    "orders": [
      {
        "id": "order_40",
        "type": "food",
        "name": "[\"北京烤鸭\"]",
        "deliveryFee": 23.564213562373098,
        "weight": 0.7993816778762266,
        "itemPrice": 17.38617767347023,
        "pickupLocation": "node_94",
        "deliveryLocation": "node_37",
        "distance": 22.414213562373096,
        "estimatedTimeLimit": 78.24264068711929
      },
      {
        "id": "order_42",
        "type": "food",
        "name": "[\"香椿煎蛋\"]",
        "deliveryFee": 27.5675174056208,
        "weight": 0.7071161387721077,
        "itemPrice": 52.66649319557473,
        "pickupLocation": "node_7",
        "deliveryLocation": "node_99",
        "distance": 21.414213562373096,
        "estimatedTimeLimit": 75.24264068711929
      }
    ]
  }
}

--------------------------------------------------------------------------------

[AI Client] History limit reached. Trimmed to 100 non-system messages (removed 2 oldest messages)

──────────────────────────────────────────────────────────────────────
⏰ 时间: 12:26    | 🔄 迭代: 108
📍 位置: node_62    | 🔋 电量: 57.5% (28.8km)
💰 利润: ¥171.80   | ✅ 完成: 9 单
📦 背包: 空
💬 AI: Executed 1 tool call(s)

================================================================================
[对话轮次 #108] ASSISTANT
================================================================================

【Tool Calls】

  [1] calculate_distance
  Arguments:
    {
        "fromId": "node_62",
        "toId": "node_94"
    }

================================================================================


--------------------------------------------------------------------------------
[对话轮次 #108] TOOL: calculate_distance
--------------------------------------------------------------------------------

【Result】
{
  "success": true,
  "data": {
    "distance": 7,
    "path": [
      "node_62",
      "node_38",
      "node_35",
      "node_78",
      "node_52",
      "node_34",
      "node_94"
    ]
  }
}

--------------------------------------------------------------------------------

[AI Client] History limit reached. Trimmed to 100 non-system messages (removed 2 oldest messages)

──────────────────────────────────────────────────────────────────────
⏰ 时间: 12:26    | 🔄 迭代: 109
📍 位置: node_62    | 🔋 电量: 57.5% (28.8km)
💰 利润: ¥171.80   | ✅ 完成: 9 单
📦 背包: 空
💬 AI: Executed 1 tool call(s)

================================================================================
[对话轮次 #109] ASSISTANT
================================================================================

【Tool Calls】

  [1] calculate_distance
  Arguments:
    {
        "fromId": "node_62",
        "toId": "node_7"
    }

================================================================================


--------------------------------------------------------------------------------
[对话轮次 #109] TOOL: calculate_distance
--------------------------------------------------------------------------------

【Result】
{
  "success": true,
  "data": {
    "distance": 8.414213562373096,
    "path": [
      "node_62",
      "node_68",
      "node_93",
      "node_72",
      "node_43",
      "node_7"
    ]
  }
}

--------------------------------------------------------------------------------

[AI Client] History limit reached. Trimmed to 100 non-system messages (removed 2 oldest messages)

──────────────────────────────────────────────────────────────────────
⏰ 时间: 12:26    | 🔄 迭代: 110
📍 位置: node_62    | 🔋 电量: 57.5% (28.8km)
💰 利润: ¥171.80   | ✅ 完成: 9 单
📦 背包: 1/5 单 | ⚖️  重量: 0.71/10kg
   1. order_42 🍔 ⏳待取餐 - 0.71kg - ¥27.57
💬 AI: Executed 1 tool call(s)

================================================================================
[对话轮次 #110] ASSISTANT
================================================================================

【Tool Calls】

  [1] accept_order
  Arguments:
    {
        "orderId": "order_42"
    }

================================================================================


--------------------------------------------------------------------------------
[对话轮次 #110] TOOL: accept_order
--------------------------------------------------------------------------------

【Result】
{
  "success": true,
  "data": {
    "success": true,
    "order": {
      "id": "order_42",
      "type": "food",
      "name": "[\"香椿煎蛋\"]",
      "pickupLocation": "node_7",
      "deliveryLocation": "node_99",
      "distance": 21.414213562373096,
      "itemPrice": 52.66649319557473,
      "deliveryFee": 27.5675174056208,
      "weight": 0.7071161387721077,
      "timeLimit": 75.24264068711929,
      "createdAt": 713.3695526217007,
      "pickedUp": false,
      "delivered": false,
      "acceptedAt": 746.0264068711931,
      "deadline": 821.2690475583124
    }
  }
}

--------------------------------------------------------------------------------

[AI Client] History limit reached. Trimmed to 100 non-system messages (removed 2 oldest messages)

──────────────────────────────────────────────────────────────────────
⏰ 时间: 12:42    | 🔄 迭代: 111
📍 位置: node_7     | 🔋 电量: 40.7% (20.3km)
💰 利润: ¥171.80   | ✅ 完成: 9 单
📦 背包: 1/5 单 | ⚖️  重量: 0.71/10kg
   1. order_42 🍔 ⏳待取餐 - 0.71kg - ¥27.57
💬 AI: Executed 1 tool call(s)

================================================================================
[对话轮次 #111] ASSISTANT
================================================================================

【Tool Calls】

  [1] move_to
  Arguments:
    {
        "targetLocationId": "node_7"
    }

================================================================================


--------------------------------------------------------------------------------
[对话轮次 #111] TOOL: move_to
--------------------------------------------------------------------------------

【Result】
{
  "success": true,
  "data": {
    "success": true,
    "timeCost": 16.82842712474619,
    "batteryCost": 16.82842712474619,
    "newPosition": "node_7",
    "distance": 8.414213562373096
  }
}

--------------------------------------------------------------------------------

[AI Client] History limit reached. Trimmed to 100 non-system messages (removed 2 oldest messages)

──────────────────────────────────────────────────────────────────────
⏰ 时间: 12:44    | 🔄 迭代: 112
📍 位置: node_7     | 🔋 电量: 40.7% (20.3km)
💰 利润: ¥171.80   | ✅ 完成: 9 单
📦 背包: 1/5 单 | ⚖️  重量: 0.71/10kg
   1. order_42 🍔 ✓已取餐 - 0.71kg - ¥27.57
💬 AI: Executed 1 tool call(s)

================================================================================
[对话轮次 #112] ASSISTANT
================================================================================

【Tool Calls】

  [1] pickup_food
  Arguments:
    {
        "orderId": "order_42"
    }

================================================================================


--------------------------------------------------------------------------------
[对话轮次 #112] TOOL: pickup_food
--------------------------------------------------------------------------------

【Result】
{
  "success": true,
  "data": {
    "success": true,
    "timeCost": 2
  }
}

--------------------------------------------------------------------------------

[AI Client] History limit reached. Trimmed to 100 non-system messages (removed 2 oldest messages)

──────────────────────────────────────────────────────────────────────
⏰ 时间: 12:44    | 🔄 迭代: 113
📍 位置: node_7     | 🔋 电量: 40.7% (20.3km)
💰 利润: ¥171.80   | ✅ 完成: 9 单
📦 背包: 1/5 单 | ⚖️  重量: 0.71/10kg
   1. order_42 🍔 ✓已取餐 - 0.71kg - ¥27.57
💬 AI: Executed 1 tool call(s)

================================================================================
[对话轮次 #113] ASSISTANT
================================================================================

【Tool Calls】

  [1] calculate_distance
  Arguments:
    {
        "fromId": "node_7",
        "toId": "node_99"
    }

================================================================================


--------------------------------------------------------------------------------
[对话轮次 #113] TOOL: calculate_distance
--------------------------------------------------------------------------------

【Result】
{
  "success": true,
  "data": {
    "distance": 21.414213562373096,
    "path": [
      "node_7",
      "node_61",
      "node_98",
      "node_24",
      "node_54",
      "node_26",
      "node_28",
      "node_58",
      "node_25",
      "node_9",
      "node_99"
    ]
  }
}

--------------------------------------------------------------------------------

[AI Client] History limit reached. Trimmed to 100 non-system messages (removed 2 oldest messages)

──────────────────────────────────────────────────────────────────────
⏰ 时间: 13:31    | 🔄 迭代: 114
📍 位置: node_99    | 🔋 电量: 0.0% (0.0km)
💰 利润: ¥171.80   | ✅ 完成: 9 单
📦 背包: 1/5 单 | ⚖️  重量: 0.71/10kg
   1. order_42 🍔 ✓已取餐 - 0.71kg - ¥27.57
💬 AI: Executed 1 tool call(s)

================================================================================
[对话轮次 #114] ASSISTANT
================================================================================

【Tool Calls】

  [1] move_to
  Arguments:
    {
        "targetLocationId": "node_99"
    }

================================================================================


--------------------------------------------------------------------------------
[对话轮次 #114] TOOL: move_to
--------------------------------------------------------------------------------

【Result】
{
  "success": true,
  "data": {
    "success": true,
    "timeCost": 47.112698372208094,
    "batteryCost": 40.68629150101524,
    "newPosition": "node_99",
    "distance": 21.414213562373096,
    "pushedDistance": 1.0710678118654755
  }
}

--------------------------------------------------------------------------------

[AI Client] History limit reached. Trimmed to 100 non-system messages (removed 2 oldest messages)

──────────────────────────────────────────────────────────────────────
✅ 订单完成: order_42 🍔
   配送费: ¥27.57
   实际收入: ¥27.57
   状态: 准时完成
──────────────────────────────────────────────────────────────────────

──────────────────────────────────────────────────────────────────────
⏰ 时间: 13:32    | 🔄 迭代: 115
📍 位置: node_99    | 🔋 电量: 0.0% (0.0km)
💰 利润: ¥199.37   | ✅ 完成: 10 单
📦 背包: 空
💬 AI: Executed 1 tool call(s)

================================================================================
[对话轮次 #115] ASSISTANT
================================================================================

【Tool Calls】

  [1] deliver_food
  Arguments:
    {
        "orderId": "order_42"
    }

================================================================================


--------------------------------------------------------------------------------
[对话轮次 #115] TOOL: deliver_food
--------------------------------------------------------------------------------

【Result】
{
  "success": true,
  "data": {
    "success": true,
    "payment": 27.5675174056208,
    "overtime": 0,
    "penalty": 0,
    "timeCost": 1
  }
}

--------------------------------------------------------------------------------

[OrderGenerator] Removing 6 expired order(s): order_40, order_43, order_44, order_45, order_46, order_47
[AI Client] History limit reached. Trimmed to 100 non-system messages (removed 2 oldest messages)

──────────────────────────────────────────────────────────────────────
⏰ 时间: 13:32    | 🔄 迭代: 116
📍 位置: node_99    | 🔋 电量: 0.0% (0.0km)
💰 利润: ¥199.37   | ✅ 完成: 10 单
📦 背包: 空
💬 AI: Executed 1 tool call(s)

================================================================================
[对话轮次 #116] ASSISTANT
================================================================================

【Tool Calls】

  [1] get_my_status
  Arguments:
    {}

================================================================================


--------------------------------------------------------------------------------
[对话轮次 #116] TOOL: get_my_status
--------------------------------------------------------------------------------

【Result】
{
  "success": true,
  "data": {
    "position": "node_99",
    "battery": 0,
    "batteryRange": 0,
    "acceptedOrders": [],
    "carriedOrders": [],
    "totalWeight": 0,
    "remainingCapacity": 10,
    "currentTime": 812.9675323681474,
    "formattedTime": "13:32.96753236814743",
    "remainingTime": 987.0324676318526,
    "formattedRemainingTime": "16小时27.03246763185257分钟",
    "profit": 199.36756609971977
  }
}

--------------------------------------------------------------------------------

[AI Client] History limit reached. Trimmed to 100 non-system messages (removed 2 oldest messages)

──────────────────────────────────────────────────────────────────────
⏰ 时间: 13:32    | 🔄 迭代: 117
📍 位置: node_99    | 🔋 电量: 0.0% (0.0km)
💰 利润: ¥199.37   | ✅ 完成: 10 单
📦 背包: 空
💬 AI: Executed 1 tool call(s)

================================================================================
[对话轮次 #117] ASSISTANT
================================================================================

【Tool Calls】

  [1] search_nearby_battery_stations
  Arguments:
    {
        "radius": 10
    }

================================================================================


--------------------------------------------------------------------------------
[对话轮次 #117] TOOL: search_nearby_battery_stations
--------------------------------------------------------------------------------

【Result】
{
  "success": true,
  "data": {
    "stations": [
      {
        "id": "node_65",
        "name": "换电站_65",
        "distance": 5,
        "estimatedTime": 10,
        "position": {
          "x": 11,
          "y": 14
        }
      },
      {
        "id": "node_41",
        "name": "换电站_41",
        "distance": 8,
        "estimatedTime": 16,
        "position": {
          "x": 10,
          "y": 8
        }
      }
    ]
  }
}

--------------------------------------------------------------------------------

[AI Client] History limit reached. Trimmed to 100 non-system messages (removed 2 oldest messages)

──────────────────────────────────────────────────────────────────────
⏰ 时间: 13:32    | 🔄 迭代: 118
📍 位置: node_99    | 🔋 电量: 0.0% (0.0km)
💰 利润: ¥199.37   | ✅ 完成: 10 单
📦 背包: 空
💬 AI: Executed 1 tool call(s)

================================================================================
[对话轮次 #118] ASSISTANT
================================================================================

【Tool Calls】

  [1] calculate_distance
  Arguments:
    {
        "fromId": "node_99",
        "toId": "node_65"
    }

================================================================================


--------------------------------------------------------------------------------
[对话轮次 #118] TOOL: calculate_distance
--------------------------------------------------------------------------------

【Result】
{
  "success": true,
  "data": {
    "distance": 5,
    "path": [
      "node_99",
      "node_3",
      "node_13",
      "node_65"
    ]
  }
}

--------------------------------------------------------------------------------

[AI Client] History limit reached. Trimmed to 100 non-system messages (removed 2 oldest messages)

──────────────────────────────────────────────────────────────────────
⏰ 时间: 14:02    | 🔄 迭代: 119
📍 位置: node_65    | 🔋 电量: 0.0% (0.0km)
💰 利润: ¥199.37   | ✅ 完成: 10 单
📦 背包: 空
💬 AI: Executed 1 tool call(s)

================================================================================
[对话轮次 #119] ASSISTANT
================================================================================

【Tool Calls】

  [1] move_to
  Arguments:
    {
        "targetLocationId": "node_65"
    }

================================================================================


--------------------------------------------------------------------------------
[对话轮次 #119] TOOL: move_to
--------------------------------------------------------------------------------

【Result】
{
  "success": true,
  "data": {
    "success": true,
    "timeCost": 30,
    "batteryCost": 0,
    "newPosition": "node_65",
    "distance": 5,
    "pushedDistance": 5
  }
}

--------------------------------------------------------------------------------

[AI Client] History limit reached. Trimmed to 100 non-system messages (removed 2 oldest messages)

──────────────────────────────────────────────────────────────────────
⏰ 时间: 14:03    | 🔄 迭代: 120
📍 位置: node_65    | 🔋 电量: 100.0% (50.0km)
💰 利润: ¥198.87   | ✅ 完成: 10 单
📦 背包: 空
💬 AI: Executed 1 tool call(s)

================================================================================
[对话轮次 #120] ASSISTANT
================================================================================

【Tool Calls】

  [1] swap_battery
  Arguments:
    {}

================================================================================


--------------------------------------------------------------------------------
[对话轮次 #120] TOOL: swap_battery
--------------------------------------------------------------------------------

【Result】
{
  "success": true,
  "data": {
    "success": true,
    "cost": 0.5,
    "timeCost": 1,
    "newBattery": 100
  }
}

--------------------------------------------------------------------------------

[OrderGenerator] Removing 1 expired order(s): order_48
[AI Client] History limit reached. Trimmed to 100 non-system messages (removed 2 oldest messages)

──────────────────────────────────────────────────────────────────────
⏰ 时间: 14:03    | 🔄 迭代: 121
📍 位置: node_65    | 🔋 电量: 100.0% (50.0km)
💰 利润: ¥198.87   | ✅ 完成: 10 单
📦 背包: 空
💬 AI: Executed 1 tool call(s)

================================================================================
[对话轮次 #121] ASSISTANT
================================================================================

【Tool Calls】

  [1] search_nearby_orders
  Arguments:
    {
        "radius": 5
    }

================================================================================


--------------------------------------------------------------------------------
[对话轮次 #121] TOOL: search_nearby_orders
--------------------------------------------------------------------------------

【Result】
{
  "success": true,
  "data": {
    "orders": []
  }
}

--------------------------------------------------------------------------------

[AI Client] History limit reached. Trimmed to 100 non-system messages (removed 2 oldest messages)

──────────────────────────────────────────────────────────────────────
⏰ 时间: 14:03    | 🔄 迭代: 122
📍 位置: node_65    | 🔋 电量: 100.0% (50.0km)
💰 利润: ¥198.87   | ✅ 完成: 10 单
📦 背包: 空
💬 AI: Executed 1 tool call(s)

================================================================================
[对话轮次 #122] ASSISTANT
================================================================================

【Tool Calls】

  [1] search_nearby_orders
  Arguments:
    {
        "radius": 10
    }

================================================================================


--------------------------------------------------------------------------------
[对话轮次 #122] TOOL: search_nearby_orders
--------------------------------------------------------------------------------

【Result】
{
  "success": true,
  "data": {
    "orders": []
  }
}

--------------------------------------------------------------------------------

[AI Client] History limit reached. Trimmed to 100 non-system messages (removed 2 oldest messages)

──────────────────────────────────────────────────────────────────────
⏰ 时间: 14:03    | 🔄 迭代: 123
📍 位置: node_65    | 🔋 电量: 100.0% (50.0km)
💰 利润: ¥198.87   | ✅ 完成: 10 单
📦 背包: 空
💬 AI: Executed 1 tool call(s)

================================================================================
[对话轮次 #123] ASSISTANT
================================================================================

【Tool Calls】

  [1] search_nearby_orders
  Arguments:
    {
        "radius": 15
    }

================================================================================


--------------------------------------------------------------------------------
[对话轮次 #123] TOOL: search_nearby_orders
--------------------------------------------------------------------------------

【Result】
{
  "success": true,
  "data": {
    "orders": [
      {
        "id": "order_49",
        "type": "food",
        "name": "[\"泰汁煎银鳕鱼\",\"喜字饼\"]",
        "deliveryFee": 10.645253090653569,
        "weight": 0.800135153112933,
        "itemPrice": 49.695850503630936,
        "pickupLocation": "node_87",
        "deliveryLocation": "node_61",
        "distance": 5,
        "estimatedTimeLimit": 26
      },
      {
        "id": "order_50",
        "type": "food",
        "name": "[\"干烧虾仁\"]",
        "deliveryFee": 13.571553185814992,
        "weight": 0.750475988490507,
        "itemPrice": 43.73085103230551,
        "pickupLocation": "node_49",
        "deliveryLocation": "node_81",
        "distance": 9,
        "estimatedTimeLimit": 38
      }
    ]
  }
}

--------------------------------------------------------------------------------

[AI Client] History limit reached. Trimmed to 100 non-system messages (removed 2 oldest messages)

──────────────────────────────────────────────────────────────────────
⏰ 时间: 14:03    | 🔄 迭代: 124
📍 位置: node_65    | 🔋 电量: 100.0% (50.0km)
💰 利润: ¥198.87   | ✅ 完成: 10 单
📦 背包: 空
💬 AI: Executed 1 tool call(s)

================================================================================
[对话轮次 #124] ASSISTANT
================================================================================

【Tool Calls】

  [1] calculate_distance
  Arguments:
    {
        "fromId": "node_65",
        "toId": "node_87"
    }

================================================================================


--------------------------------------------------------------------------------
[对话轮次 #124] TOOL: calculate_distance
--------------------------------------------------------------------------------

【Result】
{
  "success": true,
  "data": {
    "distance": 14,
    "path": [
      "node_65",
      "node_85",
      "node_29",
      "node_20",
      "node_8",
      "node_18",
      "node_17",
      "node_14",
      "node_64",
      "node_87"
    ]
  }
}

--------------------------------------------------------------------------------

[AI Client] History limit reached. Trimmed to 100 non-system messages (removed 2 oldest messages)

──────────────────────────────────────────────────────────────────────
⏰ 时间: 14:03    | 🔄 迭代: 125
📍 位置: node_65    | 🔋 电量: 100.0% (50.0km)
💰 利润: ¥198.87   | ✅ 完成: 10 单
📦 背包: 空
💬 AI: Executed 1 tool call(s)

================================================================================
[对话轮次 #125] ASSISTANT
================================================================================

【Tool Calls】

  [1] calculate_distance
  Arguments:
    {
        "fromId": "node_65",
        "toId": "node_49"
    }

================================================================================


--------------------------------------------------------------------------------
[对话轮次 #125] TOOL: calculate_distance
--------------------------------------------------------------------------------

【Result】
{
  "success": true,
  "data": {
    "distance": 15,
    "path": [
      "node_65",
      "node_85",
      "node_29",
      "node_20",
      "node_8",
      "node_41",
      "node_12",
      "node_45",
      "node_4",
      "node_54",
      "node_24",
      "node_49"
    ]
  }
}

--------------------------------------------------------------------------------

[AI Client] History limit reached. Trimmed to 100 non-system messages (removed 2 oldest messages)

──────────────────────────────────────────────────────────────────────
⏰ 时间: 14:03    | 🔄 迭代: 126
📍 位置: node_65    | 🔋 电量: 100.0% (50.0km)
💰 利润: ¥198.87   | ✅ 完成: 10 单
📦 背包: 1/5 单 | ⚖️  重量: 0.75/10kg
   1. order_50 🍔 ⏳待取餐 - 0.75kg - ¥13.57
💬 AI: Executed 1 tool call(s)

================================================================================
[对话轮次 #126] ASSISTANT
================================================================================

【Tool Calls】

  [1] accept_order
  Arguments:
    {
        "orderId": "order_50"
    }

================================================================================


--------------------------------------------------------------------------------
[对话轮次 #126] TOOL: accept_order
--------------------------------------------------------------------------------

【Result】
{
  "success": true,
  "data": {
    "success": true,
    "order": {
      "id": "order_50",
      "type": "food",
      "name": "[\"干烧虾仁\"]",
      "pickupLocation": "node_49",
      "deliveryLocation": "node_81",
      "distance": 9,
      "itemPrice": 43.73085103230551,
      "deliveryFee": 13.571553185814992,
      "weight": 0.750475988490507,
      "timeLimit": 38,
      "createdAt": 843.9675323681474,
      "pickedUp": false,
      "delivered": false,
      "acceptedAt": 843.9675323681474,
      "deadline": 881.9675323681474
    }
  }
}

--------------------------------------------------------------------------------

[AI Client] History limit reached. Trimmed to 100 non-system messages (removed 2 oldest messages)

──────────────────────────────────────────────────────────────────────
⏰ 时间: 14:33    | 🔄 迭代: 127
📍 位置: node_49    | 🔋 电量: 70.0% (35.0km)
💰 利润: ¥198.87   | ✅ 完成: 10 单
📦 背包: 1/5 单 | ⚖️  重量: 0.75/10kg
   1. order_50 🍔 ⏳待取餐 - 0.75kg - ¥13.57
💬 AI: Executed 1 tool call(s)

================================================================================
[对话轮次 #127] ASSISTANT
================================================================================

【Tool Calls】

  [1] move_to
  Arguments:
    {
        "targetLocationId": "node_49"
    }

================================================================================


--------------------------------------------------------------------------------
[对话轮次 #127] TOOL: move_to
--------------------------------------------------------------------------------

【Result】
{
  "success": true,
  "data": {
    "success": true,
    "timeCost": 30,
    "batteryCost": 30,
    "newPosition": "node_49",
    "distance": 15
  }
}

--------------------------------------------------------------------------------

[AI Client] History limit reached. Trimmed to 100 non-system messages (removed 2 oldest messages)

──────────────────────────────────────────────────────────────────────
⏰ 时间: 14:35    | 🔄 迭代: 128
📍 位置: node_49    | 🔋 电量: 70.0% (35.0km)
💰 利润: ¥198.87   | ✅ 完成: 10 单
📦 背包: 1/5 单 | ⚖️  重量: 0.75/10kg
   1. order_50 🍔 ✓已取餐 - 0.75kg - ¥13.57
💬 AI: Executed 1 tool call(s)

================================================================================
[对话轮次 #128] ASSISTANT
================================================================================

【Tool Calls】

  [1] pickup_food
  Arguments:
    {
        "orderId": "order_50"
    }

================================================================================


--------------------------------------------------------------------------------
[对话轮次 #128] TOOL: pickup_food
--------------------------------------------------------------------------------

【Result】
{
  "success": true,
  "data": {
    "success": true,
    "timeCost": 2
  }
}

--------------------------------------------------------------------------------

[AI Client] History limit reached. Trimmed to 100 non-system messages (removed 2 oldest messages)

──────────────────────────────────────────────────────────────────────
⏰ 时间: 14:35    | 🔄 迭代: 129
📍 位置: node_49    | 🔋 电量: 70.0% (35.0km)
💰 利润: ¥198.87   | ✅ 完成: 10 单
📦 背包: 1/5 单 | ⚖️  重量: 0.75/10kg
   1. order_50 🍔 ✓已取餐 - 0.75kg - ¥13.57
💬 AI: Executed 1 tool call(s)

================================================================================
[对话轮次 #129] ASSISTANT
================================================================================

【Tool Calls】

  [1] calculate_distance
  Arguments:
    {
        "fromId": "node_49",
        "toId": "node_81"
    }

================================================================================


--------------------------------------------------------------------------------
[对话轮次 #129] TOOL: calculate_distance
--------------------------------------------------------------------------------

【Result】
{
  "success": true,
  "data": {
    "distance": 9,
    "path": [
      "node_49",
      "node_24",
      "node_54",
      "node_4",
      "node_45",
      "node_79",
      "node_81"
    ]
  }
}

--------------------------------------------------------------------------------

[AI Client] History limit reached. Trimmed to 100 non-system messages (removed 2 oldest messages)

──────────────────────────────────────────────────────────────────────
⏰ 时间: 14:53    | 🔄 迭代: 130
📍 位置: node_81    | 🔋 电量: 52.0% (26.0km)
💰 利润: ¥198.87   | ✅ 完成: 10 单
📦 背包: 1/5 单 | ⚖️  重量: 0.75/10kg
   1. order_50 🍔 ✓已取餐 - 0.75kg - ¥13.57
💬 AI: Executed 1 tool call(s)

================================================================================
[对话轮次 #130] ASSISTANT
================================================================================

【Tool Calls】

  [1] move_to
  Arguments:
    {
        "targetLocationId": "node_81"
    }

================================================================================


--------------------------------------------------------------------------------
[对话轮次 #130] TOOL: move_to
--------------------------------------------------------------------------------

【Result】
{
  "success": true,
  "data": {
    "success": true,
    "timeCost": 18,
    "batteryCost": 18,
    "newPosition": "node_81",
    "distance": 9
  }
}

--------------------------------------------------------------------------------

[OrderGenerator] Removing 2 expired order(s): order_49, order_51
[AI Client] History limit reached. Trimmed to 100 non-system messages (removed 2 oldest messages)

──────────────────────────────────────────────────────────────────────
⏰ 订单完成: order_50 🍔
   配送费: ¥13.57
   实际收入: ¥6.79
   超时罚款: -¥6.79
   状态: 超时13.0分钟
──────────────────────────────────────────────────────────────────────

──────────────────────────────────────────────────────────────────────
⏰ 时间: 14:54    | 🔄 迭代: 131
📍 位置: node_81    | 🔋 电量: 52.0% (26.0km)
💰 利润: ¥205.65   | ✅ 完成: 11 单
📦 背包: 空
💬 AI: Executed 1 tool call(s)

================================================================================
[对话轮次 #131] ASSISTANT
================================================================================

【Tool Calls】

  [1] deliver_food
  Arguments:
    {
        "orderId": "order_50"
    }

================================================================================


--------------------------------------------------------------------------------
[对话轮次 #131] TOOL: deliver_food
--------------------------------------------------------------------------------

【Result】
{
  "success": true,
  "data": {
    "success": true,
    "payment": 6.785776592907496,
    "overtime": 13,
    "penalty": 6.785776592907496,
    "timeCost": 1
  }
}

--------------------------------------------------------------------------------

[AI Client] History limit reached. Trimmed to 100 non-system messages (removed 2 oldest messages)

──────────────────────────────────────────────────────────────────────
⏰ 时间: 14:54    | 🔄 迭代: 132
📍 位置: node_81    | 🔋 电量: 52.0% (26.0km)
💰 利润: ¥205.65   | ✅ 完成: 11 单
📦 背包: 空
💬 AI: Executed 1 tool call(s)

================================================================================
[对话轮次 #132] ASSISTANT
================================================================================

【Tool Calls】

  [1] get_my_status
  Arguments:
    {}

================================================================================


--------------------------------------------------------------------------------
[对话轮次 #132] TOOL: get_my_status
--------------------------------------------------------------------------------

【Result】
{
  "success": true,
  "data": {
    "position": "node_81",
    "battery": 52,
    "batteryRange": 26,
    "acceptedOrders": [],
    "carriedOrders": [],
    "totalWeight": 0,
    "remainingCapacity": 10,
    "currentTime": 894.9675323681474,
    "formattedTime": "14:54.96753236814743",
    "remainingTime": 905.0324676318526,
    "formattedRemainingTime": "15小时5.032467631852569分钟",
    "profit": 205.65334269262726
  }
}

--------------------------------------------------------------------------------

[AI Client] History limit reached. Trimmed to 100 non-system messages (removed 2 oldest messages)

──────────────────────────────────────────────────────────────────────
⏰ 时间: 14:54    | 🔄 迭代: 133
📍 位置: node_81    | 🔋 电量: 52.0% (26.0km)
💰 利润: ¥205.65   | ✅ 完成: 11 单
📦 背包: 空
💬 AI: Executed 1 tool call(s)

================================================================================
[对话轮次 #133] ASSISTANT
================================================================================

【Tool Calls】

  [1] search_nearby_orders
  Arguments:
    {
        "radius": 5
    }

================================================================================


--------------------------------------------------------------------------------
[对话轮次 #133] TOOL: search_nearby_orders
--------------------------------------------------------------------------------

【Result】
{
  "success": true,
  "data": {
    "orders": [
      {
        "id": "order_53",
        "type": "food",
        "name": "[\"素菜汤\",\"公爵夫人土豆\"]",
        "deliveryFee": 12.15,
        "weight": 0.8464033544296399,
        "itemPrice": 15.20781947649084,
        "pickupLocation": "node_3",
        "deliveryLocation": "node_4",
        "distance": 11,
        "estimatedTimeLimit": 44
      },
      {
        "id": "order_54",
        "type": "food",
        "name": "[\"蔬菜海鲜汤\",\"豆腐脑儿\"]",
        "deliveryFee": 7.0812927588121966,
        "weight": 0.8903089215746149,
        "itemPrice": 29.901540835853666,
        "pickupLocation": "node_40",
        "deliveryLocation": "node_33",
        "distance": 5,
        "estimatedTimeLimit": 26
      }
    ]
  }
}

--------------------------------------------------------------------------------

[AI Client] History limit reached. Trimmed to 100 non-system messages (removed 2 oldest messages)

──────────────────────────────────────────────────────────────────────
⏰ 时间: 14:54    | 🔄 迭代: 134
📍 位置: node_81    | 🔋 电量: 52.0% (26.0km)
💰 利润: ¥205.65   | ✅ 完成: 11 单
📦 背包: 空
💬 AI: Executed 1 tool call(s)

================================================================================
[对话轮次 #134] ASSISTANT
================================================================================

【Tool Calls】

  [1] calculate_distance
  Arguments:
    {
        "fromId": "node_81",
        "toId": "node_3"
    }

================================================================================


--------------------------------------------------------------------------------
[对话轮次 #134] TOOL: calculate_distance
--------------------------------------------------------------------------------

【Result】
{
  "success": true,
  "data": {
    "distance": 5,
    "path": [
      "node_81",
      "node_20",
      "node_29",
      "node_56",
      "node_3"
    ]
  }
}

--------------------------------------------------------------------------------

[AI Client] History limit reached. Trimmed to 100 non-system messages (removed 2 oldest messages)

──────────────────────────────────────────────────────────────────────
⏰ 时间: 14:54    | 🔄 迭代: 135
📍 位置: node_81    | 🔋 电量: 52.0% (26.0km)
💰 利润: ¥205.65   | ✅ 完成: 11 单
📦 背包: 空
💬 AI: Executed 1 tool call(s)

================================================================================
[对话轮次 #135] ASSISTANT
================================================================================

【Tool Calls】

  [1] calculate_distance
  Arguments:
    {
        "fromId": "node_81",
        "toId": "node_40"
    }

================================================================================


--------------------------------------------------------------------------------
[对话轮次 #135] TOOL: calculate_distance
--------------------------------------------------------------------------------

【Result】
{
  "success": true,
  "data": {
    "distance": 2,
    "path": [
      "node_81",
      "node_20",
      "node_40"
    ]
  }
}

--------------------------------------------------------------------------------

[AI Client] History limit reached. Trimmed to 100 non-system messages (removed 2 oldest messages)

──────────────────────────────────────────────────────────────────────
⏰ 时间: 14:54    | 🔄 迭代: 136
📍 位置: node_81    | 🔋 电量: 52.0% (26.0km)
💰 利润: ¥205.65   | ✅ 完成: 11 单
📦 背包: 1/5 单 | ⚖️  重量: 0.89/10kg
   1. order_54 🍔 ⏳待取餐 - 0.89kg - ¥7.08
💬 AI: Executed 1 tool call(s)

================================================================================
[对话轮次 #136] ASSISTANT
================================================================================

【Tool Calls】

  [1] accept_order
  Arguments:
    {
        "orderId": "order_54"
    }

================================================================================


--------------------------------------------------------------------------------
[对话轮次 #136] TOOL: accept_order
--------------------------------------------------------------------------------

【Result】
{
  "success": true,
  "data": {
    "success": true,
    "order": {
      "id": "order_54",
      "type": "food",
      "name": "[\"蔬菜海鲜汤\",\"豆腐脑儿\"]",
      "pickupLocation": "node_40",
      "deliveryLocation": "node_33",
      "distance": 5,
      "itemPrice": 29.901540835853666,
      "deliveryFee": 7.0812927588121966,
      "weight": 0.8903089215746149,
      "timeLimit": 26,
      "createdAt": 893.9675323681474,
      "pickedUp": false,
      "delivered": false,
      "acceptedAt": 894.9675323681474,
      "deadline": 920.9675323681474
    }
  }
}

--------------------------------------------------------------------------------

[AI Client] History limit reached. Trimmed to 100 non-system messages (removed 2 oldest messages)

──────────────────────────────────────────────────────────────────────
⏰ 时间: 14:58    | 🔄 迭代: 137
📍 位置: node_40    | 🔋 电量: 48.0% (24.0km)
💰 利润: ¥205.65   | ✅ 完成: 11 单
📦 背包: 1/5 单 | ⚖️  重量: 0.89/10kg
   1. order_54 🍔 ⏳待取餐 - 0.89kg - ¥7.08
💬 AI: Executed 1 tool call(s)

================================================================================
[对话轮次 #137] ASSISTANT
================================================================================

【Tool Calls】

  [1] move_to
  Arguments:
    {
        "targetLocationId": "node_40"
    }

================================================================================


--------------------------------------------------------------------------------
[对话轮次 #137] TOOL: move_to
--------------------------------------------------------------------------------

【Result】
{
  "success": true,
  "data": {
    "success": true,
    "timeCost": 4,
    "batteryCost": 4,
    "newPosition": "node_40",
    "distance": 2
  }
}

--------------------------------------------------------------------------------

[AI Client] History limit reached. Trimmed to 100 non-system messages (removed 2 oldest messages)

──────────────────────────────────────────────────────────────────────
⏰ 时间: 15:00    | 🔄 迭代: 138
📍 位置: node_40    | 🔋 电量: 48.0% (24.0km)
💰 利润: ¥205.65   | ✅ 完成: 11 单
📦 背包: 1/5 单 | ⚖️  重量: 0.89/10kg
   1. order_54 🍔 ✓已取餐 - 0.89kg - ¥7.08
💬 AI: Executed 1 tool call(s)

================================================================================
[对话轮次 #138] ASSISTANT
================================================================================

【Tool Calls】

  [1] pickup_food
  Arguments:
    {
        "orderId": "order_54"
    }

================================================================================


--------------------------------------------------------------------------------
[对话轮次 #138] TOOL: pickup_food
--------------------------------------------------------------------------------

【Result】
{
  "success": true,
  "data": {
    "success": true,
    "timeCost": 2
  }
}

--------------------------------------------------------------------------------

[AI Client] History limit reached. Trimmed to 100 non-system messages (removed 2 oldest messages)

──────────────────────────────────────────────────────────────────────
⏰ 时间: 15:00    | 🔄 迭代: 139
📍 位置: node_40    | 🔋 电量: 48.0% (24.0km)
💰 利润: ¥205.65   | ✅ 完成: 11 单
📦 背包: 1/5 单 | ⚖️  重量: 0.89/10kg
   1. order_54 🍔 ✓已取餐 - 0.89kg - ¥7.08
💬 AI: Executed 1 tool call(s)

================================================================================
[对话轮次 #139] ASSISTANT
================================================================================

【Tool Calls】

  [1] calculate_distance
  Arguments:
    {
        "fromId": "node_40",
        "toId": "node_33"
    }

================================================================================


--------------------------------------------------------------------------------
[对话轮次 #139] TOOL: calculate_distance
--------------------------------------------------------------------------------

【Result】
{
  "success": true,
  "data": {
    "distance": 5,
    "path": [
      "node_40",
      "node_71",
      "node_90",
      "node_33"
    ]
  }
}

--------------------------------------------------------------------------------

[AI Client] History limit reached. Trimmed to 100 non-system messages (removed 2 oldest messages)

──────────────────────────────────────────────────────────────────────
⏰ 时间: 15:10    | 🔄 迭代: 140
📍 位置: node_33    | 🔋 电量: 38.0% (19.0km)
💰 利润: ¥205.65   | ✅ 完成: 11 单
📦 背包: 1/5 单 | ⚖️  重量: 0.89/10kg
   1. order_54 🍔 ✓已取餐 - 0.89kg - ¥7.08
💬 AI: Executed 1 tool call(s)

================================================================================
[对话轮次 #140] ASSISTANT
================================================================================

【Tool Calls】

  [1] move_to
  Arguments:
    {
        "targetLocationId": "node_33"
    }

================================================================================


--------------------------------------------------------------------------------
[对话轮次 #140] TOOL: move_to
--------------------------------------------------------------------------------

【Result】
{
  "success": true,
  "data": {
    "success": true,
    "timeCost": 10,
    "batteryCost": 10,
    "newPosition": "node_33",
    "distance": 5
  }
}

--------------------------------------------------------------------------------

[AI Client] History limit reached. Trimmed to 100 non-system messages (removed 2 oldest messages)

──────────────────────────────────────────────────────────────────────
✅ 订单完成: order_54 🍔
   配送费: ¥7.08
   实际收入: ¥7.08
   状态: 准时完成
──────────────────────────────────────────────────────────────────────

──────────────────────────────────────────────────────────────────────
⏰ 时间: 15:11    | 🔄 迭代: 141
📍 位置: node_33    | 🔋 电量: 38.0% (19.0km)
💰 利润: ¥212.73   | ✅ 完成: 12 单
📦 背包: 空
💬 AI: Executed 1 tool call(s)

================================================================================
[对话轮次 #141] ASSISTANT
================================================================================

【Tool Calls】

  [1] deliver_food
  Arguments:
    {
        "orderId": "order_54"
    }

================================================================================


--------------------------------------------------------------------------------
[对话轮次 #141] TOOL: deliver_food
--------------------------------------------------------------------------------

【Result】
{
  "success": true,
  "data": {
    "success": true,
    "payment": 7.0812927588121966,
    "overtime": 0,
    "penalty": 0,
    "timeCost": 1
  }
}

--------------------------------------------------------------------------------

[AI Client] History limit reached. Trimmed to 100 non-system messages (removed 2 oldest messages)

──────────────────────────────────────────────────────────────────────
⏰ 时间: 15:11    | 🔄 迭代: 142
📍 位置: node_33    | 🔋 电量: 38.0% (19.0km)
💰 利润: ¥212.73   | ✅ 完成: 12 单
📦 背包: 空
💬 AI: Executed 1 tool call(s)

================================================================================
[对话轮次 #142] ASSISTANT
================================================================================

【Tool Calls】

  [1] get_my_status
  Arguments:
    {}

================================================================================


--------------------------------------------------------------------------------
[对话轮次 #142] TOOL: get_my_status
--------------------------------------------------------------------------------

【Result】
{
  "success": true,
  "data": {
    "position": "node_33",
    "battery": 38,
    "batteryRange": 19,
    "acceptedOrders": [],
    "carriedOrders": [],
    "totalWeight": 0,
    "remainingCapacity": 10,
    "currentTime": 911.9675323681474,
    "formattedTime": "15:11.967532368147431",
    "remainingTime": 888.0324676318526,
    "formattedRemainingTime": "14小时48.03246763185257分钟",
    "profit": 212.73463545143946
  }
}

--------------------------------------------------------------------------------

[AI Client] History limit reached. Trimmed to 100 non-system messages (removed 2 oldest messages)

──────────────────────────────────────────────────────────────────────
⏰ 时间: 15:11    | 🔄 迭代: 143
📍 位置: node_33    | 🔋 电量: 38.0% (19.0km)
💰 利润: ¥212.73   | ✅ 完成: 12 单
📦 背包: 空
💬 AI: Executed 1 tool call(s)

================================================================================
[对话轮次 #143] ASSISTANT
================================================================================

【Tool Calls】

  [1] search_nearby_orders
  Arguments:
    {
        "radius": 5
    }

================================================================================


--------------------------------------------------------------------------------
[对话轮次 #143] TOOL: search_nearby_orders
--------------------------------------------------------------------------------

【Result】
{
  "success": true,
  "data": {
    "orders": []
  }
}

--------------------------------------------------------------------------------

[AI Client] History limit reached. Trimmed to 100 non-system messages (removed 2 oldest messages)

──────────────────────────────────────────────────────────────────────
⏰ 时间: 15:11    | 🔄 迭代: 144
📍 位置: node_33    | 🔋 电量: 38.0% (19.0km)
💰 利润: ¥212.73   | ✅ 完成: 12 单
📦 背包: 空
💬 AI: Executed 1 tool call(s)

================================================================================
[对话轮次 #144] ASSISTANT
================================================================================

【Tool Calls】

  [1] search_nearby_orders
  Arguments:
    {
        "radius": 10
    }

================================================================================


--------------------------------------------------------------------------------
[对话轮次 #144] TOOL: search_nearby_orders
--------------------------------------------------------------------------------

【Result】
{
  "success": true,
  "data": {
    "orders": [
      {
        "id": "order_53",
        "type": "food",
        "name": "[\"素菜汤\",\"公爵夫人土豆\"]",
        "deliveryFee": 12.15,
        "weight": 0.8464033544296399,
        "itemPrice": 15.20781947649084,
        "pickupLocation": "node_3",
        "deliveryLocation": "node_4",
        "distance": 11,
        "estimatedTimeLimit": 44
      },
      {
        "id": "order_55",
        "type": "supermarket",
        "name": "[\"肉类\",\"清洁用品\",\"零食\"]",
        "deliveryFee": 14.792995515372604,
        "weight": 7.98796865157783,
        "itemPrice": 56.42938538454473,
        "pickupLocation": "node_75",
        "deliveryLocation": "node_31",
        "distance": 8,
        "estimatedTimeLimit": 35
      },
      {
        "id": "order_57",
        "type": "supermarket",
        "name": "[\"水果\",\"调味品\",\"蔬菜\",\"清洁用品\"]",
        "deliveryFee": 33.23076782960077,
        "weight": 8.990514241158962,
        "itemPrice": 130.6020041462034,
        "pickupLocation": "node_18",
        "deliveryLocation": "node_51",
        "distance": 13.828427124746192,
        "estimatedTimeLimit": 52.485281374238575
      }
    ]
  }
}

--------------------------------------------------------------------------------

[AI Client] History limit reached. Trimmed to 100 non-system messages (removed 2 oldest messages)

──────────────────────────────────────────────────────────────────────
⏰ 时间: 15:11    | 🔄 迭代: 145
📍 位置: node_33    | 🔋 电量: 38.0% (19.0km)
💰 利润: ¥212.73   | ✅ 完成: 12 单
📦 背包: 空
💬 AI: Executed 1 tool call(s)

================================================================================
[对话轮次 #145] ASSISTANT
================================================================================

【Tool Calls】

  [1] calculate_distance
  Arguments:
    {
        "fromId": "node_33",
        "toId": "node_3"
    }

================================================================================


--------------------------------------------------------------------------------
[对话轮次 #145] TOOL: calculate_distance
--------------------------------------------------------------------------------

【Result】
{
  "success": true,
  "data": {
    "distance": 8,
    "path": [
      "node_33",
      "node_47",
      "node_60",
      "node_71",
      "node_40",
      "node_56",
      "node_3"
    ]
  }
}

--------------------------------------------------------------------------------

[AI Client] History limit reached. Trimmed to 100 non-system messages (removed 2 oldest messages)

──────────────────────────────────────────────────────────────────────
⏰ 时间: 15:11    | 🔄 迭代: 146
📍 位置: node_33    | 🔋 电量: 38.0% (19.0km)
💰 利润: ¥212.73   | ✅ 完成: 12 单
📦 背包: 空
💬 AI: Executed 1 tool call(s)

================================================================================
[对话轮次 #146] ASSISTANT
================================================================================

【Tool Calls】

  [1] calculate_distance
  Arguments:
    {
        "fromId": "node_33",
        "toId": "node_75"
    }

================================================================================


--------------------------------------------------------------------------------
[对话轮次 #146] TOOL: calculate_distance
--------------------------------------------------------------------------------

【Result】
{
  "success": true,
  "data": {
    "distance": 6,
    "path": [
      "node_33",
      "node_47",
      "node_79",
      "node_45",
      "node_39",
      "node_75"
    ]
  }
}

--------------------------------------------------------------------------------

[AI Client] History limit reached. Trimmed to 100 non-system messages (removed 2 oldest messages)

──────────────────────────────────────────────────────────────────────
⏰ 时间: 15:11    | 🔄 迭代: 147
📍 位置: node_33    | 🔋 电量: 38.0% (19.0km)
💰 利润: ¥212.73   | ✅ 完成: 12 单
📦 背包: 空
💬 AI: Executed 1 tool call(s)

================================================================================
[对话轮次 #147] ASSISTANT
================================================================================

【Tool Calls】

  [1] calculate_distance
  Arguments:
    {
        "fromId": "node_33",
        "toId": "node_18"
    }

================================================================================


--------------------------------------------------------------------------------
[对话轮次 #147] TOOL: calculate_distance
--------------------------------------------------------------------------------

【Result】
{
  "success": true,
  "data": {
    "distance": 8,
    "path": [
      "node_33",
      "node_47",
      "node_60",
      "node_71",
      "node_40",
      "node_20",
      "node_8",
      "node_18"
    ]
  }
}

--------------------------------------------------------------------------------

[AI Client] History limit reached. Trimmed to 100 non-system messages (removed 2 oldest messages)

──────────────────────────────────────────────────────────────────────
⏰ 时间: 15:11    | 🔄 迭代: 148
📍 位置: node_33    | 🔋 电量: 38.0% (19.0km)
💰 利润: ¥212.73   | ✅ 完成: 12 单
📦 背包: 1/5 单 | ⚖️  重量: 8.99/10kg
   1. order_57 🛒 ⏳待取餐 - 8.99kg - ¥33.23
💬 AI: Executed 1 tool call(s)

================================================================================
[对话轮次 #148] ASSISTANT
================================================================================

【Tool Calls】

  [1] accept_order
  Arguments:
    {
        "orderId": "order_57"
    }

================================================================================


--------------------------------------------------------------------------------
[对话轮次 #148] TOOL: accept_order
--------------------------------------------------------------------------------

【Result】
{
  "success": true,
  "data": {
    "success": true,
    "order": {
      "id": "order_57",
      "type": "supermarket",
      "name": "[\"水果\",\"调味品\",\"蔬菜\",\"清洁用品\"]",
      "pickupLocation": "node_18",
      "deliveryLocation": "node_51",
      "distance": 13.828427124746192,
      "itemPrice": 130.6020041462034,
      "deliveryFee": 33.23076782960077,
      "weight": 8.990514241158962,
      "timeLimit": 52.485281374238575,
      "createdAt": 910.9675323681474,
      "pickedUp": false,
      "delivered": false,
      "acceptedAt": 911.9675323681474,
      "deadline": 964.452813742386
    }
  }
}

--------------------------------------------------------------------------------

[AI Client] History limit reached. Trimmed to 100 non-system messages (removed 2 oldest messages)

──────────────────────────────────────────────────────────────────────
⏰ 时间: 15:27    | 🔄 迭代: 149
📍 位置: node_18    | 🔋 电量: 22.0% (11.0km)
💰 利润: ¥212.73   | ✅ 完成: 12 单
📦 背包: 1/5 单 | ⚖️  重量: 8.99/10kg
   1. order_57 🛒 ⏳待取餐 - 8.99kg - ¥33.23
💬 AI: Executed 1 tool call(s)

================================================================================
[对话轮次 #149] ASSISTANT
================================================================================

【Tool Calls】

  [1] move_to
  Arguments:
    {
        "targetLocationId": "node_18"
    }

================================================================================


--------------------------------------------------------------------------------
[对话轮次 #149] TOOL: move_to
--------------------------------------------------------------------------------

【Result】
{
  "success": true,
  "data": {
    "success": true,
    "timeCost": 16,
    "batteryCost": 16,
    "newPosition": "node_18",
    "distance": 8
  }
}

--------------------------------------------------------------------------------

[AI Client] History limit reached. Trimmed to 100 non-system messages (removed 2 oldest messages)

──────────────────────────────────────────────────────────────────────
⏰ 时间: 15:29    | 🔄 迭代: 150
📍 位置: node_18    | 🔋 电量: 22.0% (11.0km)
💰 利润: ¥212.73   | ✅ 完成: 12 单
📦 背包: 1/5 单 | ⚖️  重量: 8.99/10kg
   1. order_57 🛒 ✓已取餐 - 8.99kg - ¥33.23
💬 AI: Executed 1 tool call(s)

================================================================================
[对话轮次 #150] ASSISTANT
================================================================================

【Tool Calls】

  [1] pickup_food
  Arguments:
    {
        "orderId": "order_57"
    }

================================================================================


--------------------------------------------------------------------------------
[对话轮次 #150] TOOL: pickup_food
--------------------------------------------------------------------------------

【Result】
{
  "success": true,
  "data": {
    "success": true,
    "timeCost": 2
  }
}

--------------------------------------------------------------------------------

[OrderGenerator] Removing 1 expired order(s): order_52
[AI Client] History limit reached. Trimmed to 100 non-system messages (removed 2 oldest messages)
[AI Client] No user message in history after trim, re-anchored with a user query (llama.cpp multi_step_tool template requires it)

──────────────────────────────────────────────────────────────────────
⏰ 时间: 15:29    | 🔄 迭代: 151
📍 位置: node_18    | 🔋 电量: 22.0% (11.0km)
💰 利润: ¥212.73   | ✅ 完成: 12 单
📦 背包: 1/5 单 | ⚖️  重量: 8.99/10kg
   1. order_57 🛒 ✓已取餐 - 8.99kg - ¥33.23
💬 AI: Executed 1 tool call(s)

================================================================================
[对话轮次 #151] ASSISTANT
================================================================================

【Tool Calls】

  [1] calculate_distance
  Arguments:
    {
        "fromId": "node_18",
        "toId": "node_51"
    }

================================================================================


--------------------------------------------------------------------------------
[对话轮次 #151] TOOL: calculate_distance
--------------------------------------------------------------------------------

【Result】
{
  "success": true,
  "data": {
    "distance": 13.828427124746192,
    "path": [
      "node_18",
      "node_50",
      "node_67",
      "node_46",
      "node_63",
      "node_97",
      "node_38",
      "node_35",
      "node_78",
      "node_52",
      "node_31",
      "node_51"
    ]
  }
}

--------------------------------------------------------------------------------

[AI Client] History limit reached. Trimmed to 100 non-system messages (removed 3 oldest messages)

──────────────────────────────────────────────────────────────────────
⏰ 时间: 16:08    | 🔄 迭代: 152
📍 位置: node_51    | 🔋 电量: 0.0% (0.0km)
💰 利润: ¥212.73   | ✅ 完成: 12 单
📦 背包: 1/5 单 | ⚖️  重量: 8.99/10kg
   1. order_57 🛒 ✓已取餐 - 8.99kg - ¥33.23
💬 AI: Executed 1 tool call(s)

================================================================================
[对话轮次 #152] ASSISTANT
================================================================================

【Tool Calls】

  [1] move_to
  Arguments:
    {
        "targetLocationId": "node_51"
    }

================================================================================


--------------------------------------------------------------------------------
[对话轮次 #152] TOOL: move_to
--------------------------------------------------------------------------------

【Result】
{
  "success": true,
  "data": {
    "success": true,
    "timeCost": 38.97056274847715,
    "batteryCost": 22,
    "newPosition": "node_51",
    "distance": 13.828427124746192,
    "pushedDistance": 2.8284271247461916
  }
}

--------------------------------------------------------------------------------

[AI Client] History limit reached. Trimmed to 100 non-system messages (removed 2 oldest messages)

──────────────────────────────────────────────────────────────────────
⏰ 订单完成: order_57 🛒
   配送费: ¥33.23
   实际收入: ¥23.26
   超时罚款: -¥9.97
   状态: 超时5.5分钟
──────────────────────────────────────────────────────────────────────

──────────────────────────────────────────────────────────────────────
⏰ 时间: 16:09    | 🔄 迭代: 153
📍 位置: node_51    | 🔋 电量: 0.0% (0.0km)
💰 利润: ¥236.00   | ✅ 完成: 13 单
📦 背包: 空
💬 AI: Executed 1 tool call(s)

================================================================================
[对话轮次 #153] ASSISTANT
================================================================================

【Tool Calls】

  [1] deliver_food
  Arguments:
    {
        "orderId": "order_57"
    }

================================================================================


--------------------------------------------------------------------------------
[对话轮次 #153] TOOL: deliver_food
--------------------------------------------------------------------------------

【Result】
{
  "success": true,
  "data": {
    "success": true,
    "payment": 23.26153748072054,
    "overtime": 5.485281374238639,
    "penalty": 9.969230348880231,
    "timeCost": 1
  }
}

--------------------------------------------------------------------------------

[AI Client] History limit reached. Trimmed to 100 non-system messages (removed 2 oldest messages)

──────────────────────────────────────────────────────────────────────
⏰ 时间: 16:09    | 🔄 迭代: 154
📍 位置: node_51    | 🔋 电量: 0.0% (0.0km)
💰 利润: ¥236.00   | ✅ 完成: 13 单
📦 背包: 空
💬 AI: Executed 1 tool call(s)

================================================================================
[对话轮次 #154] ASSISTANT
================================================================================

【Tool Calls】

  [1] search_nearby_orders
  Arguments:
    {
        "radius": 5
    }

================================================================================


--------------------------------------------------------------------------------
[对话轮次 #154] TOOL: search_nearby_orders
--------------------------------------------------------------------------------

【Result】
{
  "success": true,
  "data": {
    "orders": []
  }
}

--------------------------------------------------------------------------------

[AI Client] History limit reached. Trimmed to 100 non-system messages (removed 2 oldest messages)

──────────────────────────────────────────────────────────────────────
⏰ 时间: 16:09    | 🔄 迭代: 155
📍 位置: node_51    | 🔋 电量: 0.0% (0.0km)
💰 利润: ¥236.00   | ✅ 完成: 13 单
📦 背包: 空
💬 AI: Executed 1 tool call(s)

================================================================================
[对话轮次 #155] ASSISTANT
================================================================================

【Tool Calls】

  [1] search_nearby_orders
  Arguments:
    {
        "radius": 10
    }

================================================================================


--------------------------------------------------------------------------------
[对话轮次 #155] TOOL: search_nearby_orders
--------------------------------------------------------------------------------

【Result】
{
  "success": true,
  "data": {
    "orders": [
      {
        "id": "order_55",
        "type": "supermarket",
        "name": "[\"肉类\",\"清洁用品\",\"零食\"]",
        "deliveryFee": 14.792995515372604,
        "weight": 7.98796865157783,
        "itemPrice": 56.42938538454473,
        "pickupLocation": "node_75",
        "deliveryLocation": "node_31",
        "distance": 8,
        "estimatedTimeLimit": 35
      },
      {
        "id": "order_56",
        "type": "food",
        "name": "[\"川式煎鹅肝\"]",
        "deliveryFee": 15.956500979326666,
        "weight": 0.6403790711192414,
        "itemPrice": 40.313894329592586,
        "pickupLocation": "node_63",
        "deliveryLocation": "node_4",
        "distance": 12,
        "estimatedTimeLimit": 47
      }
    ]
  }
}

--------------------------------------------------------------------------------

[OrderGenerator] Removing 7 expired order(s): order_53, order_55, order_56, order_58, order_59, order_60, order_61
[AI Client] History limit reached. Trimmed to 100 non-system messages (removed 2 oldest messages)

──────────────────────────────────────────────────────────────────────
⏰ 时间: 16:09    | 🔄 迭代: 156
📍 位置: node_51    | 🔋 电量: 0.0% (0.0km)
💰 利润: ¥236.00   | ✅ 完成: 13 单
📦 背包: 空
💬 AI: Executed 1 tool call(s)

================================================================================
[对话轮次 #156] ASSISTANT
================================================================================

【Tool Calls】

  [1] calculate_distance
  Arguments:
    {
        "fromId": "node_51",
        "toId": "node_75"
    }

================================================================================


--------------------------------------------------------------------------------
[对话轮次 #156] TOOL: calculate_distance
--------------------------------------------------------------------------------

【Result】
{
  "success": true,
  "data": {
    "distance": 9,
    "path": [
      "node_51",
      "node_94",
      "node_43",
      "node_61",
      "node_98",
      "node_24",
      "node_75"
    ]
  }
}

--------------------------------------------------------------------------------

[AI Client] History limit reached. Trimmed to 100 non-system messages (removed 2 oldest messages)

──────────────────────────────────────────────────────────────────────
⏰ 时间: 16:09    | 🔄 迭代: 157
📍 位置: node_51    | 🔋 电量: 0.0% (0.0km)
💰 利润: ¥236.00   | ✅ 完成: 13 单
📦 背包: 空
💬 AI: Executed 1 tool call(s)

================================================================================
[对话轮次 #157] ASSISTANT
================================================================================

【Tool Calls】

  [1] calculate_distance
  Arguments:
    {
        "fromId": "node_51",
        "toId": "node_63"
    }

================================================================================


--------------------------------------------------------------------------------
[对话轮次 #157] TOOL: calculate_distance
--------------------------------------------------------------------------------

【Result】
{
  "success": true,
  "data": {
    "distance": 8.82842712474619,
    "path": [
      "node_51",
      "node_31",
      "node_52",
      "node_78",
      "node_35",
      "node_38",
      "node_97",
      "node_63"
    ]
  }
}

--------------------------------------------------------------------------------

[AI Client] History limit reached. Trimmed to 100 non-system messages (removed 2 oldest messages)

──────────────────────────────────────────────────────────────────────
⏰ 时间: 16:09    | 🔄 迭代: 158
📍 位置: node_51    | 🔋 电量: 0.0% (0.0km)
💰 利润: ¥236.00   | ✅ 完成: 13 单
📦 背包: 空
💬 AI: Executed 1 tool call(s)

================================================================================
[对话轮次 #158] ASSISTANT
================================================================================

【Tool Calls】

  [1] calculate_distance
  Arguments:
    {
        "fromId": "node_75",
        "toId": "node_31"
    }

================================================================================


--------------------------------------------------------------------------------
[对话轮次 #158] TOOL: calculate_distance
--------------------------------------------------------------------------------

【Result】
{
  "success": true,
  "data": {
    "distance": 8,
    "path": [
      "node_75",
      "node_87",
      "node_21",
      "node_72",
      "node_34",
      "node_31"
    ]
  }
}

--------------------------------------------------------------------------------

[AI Client] History limit reached. Trimmed to 100 non-system messages (removed 2 oldest messages)

──────────────────────────────────────────────────────────────────────
⏰ 时间: 16:09    | 🔄 迭代: 159
📍 位置: node_51    | 🔋 电量: 0.0% (0.0km)
💰 利润: ¥236.00   | ✅ 完成: 13 单
📦 背包: 空
💬 AI: Executed 1 tool call(s)

================================================================================
[对话轮次 #159] ASSISTANT
================================================================================

【Tool Calls】

  [1] calculate_distance
  Arguments:
    {
        "fromId": "node_63",
        "toId": "node_4"
    }

================================================================================


--------------------------------------------------------------------------------
[对话轮次 #159] TOOL: calculate_distance
--------------------------------------------------------------------------------

【Result】
{
  "success": true,
  "data": {
    "distance": 12,
    "path": [
      "node_63",
      "node_46",
      "node_92",
      "node_10",
      "node_12",
      "node_45",
      "node_4"
    ]
  }
}

--------------------------------------------------------------------------------

[AI Client] History limit reached. Trimmed to 100 non-system messages (removed 2 oldest messages)

──────────────────────────────────────────────────────────────────────
⏰ 时间: 16:09    | 🔄 迭代: 160
📍 位置: node_51    | 🔋 电量: 0.0% (0.0km)
💰 利润: ¥236.00   | ✅ 完成: 13 单
📦 背包: 空
💬 AI: Executed 1 tool call(s)

================================================================================
[对话轮次 #160] ASSISTANT
================================================================================

【Tool Calls】

  [1] search_nearby_battery_stations
  Arguments:
    {
        "radius": 10
    }

================================================================================


--------------------------------------------------------------------------------
[对话轮次 #160] TOOL: search_nearby_battery_stations
--------------------------------------------------------------------------------

【Result】
{
  "success": true,
  "data": {
    "stations": [
      {
        "id": "node_21",
        "name": "换电站_21",
        "distance": 5,
        "estimatedTime": 10,
        "position": {
          "x": 5,
          "y": 3
        }
      },
      {
        "id": "node_2",
        "name": "换电站_2",
        "distance": 5.414213562373095,
        "estimatedTime": 10.82842712474619,
        "position": {
          "x": 5,
          "y": 4
        }
      },
      {
        "id": "node_44",
        "name": "换电站_44",
        "distance": 6,
        "estimatedTime": 12,
        "position": {
          "x": 6,
          "y": 1
        }
      },
      {
        "id": "node_97",
        "name": "换电站_97",
        "distance": 7.82842712474619,
        "estimatedTime": 15.65685424949238,
        "position": {
          "x": 3,
          "y": 9
        }
      },
      {
        "id": "node_32",
        "name": "换电站_32",
        "distance": 9.414213562373096,
        "estimatedTime": 18.82842712474619,
        "position": {
          "x": 2,
          "y": 11
        }
      }
    ]
  }
}

--------------------------------------------------------------------------------

[AI Client] History limit reached. Trimmed to 100 non-system messages (removed 2 oldest messages)

──────────────────────────────────────────────────────────────────────
⏰ 时间: 16:09    | 🔄 迭代: 161
📍 位置: node_51    | 🔋 电量: 0.0% (0.0km)
💰 利润: ¥236.00   | ✅ 完成: 13 单
📦 背包: 空
💬 AI: Executed 1 tool call(s)

================================================================================
[对话轮次 #161] ASSISTANT
================================================================================

【Tool Calls】

  [1] calculate_distance
  Arguments:
    {
        "fromId": "node_51",
        "toId": "node_21"
    }

================================================================================


--------------------------------------------------------------------------------
[对话轮次 #161] TOOL: calculate_distance
--------------------------------------------------------------------------------

【Result】
{
  "success": true,
  "data": {
    "distance": 5,
    "path": [
      "node_51",
      "node_31",
      "node_34",
      "node_72",
      "node_21"
    ]
  }
}

--------------------------------------------------------------------------------

[AI Client] History limit reached. Trimmed to 100 non-system messages (removed 2 oldest messages)

──────────────────────────────────────────────────────────────────────
⏰ 时间: 16:09    | 🔄 迭代: 162
📍 位置: node_51    | 🔋 电量: 0.0% (0.0km)
💰 利润: ¥236.00   | ✅ 完成: 13 单
📦 背包: 空
💬 AI: Executed 1 tool call(s)

================================================================================
[对话轮次 #162] ASSISTANT
================================================================================

【Tool Calls】

  [1] calculate_distance
  Arguments:
    {
        "fromId": "node_21",
        "toId": "node_63"
    }

================================================================================


--------------------------------------------------------------------------------
[对话轮次 #162] TOOL: calculate_distance
--------------------------------------------------------------------------------

【Result】
{
  "success": true,
  "data": {
    "distance": 7,
    "path": [
      "node_21",
      "node_2",
      "node_30",
      "node_74",
      "node_63"
    ]
  }
}

--------------------------------------------------------------------------------

[AI Client] History limit reached. Trimmed to 100 non-system messages (removed 2 oldest messages)

──────────────────────────────────────────────────────────────────────
⏰ 时间: 16:09    | 🔄 迭代: 163
📍 位置: node_51    | 🔋 电量: 0.0% (0.0km)
💰 利润: ¥236.00   | ✅ 完成: 13 单
📦 背包: 空
💬 AI: Executed 1 tool call(s)

================================================================================
[对话轮次 #163] ASSISTANT
================================================================================

【Tool Calls】

  [1] accept_order
  Arguments:
    {
        "orderId": "order_55"
    }

================================================================================


--------------------------------------------------------------------------------
[对话轮次 #163] TOOL: accept_order
--------------------------------------------------------------------------------

【Result】
{
  "success": false,
  "error": {
    "code": "INVALID_ORDER",
    "message": "Order not found: order_55",
    "details": {
      "orderId": "order_55"
    }
  }
}

--------------------------------------------------------------------------------

[AI Client] History limit reached. Trimmed to 100 non-system messages (removed 2 oldest messages)

──────────────────────────────────────────────────────────────────────
⏰ 时间: 16:09    | 🔄 迭代: 164
📍 位置: node_51    | 🔋 电量: 0.0% (0.0km)
💰 利润: ¥236.00   | ✅ 完成: 13 单
📦 背包: 空
💬 AI: Executed 1 tool call(s)

================================================================================
[对话轮次 #164] ASSISTANT
================================================================================

【Tool Calls】

  [1] search_nearby_orders
  Arguments:
    {
        "radius": 10
    }

================================================================================


--------------------------------------------------------------------------------
[对话轮次 #164] TOOL: search_nearby_orders
--------------------------------------------------------------------------------

【Result】
{
  "success": true,
  "data": {
    "orders": []
  }
}

--------------------------------------------------------------------------------

[AI Client] History limit reached. Trimmed to 100 non-system messages (removed 2 oldest messages)

──────────────────────────────────────────────────────────────────────
⏰ 时间: 16:39    | 🔄 迭代: 165
📍 位置: node_21    | 🔋 电量: 0.0% (0.0km)
💰 利润: ¥236.00   | ✅ 完成: 13 单
📦 背包: 空
💬 AI: Executed 1 tool call(s)

================================================================================
[对话轮次 #165] ASSISTANT
================================================================================

【Tool Calls】

  [1] move_to
  Arguments:
    {
        "targetLocationId": "node_21"
    }

================================================================================


--------------------------------------------------------------------------------
[对话轮次 #165] TOOL: move_to
--------------------------------------------------------------------------------

【Result】
{
  "success": true,
  "data": {
    "success": true,
    "timeCost": 30,
    "batteryCost": 0,
    "newPosition": "node_21",
    "distance": 5,
    "pushedDistance": 5
  }
}

--------------------------------------------------------------------------------

[AI Client] History limit reached. Trimmed to 100 non-system messages (removed 2 oldest messages)

──────────────────────────────────────────────────────────────────────
⏰ 时间: 16:40    | 🔄 迭代: 166
📍 位置: node_21    | 🔋 电量: 100.0% (50.0km)
💰 利润: ¥235.50   | ✅ 完成: 13 单
📦 背包: 空
💬 AI: Executed 1 tool call(s)

================================================================================
[对话轮次 #166] ASSISTANT
================================================================================

【Tool Calls】

  [1] swap_battery
  Arguments:
    {}

================================================================================


--------------------------------------------------------------------------------
[对话轮次 #166] TOOL: swap_battery
--------------------------------------------------------------------------------

【Result】
{
  "success": true,
  "data": {
    "success": true,
    "cost": 0.5,
    "timeCost": 1,
    "newBattery": 100
  }
}

--------------------------------------------------------------------------------

[AI Client] History limit reached. Trimmed to 100 non-system messages (removed 2 oldest messages)

──────────────────────────────────────────────────────────────────────
⏰ 时间: 16:40    | 🔄 迭代: 167
📍 位置: node_21    | 🔋 电量: 100.0% (50.0km)
💰 利润: ¥235.50   | ✅ 完成: 13 单
📦 背包: 空
💬 AI: Executed 1 tool call(s)

================================================================================
[对话轮次 #167] ASSISTANT
================================================================================

【Tool Calls】

  [1] search_nearby_orders
  Arguments:
    {
        "radius": 10
    }

================================================================================


--------------------------------------------------------------------------------
[对话轮次 #167] TOOL: search_nearby_orders
--------------------------------------------------------------------------------

【Result】
{
  "success": true,
  "data": {
    "orders": [
      {
        "id": "order_62",
        "type": "supermarket",
        "name": "[\"零食\",\"肉类\",\"日用品\",\"水果\"]",
        "deliveryFee": 14.443759584985674,
        "weight": 8.81869197357446,
        "itemPrice": 54.37505638226867,
        "pickupLocation": "node_67",
        "deliveryLocation": "node_25",
        "distance": 8,
        "estimatedTimeLimit": 35
      },
      {
        "id": "order_67",
        "type": "supermarket",
        "name": "[\"零食\",\"日用品\"]",
        "deliveryFee": 24.29171561785042,
        "weight": 9.786554725142196,
        "itemPrice": 94.65715069323778,
        "pickupLocation": "node_70",
        "deliveryLocation": "node_99",
        "distance": 11,
        "estimatedTimeLimit": 44
      }
    ]
  }
}

--------------------------------------------------------------------------------

[AI Client] History limit reached. Trimmed to 100 non-system messages (removed 2 oldest messages)

──────────────────────────────────────────────────────────────────────
⏰ 时间: 16:40    | 🔄 迭代: 168
📍 位置: node_21    | 🔋 电量: 100.0% (50.0km)
💰 利润: ¥235.50   | ✅ 完成: 13 单
📦 背包: 空
💬 AI: Executed 1 tool call(s)

================================================================================
[对话轮次 #168] ASSISTANT
================================================================================

【Tool Calls】

  [1] calculate_distance
  Arguments:
    {
        "fromId": "node_21",
        "toId": "node_67"
    }

================================================================================


--------------------------------------------------------------------------------
[对话轮次 #168] TOOL: calculate_distance
--------------------------------------------------------------------------------

【Result】
{
  "success": true,
  "data": {
    "distance": 7,
    "path": [
      "node_21",
      "node_2",
      "node_10",
      "node_92",
      "node_46",
      "node_67"
    ]
  }
}

--------------------------------------------------------------------------------

[AI Client] History limit reached. Trimmed to 100 non-system messages (removed 2 oldest messages)

──────────────────────────────────────────────────────────────────────
⏰ 时间: 16:40    | 🔄 迭代: 169
📍 位置: node_21    | 🔋 电量: 100.0% (50.0km)
💰 利润: ¥235.50   | ✅ 完成: 13 单
📦 背包: 空
💬 AI: Executed 1 tool call(s)

================================================================================
[对话轮次 #169] ASSISTANT
================================================================================

【Tool Calls】

  [1] calculate_distance
  Arguments:
    {
        "fromId": "node_67",
        "toId": "node_25"
    }

================================================================================


--------------------------------------------------------------------------------
[对话轮次 #169] TOOL: calculate_distance
--------------------------------------------------------------------------------

【Result】
{
  "success": true,
  "data": {
    "distance": 8,
    "path": [
      "node_67",
      "node_50",
      "node_18",
      "node_8",
      "node_20",
      "node_40",
      "node_25"
    ]
  }
}

--------------------------------------------------------------------------------

[AI Client] History limit reached. Trimmed to 100 non-system messages (removed 2 oldest messages)

──────────────────────────────────────────────────────────────────────
⏰ 时间: 16:40    | 🔄 迭代: 170
📍 位置: node_21    | 🔋 电量: 100.0% (50.0km)
💰 利润: ¥235.50   | ✅ 完成: 13 单
📦 背包: 空
💬 AI: Executed 1 tool call(s)

================================================================================
[对话轮次 #170] ASSISTANT
================================================================================

【Tool Calls】

  [1] calculate_distance
  Arguments:
    {
        "fromId": "node_21",
        "toId": "node_70"
    }

================================================================================


--------------------------------------------------------------------------------
[对话轮次 #170] TOOL: calculate_distance
--------------------------------------------------------------------------------

【Result】
{
  "success": true,
  "data": {
    "distance": 7,
    "path": [
      "node_21",
      "node_2",
      "node_10",
      "node_92",
      "node_46",
      "node_70"
    ]
  }
}

--------------------------------------------------------------------------------

[AI Client] History limit reached. Trimmed to 100 non-system messages (removed 2 oldest messages)

──────────────────────────────────────────────────────────────────────
⏰ 时间: 16:40    | 🔄 迭代: 171
📍 位置: node_21    | 🔋 电量: 100.0% (50.0km)
💰 利润: ¥235.50   | ✅ 完成: 13 单
📦 背包: 空
💬 AI: Executed 1 tool call(s)

================================================================================
[对话轮次 #171] ASSISTANT
================================================================================

【Tool Calls】

  [1] calculate_distance
  Arguments:
    {
        "fromId": "node_70",
        "toId": "node_99"
    }

================================================================================


--------------------------------------------------------------------------------
[对话轮次 #171] TOOL: calculate_distance
--------------------------------------------------------------------------------

【Result】
{
  "success": true,
  "data": {
    "distance": 11,
    "path": [
      "node_70",
      "node_80",
      "node_89",
      "node_36",
      "node_3",
      "node_99"
    ]
  }
}

--------------------------------------------------------------------------------

[AI Client] History limit reached. Trimmed to 100 non-system messages (removed 2 oldest messages)

──────────────────────────────────────────────────────────────────────
⏰ 时间: 16:40    | 🔄 迭代: 172
📍 位置: node_21    | 🔋 电量: 100.0% (50.0km)
💰 利润: ¥235.50   | ✅ 完成: 13 单
📦 背包: 1/5 单 | ⚖️  重量: 9.79/10kg
   1. order_67 🛒 ⏳待取餐 - 9.79kg - ¥24.29
💬 AI: Executed 1 tool call(s)

================================================================================
[对话轮次 #172] ASSISTANT
================================================================================

【Tool Calls】

  [1] accept_order
  Arguments:
    {
        "orderId": "order_67"
    }

================================================================================


--------------------------------------------------------------------------------
[对话轮次 #172] TOOL: accept_order
--------------------------------------------------------------------------------

【Result】
{
  "success": true,
  "data": {
    "success": true,
    "order": {
      "id": "order_67",
      "type": "supermarket",
      "name": "[\"零食\",\"日用品\"]",
      "pickupLocation": "node_70",
      "deliveryLocation": "node_99",
      "distance": 11,
      "itemPrice": 94.65715069323778,
      "deliveryFee": 24.29171561785042,
      "weight": 9.786554725142196,
      "timeLimit": 44,
      "createdAt": 999.9380951166246,
      "pickedUp": false,
      "delivered": false,
      "acceptedAt": 1000.9380951166246,
      "deadline": 1044.9380951166245
    }
  }
}

--------------------------------------------------------------------------------

[AI Client] History limit reached. Trimmed to 100 non-system messages (removed 2 oldest messages)

──────────────────────────────────────────────────────────────────────
⏰ 时间: 16:54    | 🔄 迭代: 173
📍 位置: node_70    | 🔋 电量: 86.0% (43.0km)
💰 利润: ¥235.50   | ✅ 完成: 13 单
📦 背包: 1/5 单 | ⚖️  重量: 9.79/10kg
   1. order_67 🛒 ⏳待取餐 - 9.79kg - ¥24.29
💬 AI: Executed 1 tool call(s)

================================================================================
[对话轮次 #173] ASSISTANT
================================================================================

【Tool Calls】

  [1] move_to
  Arguments:
    {
        "targetLocationId": "node_70"
    }

================================================================================


--------------------------------------------------------------------------------
[对话轮次 #173] TOOL: move_to
--------------------------------------------------------------------------------

【Result】
{
  "success": true,
  "data": {
    "success": true,
    "timeCost": 14,
    "batteryCost": 14,
    "newPosition": "node_70",
    "distance": 7
  }
}

--------------------------------------------------------------------------------

[AI Client] History limit reached. Trimmed to 100 non-system messages (removed 2 oldest messages)

──────────────────────────────────────────────────────────────────────
⏰ 时间: 16:56    | 🔄 迭代: 174
📍 位置: node_70    | 🔋 电量: 86.0% (43.0km)
💰 利润: ¥235.50   | ✅ 完成: 13 单
📦 背包: 1/5 单 | ⚖️  重量: 9.79/10kg
   1. order_67 🛒 ✓已取餐 - 9.79kg - ¥24.29
💬 AI: Executed 1 tool call(s)

================================================================================
[对话轮次 #174] ASSISTANT
================================================================================

【Tool Calls】

  [1] pickup_food
  Arguments:
    {
        "orderId": "order_67"
    }

================================================================================


--------------------------------------------------------------------------------
[对话轮次 #174] TOOL: pickup_food
--------------------------------------------------------------------------------

【Result】
{
  "success": true,
  "data": {
    "success": true,
    "timeCost": 2
  }
}

--------------------------------------------------------------------------------

[AI Client] History limit reached. Trimmed to 100 non-system messages (removed 2 oldest messages)

──────────────────────────────────────────────────────────────────────
⏰ 时间: 17:18    | 🔄 迭代: 175
📍 位置: node_99    | 🔋 电量: 64.0% (32.0km)
💰 利润: ¥235.50   | ✅ 完成: 13 单
📦 背包: 1/5 单 | ⚖️  重量: 9.79/10kg
   1. order_67 🛒 ✓已取餐 - 9.79kg - ¥24.29
💬 AI: Executed 1 tool call(s)

================================================================================
[对话轮次 #175] ASSISTANT
================================================================================

【Tool Calls】

  [1] move_to
  Arguments:
    {
        "targetLocationId": "node_99"
    }

================================================================================


--------------------------------------------------------------------------------
[对话轮次 #175] TOOL: move_to
--------------------------------------------------------------------------------

【Result】
{
  "success": true,
  "data": {
    "success": true,
    "timeCost": 22,
    "batteryCost": 22,
    "newPosition": "node_99",
    "distance": 11
  }
}

--------------------------------------------------------------------------------

[OrderGenerator] Removing 6 expired order(s): order_62, order_63, order_64, order_65, order_66, order_69
[AI Client] History limit reached. Trimmed to 100 non-system messages (removed 2 oldest messages)

──────────────────────────────────────────────────────────────────────
✅ 订单完成: order_67 🛒
   配送费: ¥24.29
   实际收入: ¥24.29
   状态: 准时完成
──────────────────────────────────────────────────────────────────────

──────────────────────────────────────────────────────────────────────
⏰ 时间: 17:19    | 🔄 迭代: 176
📍 位置: node_99    | 🔋 电量: 64.0% (32.0km)
💰 利润: ¥259.79   | ✅ 完成: 14 单
📦 背包: 空
💬 AI: Executed 1 tool call(s)

================================================================================
[对话轮次 #176] ASSISTANT
================================================================================

【Tool Calls】

  [1] deliver_food
  Arguments:
    {
        "orderId": "order_67"
    }

================================================================================


--------------------------------------------------------------------------------
[对话轮次 #176] TOOL: deliver_food
--------------------------------------------------------------------------------

【Result】
{
  "success": true,
  "data": {
    "success": true,
    "payment": 24.29171561785042,
    "overtime": 0,
    "penalty": 0,
    "timeCost": 1
  }
}

--------------------------------------------------------------------------------

[AI Client] History limit reached. Trimmed to 100 non-system messages (removed 2 oldest messages)

──────────────────────────────────────────────────────────────────────
⏰ 时间: 17:19    | 🔄 迭代: 177
📍 位置: node_99    | 🔋 电量: 64.0% (32.0km)
💰 利润: ¥259.79   | ✅ 完成: 14 单
📦 背包: 空
💬 AI: Executed 1 tool call(s)

================================================================================
[对话轮次 #177] ASSISTANT
================================================================================

【Tool Calls】

  [1] search_nearby_orders
  Arguments:
    {
        "radius": 5
    }

================================================================================


--------------------------------------------------------------------------------
[对话轮次 #177] TOOL: search_nearby_orders
--------------------------------------------------------------------------------

【Result】
{
  "success": true,
  "data": {
    "orders": []
  }
}

--------------------------------------------------------------------------------

[AI Client] History limit reached. Trimmed to 100 non-system messages (removed 2 oldest messages)

──────────────────────────────────────────────────────────────────────
⏰ 时间: 17:19    | 🔄 迭代: 178
📍 位置: node_99    | 🔋 电量: 64.0% (32.0km)
💰 利润: ¥259.79   | ✅ 完成: 14 单
📦 背包: 空
💬 AI: Executed 1 tool call(s)

================================================================================
[对话轮次 #178] ASSISTANT
================================================================================

【Tool Calls】

  [1] search_nearby_orders
  Arguments:
    {
        "radius": 10
    }

================================================================================


--------------------------------------------------------------------------------
[对话轮次 #178] TOOL: search_nearby_orders
--------------------------------------------------------------------------------

【Result】
{
  "success": true,
  "data": {
    "orders": []
  }
}

--------------------------------------------------------------------------------

[AI Client] History limit reached. Trimmed to 100 non-system messages (removed 2 oldest messages)
[OrderGenerator] Removing 1 expired order(s): order_70

──────────────────────────────────────────────────────────────────────
⏰ 时间: 17:29    | 🔄 迭代: 179
📍 位置: node_99    | 🔋 电量: 64.0% (32.0km)
💰 利润: ¥259.79   | ✅ 完成: 14 单
📦 背包: 空
💬 AI: Executed 1 tool call(s)

================================================================================
[对话轮次 #179] ASSISTANT
================================================================================

【Tool Calls】

  [1] wait
  Arguments:
    {
        "minutes": 5
    }

================================================================================


--------------------------------------------------------------------------------
[对话轮次 #179] TOOL: wait
--------------------------------------------------------------------------------

【Result】
{
  "success": true,
  "data": {
    "success": true,
    "timeCost": 5,
    "previousTime": 1039.9380951166245,
    "currentTime": 1044.9380951166245,
    "newOrdersGenerated": 1,
    "expiredOrders": 0,
    "message": "Waited 5 minutes. Time advanced from 17:19.93809511662448 to 17:24.93809511662448."
  }
}

--------------------------------------------------------------------------------

[AI Client] History limit reached. Trimmed to 100 non-system messages (removed 2 oldest messages)

──────────────────────────────────────────────────────────────────────
⏰ 时间: 17:29    | 🔄 迭代: 180
📍 位置: node_99    | 🔋 电量: 64.0% (32.0km)
💰 利润: ¥259.79   | ✅ 完成: 14 单
📦 背包: 空
💬 AI: Executed 1 tool call(s)

================================================================================
[对话轮次 #180] ASSISTANT
================================================================================

【Tool Calls】

  [1] search_nearby_orders
  Arguments:
    {
        "radius": 10
    }

================================================================================


--------------------------------------------------------------------------------
[对话轮次 #180] TOOL: search_nearby_orders
--------------------------------------------------------------------------------

【Result】
{
  "success": true,
  "data": {
    "orders": []
  }
}

--------------------------------------------------------------------------------

[AI Client] History limit reached. Trimmed to 100 non-system messages (removed 2 oldest messages)

──────────────────────────────────────────────────────────────────────
⏰ 时间: 17:39    | 🔄 迭代: 181
📍 位置: node_99    | 🔋 电量: 64.0% (32.0km)
💰 利润: ¥259.79   | ✅ 完成: 14 单
📦 背包: 空
💬 AI: Executed 1 tool call(s)

================================================================================
[对话轮次 #181] ASSISTANT
================================================================================

【Tool Calls】

  [1] wait
  Arguments:
    {
        "minutes": 5
    }

================================================================================


--------------------------------------------------------------------------------
[对话轮次 #181] TOOL: wait
--------------------------------------------------------------------------------

【Result】
{
  "success": true,
  "data": {
    "success": true,
    "timeCost": 5,
    "previousTime": 1049.9380951166245,
    "currentTime": 1054.9380951166245,
    "newOrdersGenerated": 2,
    "expiredOrders": 0,
    "message": "Waited 5 minutes. Time advanced from 17:29.93809511662448 to 17:34.93809511662448."
  }
}

--------------------------------------------------------------------------------

[AI Client] History limit reached. Trimmed to 100 non-system messages (removed 2 oldest messages)

──────────────────────────────────────────────────────────────────────
⏰ 时间: 17:39    | 🔄 迭代: 182
📍 位置: node_99    | 🔋 电量: 64.0% (32.0km)
💰 利润: ¥259.79   | ✅ 完成: 14 单
📦 背包: 空
💬 AI: Executed 1 tool call(s)

================================================================================
[对话轮次 #182] ASSISTANT
================================================================================

【Tool Calls】

  [1] search_nearby_orders
  Arguments:
    {
        "radius": 10
    }

================================================================================


--------------------------------------------------------------------------------
[对话轮次 #182] TOOL: search_nearby_orders
--------------------------------------------------------------------------------

【Result】
{
  "success": true,
  "data": {
    "orders": [
      {
        "id": "order_76",
        "type": "food",
        "name": "[\"孜然辣汁焖牛腩\",\"狮子头面\"]",
        "deliveryFee": 19.23861037188908,
        "weight": 0.9364700436126441,
        "itemPrice": 53.16829630522989,
        "pickupLocation": "node_71",
        "deliveryLocation": "node_55",
        "distance": 13,
        "estimatedTimeLimit": 50
      },
      {
        "id": "order_77",
        "type": "food",
        "name": "[\"一鸡三吃\",\"三星金六福\"]",
        "deliveryFee": 11.023760756105185,
        "weight": 0.5103471815818921,
        "itemPrice": 66.61035738885403,
        "pickupLocation": "node_14",
        "deliveryLocation": "node_8",
        "distance": 3,
        "estimatedTimeLimit": 20
      },
      {
        "id": "order_79",
        "type": "food",
        "name": "[\"干锅鸡胗\",\"鸡丝炒乌冬\"]",
        "deliveryFee": 14.260259926621803,
        "weight": 0.9672924183541909,
        "itemPrice": 47.556999592343345,
        "pickupLocation": "node_71",
        "deliveryLocation": "node_95",
        "distance": 9,
        "estimatedTimeLimit": 38
      },
      {
        "id": "order_80",
        "type": "supermarket",
        "name": "[\"肉类\",\"日用品\",\"调味品\"]",
        "deliveryFee": 23.808798408601433,
        "weight": 6.078513745451346,
        "itemPrice": 127.11057887412608,
        "pickupLocation": "node_85",
        "deliveryLocation": "node_8",
        "distance": 5,
        "estimatedTimeLimit": 26
      }
    ]
  }
}

--------------------------------------------------------------------------------

[AI Client] History limit reached. Trimmed to 100 non-system messages (removed 2 oldest messages)

──────────────────────────────────────────────────────────────────────
⏰ 时间: 17:39    | 🔄 迭代: 183
📍 位置: node_99    | 🔋 电量: 64.0% (32.0km)
💰 利润: ¥259.79   | ✅ 完成: 14 单
📦 背包: 空
💬 AI: Executed 1 tool call(s)

================================================================================
[对话轮次 #183] ASSISTANT
================================================================================

【Tool Calls】

  [1] calculate_distance
  Arguments:
    {
        "fromId": "node_99",
        "toId": "node_71"
    }

================================================================================


--------------------------------------------------------------------------------
[对话轮次 #183] TOOL: calculate_distance
--------------------------------------------------------------------------------

【Result】
{
  "success": true,
  "data": {
    "distance": 6,
    "path": [
      "node_99",
      "node_9",
      "node_25",
      "node_40",
      "node_71"
    ]
  }
}

--------------------------------------------------------------------------------

[AI Client] History limit reached. Trimmed to 100 non-system messages (removed 2 oldest messages)

──────────────────────────────────────────────────────────────────────
⏰ 时间: 17:39    | 🔄 迭代: 184
📍 位置: node_99    | 🔋 电量: 64.0% (32.0km)
💰 利润: ¥259.79   | ✅ 完成: 14 单
📦 背包: 空
💬 AI: Executed 1 tool call(s)

================================================================================
[对话轮次 #184] ASSISTANT
================================================================================

【Tool Calls】

  [1] calculate_distance
  Arguments:
    {
        "fromId": "node_99",
        "toId": "node_14"
    }

================================================================================


--------------------------------------------------------------------------------
[对话轮次 #184] TOOL: calculate_distance
--------------------------------------------------------------------------------

【Result】
{
  "success": true,
  "data": {
    "distance": 10,
    "path": [
      "node_99",
      "node_3",
      "node_56",
      "node_29",
      "node_20",
      "node_8",
      "node_18",
      "node_17",
      "node_14"
    ]
  }
}

--------------------------------------------------------------------------------

[AI Client] History limit reached. Trimmed to 100 non-system messages (removed 2 oldest messages)

──────────────────────────────────────────────────────────────────────
⏰ 时间: 17:39    | 🔄 迭代: 185
📍 位置: node_99    | 🔋 电量: 64.0% (32.0km)
💰 利润: ¥259.79   | ✅ 完成: 14 单
📦 背包: 空
💬 AI: Executed 1 tool call(s)

================================================================================
[对话轮次 #185] ASSISTANT
================================================================================

【Tool Calls】

  [1] calculate_distance
  Arguments:
    {
        "fromId": "node_99",
        "toId": "node_85"
    }

================================================================================


--------------------------------------------------------------------------------
[对话轮次 #185] TOOL: calculate_distance
--------------------------------------------------------------------------------

【Result】
{
  "success": true,
  "data": {
    "distance": 4,
    "path": [
      "node_99",
      "node_91",
      "node_85"
    ]
  }
}

--------------------------------------------------------------------------------

[AI Client] History limit reached. Trimmed to 100 non-system messages (removed 2 oldest messages)

──────────────────────────────────────────────────────────────────────
⏰ 时间: 17:39    | 🔄 迭代: 186
📍 位置: node_99    | 🔋 电量: 64.0% (32.0km)
💰 利润: ¥259.79   | ✅ 完成: 14 单
📦 背包: 空
💬 AI: Executed 1 tool call(s)

================================================================================
[对话轮次 #186] ASSISTANT
================================================================================

【Tool Calls】

  [1] calculate_distance
  Arguments:
    {
        "fromId": "node_85",
        "toId": "node_8"
    }

================================================================================


--------------------------------------------------------------------------------
[对话轮次 #186] TOOL: calculate_distance
--------------------------------------------------------------------------------

【Result】
{
  "success": true,
  "data": {
    "distance": 5,
    "path": [
      "node_85",
      "node_29",
      "node_20",
      "node_8"
    ]
  }
}

--------------------------------------------------------------------------------

[AI Client] History limit reached. Trimmed to 100 non-system messages (removed 2 oldest messages)

──────────────────────────────────────────────────────────────────────
⏰ 时间: 17:39    | 🔄 迭代: 187
📍 位置: node_99    | 🔋 电量: 64.0% (32.0km)
💰 利润: ¥259.79   | ✅ 完成: 14 单
📦 背包: 空
💬 AI: Executed 1 tool call(s)

================================================================================
[对话轮次 #187] ASSISTANT
================================================================================

【Tool Calls】

  [1] calculate_distance
  Arguments:
    {
        "fromId": "node_14",
        "toId": "node_8"
    }

================================================================================


--------------------------------------------------------------------------------
[对话轮次 #187] TOOL: calculate_distance
--------------------------------------------------------------------------------

【Result】
{
  "success": true,
  "data": {
    "distance": 3,
    "path": [
      "node_14",
      "node_17",
      "node_18",
      "node_8"
    ]
  }
}

--------------------------------------------------------------------------------

[AI Client] History limit reached. Trimmed to 100 non-system messages (removed 2 oldest messages)

──────────────────────────────────────────────────────────────────────
⏰ 时间: 17:39    | 🔄 迭代: 188
📍 位置: node_99    | 🔋 电量: 64.0% (32.0km)
💰 利润: ¥259.79   | ✅ 完成: 14 单
📦 背包: 空
💬 AI: Executed 1 tool call(s)

================================================================================
[对话轮次 #188] ASSISTANT
================================================================================

【Tool Calls】

  [1] calculate_distance
  Arguments:
    {
        "fromId": "node_71",
        "toId": "node_55"
    }

================================================================================


--------------------------------------------------------------------------------
[对话轮次 #188] TOOL: calculate_distance
--------------------------------------------------------------------------------

【Result】
{
  "success": true,
  "data": {
    "distance": 13,
    "path": [
      "node_71",
      "node_81",
      "node_41",
      "node_17",
      "node_14",
      "node_50",
      "node_80",
      "node_70",
      "node_55"
    ]
  }
}

--------------------------------------------------------------------------------

[AI Client] History limit reached. Trimmed to 100 non-system messages (removed 2 oldest messages)

──────────────────────────────────────────────────────────────────────
⏰ 时间: 17:39    | 🔄 迭代: 189
📍 位置: node_99    | 🔋 电量: 64.0% (32.0km)
💰 利润: ¥259.79   | ✅ 完成: 14 单
📦 背包: 空
💬 AI: Executed 1 tool call(s)

================================================================================
[对话轮次 #189] ASSISTANT
================================================================================

【Tool Calls】

  [1] calculate_distance
  Arguments:
    {
        "fromId": "node_71",
        "toId": "node_95"
    }

================================================================================


--------------------------------------------------------------------------------
[对话轮次 #189] TOOL: calculate_distance
--------------------------------------------------------------------------------

【Result】
{
  "success": true,
  "data": {
    "distance": 9,
    "path": [
      "node_71",
      "node_40",
      "node_56",
      "node_3",
      "node_36",
      "node_95"
    ]
  }
}

--------------------------------------------------------------------------------

[AI Client] History limit reached. Trimmed to 100 non-system messages (removed 2 oldest messages)

──────────────────────────────────────────────────────────────────────
⏰ 时间: 17:39    | 🔄 迭代: 190
📍 位置: node_99    | 🔋 电量: 64.0% (32.0km)
💰 利润: ¥259.79   | ✅ 完成: 14 单
📦 背包: 1/5 单 | ⚖️  重量: 6.08/10kg
   1. order_80 🛒 ⏳待取餐 - 6.08kg - ¥23.81
💬 AI: Executed 1 tool call(s)

================================================================================
[对话轮次 #190] ASSISTANT
================================================================================

【Tool Calls】

  [1] accept_order
  Arguments:
    {
        "orderId": "order_80"
    }

================================================================================


--------------------------------------------------------------------------------
[对话轮次 #190] TOOL: accept_order
--------------------------------------------------------------------------------

【Result】
{
  "success": true,
  "data": {
    "success": true,
    "order": {
      "id": "order_80",
      "type": "supermarket",
      "name": "[\"肉类\",\"日用品\",\"调味品\"]",
      "pickupLocation": "node_85",
      "deliveryLocation": "node_8",
      "distance": 5,
      "itemPrice": 127.11057887412608,
      "deliveryFee": 23.808798408601433,
      "weight": 6.078513745451346,
      "timeLimit": 26,
      "createdAt": 1054.9380951166245,
      "pickedUp": false,
      "delivered": false,
      "acceptedAt": 1059.9380951166245,
      "deadline": 1085.9380951166245
    }
  }
}

--------------------------------------------------------------------------------

[AI Client] History limit reached. Trimmed to 100 non-system messages (removed 2 oldest messages)

──────────────────────────────────────────────────────────────────────
⏰ 时间: 17:47    | 🔄 迭代: 191
📍 位置: node_85    | 🔋 电量: 56.0% (28.0km)
💰 利润: ¥259.79   | ✅ 完成: 14 单
📦 背包: 1/5 单 | ⚖️  重量: 6.08/10kg
   1. order_80 🛒 ⏳待取餐 - 6.08kg - ¥23.81
💬 AI: Executed 1 tool call(s)

================================================================================
[对话轮次 #191] ASSISTANT
================================================================================

【Tool Calls】

  [1] move_to
  Arguments:
    {
        "targetLocationId": "node_85"
    }

================================================================================


--------------------------------------------------------------------------------
[对话轮次 #191] TOOL: move_to
--------------------------------------------------------------------------------

【Result】
{
  "success": true,
  "data": {
    "success": true,
    "timeCost": 8,
    "batteryCost": 8,
    "newPosition": "node_85",
    "distance": 4
  }
}

--------------------------------------------------------------------------------

[AI Client] History limit reached. Trimmed to 100 non-system messages (removed 2 oldest messages)

──────────────────────────────────────────────────────────────────────
⏰ 时间: 17:49    | 🔄 迭代: 192
📍 位置: node_85    | 🔋 电量: 56.0% (28.0km)
💰 利润: ¥259.79   | ✅ 完成: 14 单
📦 背包: 1/5 单 | ⚖️  重量: 6.08/10kg
   1. order_80 🛒 ✓已取餐 - 6.08kg - ¥23.81
💬 AI: Executed 1 tool call(s)

================================================================================
[对话轮次 #192] ASSISTANT
================================================================================

【Tool Calls】

  [1] pickup_food
  Arguments:
    {
        "orderId": "order_80"
    }

================================================================================


--------------------------------------------------------------------------------
[对话轮次 #192] TOOL: pickup_food
--------------------------------------------------------------------------------

【Result】
{
  "success": true,
  "data": {
    "success": true,
    "timeCost": 2
  }
}

--------------------------------------------------------------------------------

[AI Client] History limit reached. Trimmed to 100 non-system messages (removed 2 oldest messages)

──────────────────────────────────────────────────────────────────────
⏰ 时间: 17:59    | 🔄 迭代: 193
📍 位置: node_8     | 🔋 电量: 46.0% (23.0km)
💰 利润: ¥259.79   | ✅ 完成: 14 单
📦 背包: 1/5 单 | ⚖️  重量: 6.08/10kg
   1. order_80 🛒 ✓已取餐 - 6.08kg - ¥23.81
💬 AI: Executed 1 tool call(s)

================================================================================
[对话轮次 #193] ASSISTANT
================================================================================

【Tool Calls】

  [1] move_to
  Arguments:
    {
        "targetLocationId": "node_8"
    }

================================================================================


--------------------------------------------------------------------------------
[对话轮次 #193] TOOL: move_to
--------------------------------------------------------------------------------

【Result】
{
  "success": true,
  "data": {
    "success": true,
    "timeCost": 10,
    "batteryCost": 10,
    "newPosition": "node_8",
    "distance": 5
  }
}

--------------------------------------------------------------------------------

[AI Client] History limit reached. Trimmed to 100 non-system messages (removed 2 oldest messages)

──────────────────────────────────────────────────────────────────────
✅ 订单完成: order_80 🛒
   配送费: ¥23.81
   实际收入: ¥23.81
   状态: 准时完成
──────────────────────────────────────────────────────────────────────

──────────────────────────────────────────────────────────────────────
⏰ 时间: 18:00    | 🔄 迭代: 194
📍 位置: node_8     | 🔋 电量: 46.0% (23.0km)
💰 利润: ¥283.60   | ✅ 完成: 15 单
📦 背包: 空
💬 AI: Executed 1 tool call(s)

================================================================================
[对话轮次 #194] ASSISTANT
================================================================================

【Tool Calls】

  [1] deliver_food
  Arguments:
    {
        "orderId": "order_80"
    }

================================================================================


--------------------------------------------------------------------------------
[对话轮次 #194] TOOL: deliver_food
--------------------------------------------------------------------------------

【Result】
{
  "success": true,
  "data": {
    "success": true,
    "payment": 23.808798408601433,
    "overtime": 0,
    "penalty": 0,
    "timeCost": 1
  }
}

--------------------------------------------------------------------------------

[AI Client] History limit reached. Trimmed to 100 non-system messages (removed 2 oldest messages)

──────────────────────────────────────────────────────────────────────
⏰ 时间: 18:00    | 🔄 迭代: 195
📍 位置: node_8     | 🔋 电量: 46.0% (23.0km)
💰 利润: ¥283.60   | ✅ 完成: 15 单
📦 背包: 空
💬 AI: Executed 1 tool call(s)

================================================================================
[对话轮次 #195] ASSISTANT
================================================================================

【Tool Calls】

  [1] search_nearby_orders
  Arguments:
    {
        "radius": 5
    }

================================================================================


--------------------------------------------------------------------------------
[对话轮次 #195] TOOL: search_nearby_orders
--------------------------------------------------------------------------------

【Result】
{
  "success": true,
  "data": {
    "orders": [
      {
        "id": "order_76",
        "type": "food",
        "name": "[\"孜然辣汁焖牛腩\",\"狮子头面\"]",
        "deliveryFee": 19.23861037188908,
        "weight": 0.9364700436126441,
        "itemPrice": 53.16829630522989,
        "pickupLocation": "node_71",
        "deliveryLocation": "node_55",
        "distance": 13,
        "estimatedTimeLimit": 50
      },
      {
        "id": "order_77",
        "type": "food",
        "name": "[\"一鸡三吃\",\"三星金六福\"]",
        "deliveryFee": 11.023760756105185,
        "weight": 0.5103471815818921,
        "itemPrice": 66.61035738885403,
        "pickupLocation": "node_14",
        "deliveryLocation": "node_8",
        "distance": 3,
        "estimatedTimeLimit": 20
      },
      {
        "id": "order_79",
        "type": "food",
        "name": "[\"干锅鸡胗\",\"鸡丝炒乌冬\"]",
        "deliveryFee": 14.260259926621803,
        "weight": 0.9672924183541909,
        "itemPrice": 47.556999592343345,
        "pickupLocation": "node_71",
        "deliveryLocation": "node_95",
        "distance": 9,
        "estimatedTimeLimit": 38
      }
    ]
  }
}

--------------------------------------------------------------------------------

[OrderGenerator] Removing 3 expired order(s): order_68, order_75, order_77
[AI Client] History limit reached. Trimmed to 100 non-system messages (removed 2 oldest messages)

──────────────────────────────────────────────────────────────────────
⏰ 时间: 18:00    | 🔄 迭代: 196
📍 位置: node_8     | 🔋 电量: 46.0% (23.0km)
💰 利润: ¥283.60   | ✅ 完成: 15 单
📦 背包: 空
💬 AI: Executed 1 tool call(s)

================================================================================
[对话轮次 #196] ASSISTANT
================================================================================

【Tool Calls】

  [1] accept_order
  Arguments:
    {
        "orderId": "order_77"
    }

================================================================================


--------------------------------------------------------------------------------
[对话轮次 #196] TOOL: accept_order
--------------------------------------------------------------------------------

【Result】
{
  "success": false,
  "error": {
    "code": "INVALID_ORDER",
    "message": "Order not found: order_77",
    "details": {
      "orderId": "order_77"
    }
  }
}

--------------------------------------------------------------------------------

[AI Client] History limit reached. Trimmed to 100 non-system messages (removed 2 oldest messages)

──────────────────────────────────────────────────────────────────────
⏰ 时间: 18:00    | 🔄 迭代: 197
📍 位置: node_8     | 🔋 电量: 46.0% (23.0km)
💰 利润: ¥283.60   | ✅ 完成: 15 单
📦 背包: 空
💬 AI: Executed 1 tool call(s)

================================================================================
[对话轮次 #197] ASSISTANT
================================================================================

【Tool Calls】

  [1] calculate_distance
  Arguments:
    {
        "fromId": "node_8",
        "toId": "node_71"
    }

================================================================================


--------------------------------------------------------------------------------
[对话轮次 #197] TOOL: calculate_distance
--------------------------------------------------------------------------------

【Result】
{
  "success": true,
  "data": {
    "distance": 3,
    "path": [
      "node_8",
      "node_20",
      "node_40",
      "node_71"
    ]
  }
}

--------------------------------------------------------------------------------

[AI Client] History limit reached. Trimmed to 100 non-system messages (removed 2 oldest messages)

──────────────────────────────────────────────────────────────────────
⏰ 时间: 18:00    | 🔄 迭代: 198
📍 位置: node_8     | 🔋 电量: 46.0% (23.0km)
💰 利润: ¥283.60   | ✅ 完成: 15 单
📦 背包: 1/5 单 | ⚖️  重量: 0.94/10kg
   1. order_76 🍔 ⏳待取餐 - 0.94kg - ¥19.24
💬 AI: Executed 1 tool call(s)

================================================================================
[对话轮次 #198] ASSISTANT
================================================================================

【Tool Calls】

  [1] accept_order
  Arguments:
    {
        "orderId": "order_76"
    }

================================================================================


--------------------------------------------------------------------------------
[对话轮次 #198] TOOL: accept_order
--------------------------------------------------------------------------------

【Result】
{
  "success": true,
  "data": {
    "success": true,
    "order": {
      "id": "order_76",
      "type": "food",
      "name": "[\"孜然辣汁焖牛腩\",\"狮子头面\"]",
      "pickupLocation": "node_71",
      "deliveryLocation": "node_55",
      "distance": 13,
      "itemPrice": 53.16829630522989,
      "deliveryFee": 19.23861037188908,
      "weight": 0.9364700436126441,
      "timeLimit": 50,
      "createdAt": 1049.9380951166245,
      "pickedUp": false,
      "delivered": false,
      "acceptedAt": 1080.9380951166245,
      "deadline": 1130.9380951166245
    }
  }
}

--------------------------------------------------------------------------------

[AI Client] History limit reached. Trimmed to 100 non-system messages (removed 2 oldest messages)

──────────────────────────────────────────────────────────────────────
⏰ 时间: 18:06    | 🔄 迭代: 199
📍 位置: node_71    | 🔋 电量: 40.0% (20.0km)
💰 利润: ¥283.60   | ✅ 完成: 15 单
📦 背包: 1/5 单 | ⚖️  重量: 0.94/10kg
   1. order_76 🍔 ⏳待取餐 - 0.94kg - ¥19.24
💬 AI: Executed 1 tool call(s)

================================================================================
[对话轮次 #199] ASSISTANT
================================================================================

【Tool Calls】

  [1] move_to
  Arguments:
    {
        "targetLocationId": "node_71"
    }

================================================================================


--------------------------------------------------------------------------------
[对话轮次 #199] TOOL: move_to
--------------------------------------------------------------------------------

【Result】
{
  "success": true,
  "data": {
    "success": true,
    "timeCost": 6,
    "batteryCost": 6,
    "newPosition": "node_71",
    "distance": 3
  }
}

--------------------------------------------------------------------------------

[AI Client] History limit reached. Trimmed to 100 non-system messages (removed 2 oldest messages)

──────────────────────────────────────────────────────────────────────
⏰ 时间: 18:08    | 🔄 迭代: 200
📍 位置: node_71    | 🔋 电量: 40.0% (20.0km)
💰 利润: ¥283.60   | ✅ 完成: 15 单
📦 背包: 1/5 单 | ⚖️  重量: 0.94/10kg
   1. order_76 🍔 ✓已取餐 - 0.94kg - ¥19.24
💬 AI: Executed 1 tool call(s)

================================================================================
[对话轮次 #200] ASSISTANT
================================================================================

【Tool Calls】

  [1] pickup_food
  Arguments:
    {
        "orderId": "order_76"
    }

================================================================================


--------------------------------------------------------------------------------
[对话轮次 #200] TOOL: pickup_food
--------------------------------------------------------------------------------

【Result】
{
  "success": true,
  "data": {
    "success": true,
    "timeCost": 2
  }
}

--------------------------------------------------------------------------------

[OrderGenerator] Removing 1 expired order(s): order_73
[AI Client] History limit reached. Trimmed to 100 non-system messages (removed 2 oldest messages)
[AI Client] No user message in history after trim, re-anchored with a user query (llama.cpp multi_step_tool template requires it)

──────────────────────────────────────────────────────────────────────
⏰ 时间: 18:40    | 🔄 迭代: 201
📍 位置: node_55    | 🔋 电量: 14.0% (7.0km)
💰 利润: ¥283.60   | ✅ 完成: 15 单
📦 背包: 1/5 单 | ⚖️  重量: 0.94/10kg
   1. order_76 🍔 ✓已取餐 - 0.94kg - ¥19.24
💬 AI: Executed 1 tool call(s)

================================================================================
[对话轮次 #201] ASSISTANT
================================================================================

【Tool Calls】

  [1] move_to
  Arguments:
    {
        "targetLocationId": "node_55"
    }

================================================================================


--------------------------------------------------------------------------------
[对话轮次 #201] TOOL: move_to
--------------------------------------------------------------------------------

【Result】
{
  "success": true,
  "data": {
    "success": true,
    "timeCost": 31.200000000000003,
    "batteryCost": 26,
    "newPosition": "node_55",
    "distance": 13
  }
}

--------------------------------------------------------------------------------

[AI Client] History limit reached. Trimmed to 100 non-system messages (removed 3 oldest messages)

──────────────────────────────────────────────────────────────────────
✅ 订单完成: order_76 🍔
   配送费: ¥19.24
   实际收入: ¥19.24
   状态: 准时完成
──────────────────────────────────────────────────────────────────────

──────────────────────────────────────────────────────────────────────
⏰ 时间: 18:41    | 🔄 迭代: 202
📍 位置: node_55    | 🔋 电量: 14.0% (7.0km)
💰 利润: ¥302.84   | ✅ 完成: 16 单
📦 背包: 空
💬 AI: Executed 1 tool call(s)

================================================================================
[对话轮次 #202] ASSISTANT
================================================================================

【Tool Calls】

  [1] deliver_food
  Arguments:
    {
        "orderId": "order_76"
    }

================================================================================


--------------------------------------------------------------------------------
[对话轮次 #202] TOOL: deliver_food
--------------------------------------------------------------------------------

【Result】
{
  "success": true,
  "data": {
    "success": true,
    "payment": 19.23861037188908,
    "overtime": 0,
    "penalty": 0,
    "timeCost": 1
  }
}

--------------------------------------------------------------------------------

[AI Client] History limit reached. Trimmed to 100 non-system messages (removed 2 oldest messages)

──────────────────────────────────────────────────────────────────────
⏰ 时间: 18:41    | 🔄 迭代: 203
📍 位置: node_55    | 🔋 电量: 14.0% (7.0km)
💰 利润: ¥302.84   | ✅ 完成: 16 单
📦 背包: 空
💬 AI: Executed 1 tool call(s)

================================================================================
[对话轮次 #203] ASSISTANT
================================================================================

【Tool Calls】

  [1] search_nearby_orders
  Arguments:
    {
        "radius": 10
    }

================================================================================


--------------------------------------------------------------------------------
[对话轮次 #203] TOOL: search_nearby_orders
--------------------------------------------------------------------------------

【Result】
{
  "success": true,
  "data": {
    "orders": [
      {
        "id": "order_72",
        "type": "food",
        "name": "[\"虾龙糊\",\"山菌时蔬钵\",\"咖喱海鲜炒饭\",\"仙山露\"]",
        "deliveryFee": 23.530323010438586,
        "weight": 0.9169560575392097,
        "itemPrice": 78.41366476728581,
        "pickupLocation": "node_82",
        "deliveryLocation": "node_37",
        "distance": 13,
        "estimatedTimeLimit": 50
      },
      {
        "id": "order_82",
        "type": "food",
        "name": "[\"红酒烩鸽脯\",\"葱油拌面\"]",
        "deliveryFee": 20.666370894270948,
        "weight": 0.9691848807269707,
        "itemPrice": 55.68453467218205,
        "pickupLocation": "node_83",
        "deliveryLocation": "node_25",
        "distance": 14,
        "estimatedTimeLimit": 53
      },
      {
        "id": "order_84",
        "type": "food",
        "name": "[\"葱烧鳗鱼\"]",
        "deliveryFee": 16.294452135893515,
        "weight": 0.5875016025966033,
        "itemPrice": 42.19140075496398,
        "pickupLocation": "node_91",
        "deliveryLocation": "node_45",
        "distance": 12,
        "estimatedTimeLimit": 47
      },
      {
        "id": "order_86",
        "type": "food",
        "name": "[\"兰花双味虾仁\",\"铁扒什锦\",\"泰亭哲酒园—泰亭哲\"]",
        "deliveryFee": 18.282394982583355,
        "weight": 0.6573055904591456,
        "itemPrice": 65.19055872107856,
        "pickupLocation": "node_68",
        "deliveryLocation": "node_36",
        "distance": 10,
        "estimatedTimeLimit": 41
      }
    ]
  }
}

--------------------------------------------------------------------------------

[AI Client] History limit reached. Trimmed to 100 non-system messages (removed 2 oldest messages)

──────────────────────────────────────────────────────────────────────
⏰ 时间: 18:41    | 🔄 迭代: 204
📍 位置: node_55    | 🔋 电量: 14.0% (7.0km)
💰 利润: ¥302.84   | ✅ 完成: 16 单
📦 背包: 空
💬 AI: Executed 1 tool call(s)

================================================================================
[对话轮次 #204] ASSISTANT
================================================================================

【Tool Calls】

  [1] calculate_distance
  Arguments:
    {
        "fromId": "node_55",
        "toId": "node_82"
    }

================================================================================


--------------------------------------------------------------------------------
[对话轮次 #204] TOOL: calculate_distance
--------------------------------------------------------------------------------

【Result】
{
  "success": true,
  "data": {
    "distance": 5,
    "path": [
      "node_55",
      "node_6",
      "node_53",
      "node_82"
    ]
  }
}

--------------------------------------------------------------------------------

[AI Client] History limit reached. Trimmed to 100 non-system messages (removed 2 oldest messages)

──────────────────────────────────────────────────────────────────────
⏰ 时间: 18:41    | 🔄 迭代: 205
📍 位置: node_55    | 🔋 电量: 14.0% (7.0km)
💰 利润: ¥302.84   | ✅ 完成: 16 单
📦 背包: 空
💬 AI: Executed 1 tool call(s)

================================================================================
[对话轮次 #205] ASSISTANT
================================================================================

【Tool Calls】

  [1] calculate_distance
  Arguments:
    {
        "fromId": "node_82",
        "toId": "node_37"
    }

================================================================================


--------------------------------------------------------------------------------
[对话轮次 #205] TOOL: calculate_distance
--------------------------------------------------------------------------------

【Result】
{
  "success": true,
  "data": {
    "distance": 13,
    "path": [
      "node_82",
      "node_53",
      "node_6",
      "node_55",
      "node_1",
      "node_95",
      "node_65",
      "node_13",
      "node_37"
    ]
  }
}

--------------------------------------------------------------------------------

[OrderGenerator] Removing 9 expired order(s): order_71, order_72, order_74, order_78, order_79, order_81, order_82, order_83, order_85
[AI Client] History limit reached. Trimmed to 100 non-system messages (removed 2 oldest messages)

──────────────────────────────────────────────────────────────────────
⏰ 时间: 18:41    | 🔄 迭代: 206
📍 位置: node_55    | 🔋 电量: 14.0% (7.0km)
💰 利润: ¥302.84   | ✅ 完成: 16 单
📦 背包: 空
💬 AI: Executed 1 tool call(s)

================================================================================
[对话轮次 #206] ASSISTANT
================================================================================

【Tool Calls】

  [1] accept_order
  Arguments:
    {
        "orderId": "order_72"
    }

================================================================================


--------------------------------------------------------------------------------
[对话轮次 #206] TOOL: accept_order
--------------------------------------------------------------------------------

【Result】
{
  "success": false,
  "error": {
    "code": "INVALID_ORDER",
    "message": "Order not found: order_72",
    "details": {
      "orderId": "order_72"
    }
  }
}

--------------------------------------------------------------------------------

[AI Client] History limit reached. Trimmed to 100 non-system messages (removed 2 oldest messages)

──────────────────────────────────────────────────────────────────────
⏰ 时间: 18:41    | 🔄 迭代: 207
📍 位置: node_55    | 🔋 电量: 14.0% (7.0km)
💰 利润: ¥302.84   | ✅ 完成: 16 单
📦 背包: 空
💬 AI: Executed 1 tool call(s)

================================================================================
[对话轮次 #207] ASSISTANT
================================================================================

【Tool Calls】

  [1] accept_order
  Arguments:
    {
        "orderId": "order_82"
    }

================================================================================


--------------------------------------------------------------------------------
[对话轮次 #207] TOOL: accept_order
--------------------------------------------------------------------------------

【Result】
{
  "success": false,
  "error": {
    "code": "INVALID_ORDER",
    "message": "Order not found: order_82",
    "details": {
      "orderId": "order_82"
    }
  }
}

--------------------------------------------------------------------------------

[AI Client] History limit reached. Trimmed to 100 non-system messages (removed 2 oldest messages)

──────────────────────────────────────────────────────────────────────
⏰ 时间: 18:41    | 🔄 迭代: 208
📍 位置: node_55    | 🔋 电量: 14.0% (7.0km)
💰 利润: ¥302.84   | ✅ 完成: 16 单
📦 背包: 1/5 单 | ⚖️  重量: 0.59/10kg
   1. order_84 🍔 ⏳待取餐 - 0.59kg - ¥16.29
💬 AI: Executed 1 tool call(s)

================================================================================
[对话轮次 #208] ASSISTANT
================================================================================

【Tool Calls】

  [1] accept_order
  Arguments:
    {
        "orderId": "order_84"
    }

================================================================================


--------------------------------------------------------------------------------
[对话轮次 #208] TOOL: accept_order
--------------------------------------------------------------------------------

【Result】
{
  "success": true,
  "data": {
    "success": true,
    "order": {
      "id": "order_84",
      "type": "food",
      "name": "[\"葱烧鳗鱼\"]",
      "pickupLocation": "node_91",
      "deliveryLocation": "node_45",
      "distance": 12,
      "itemPrice": 42.19140075496398,
      "deliveryFee": 16.294452135893515,
      "weight": 0.5875016025966033,
      "timeLimit": 47,
      "createdAt": 1080.9380951166245,
      "pickedUp": false,
      "delivered": false,
      "acceptedAt": 1121.1380951166245,
      "deadline": 1168.1380951166245
    }
  }
}

--------------------------------------------------------------------------------

[AI Client] History limit reached. Trimmed to 100 non-system messages (removed 2 oldest messages)

──────────────────────────────────────────────────────────────────────
⏰ 时间: 18:41    | 🔄 迭代: 209
📍 位置: node_55    | 🔋 电量: 14.0% (7.0km)
💰 利润: ¥302.84   | ✅ 完成: 16 单
📦 背包: 1/5 单 | ⚖️  重量: 0.59/10kg
   1. order_84 🍔 ⏳待取餐 - 0.59kg - ¥16.29
💬 AI: Executed 1 tool call(s)

================================================================================
[对话轮次 #209] ASSISTANT
================================================================================

【Tool Calls】

  [1] calculate_distance
  Arguments:
    {
        "fromId": "node_55",
        "toId": "node_91"
    }

================================================================================


--------------------------------------------------------------------------------
[对话轮次 #209] TOOL: calculate_distance
--------------------------------------------------------------------------------

【Result】
{
  "success": true,
  "data": {
    "distance": 10,
    "path": [
      "node_55",
      "node_1",
      "node_76",
      "node_15",
      "node_85",
      "node_91"
    ]
  }
}

--------------------------------------------------------------------------------

[AI Client] History limit reached. Trimmed to 100 non-system messages (removed 2 oldest messages)

──────────────────────────────────────────────────────────────────────
⏰ 时间: 19:13    | 🔄 迭代: 210
📍 位置: node_91    | 🔋 电量: 0.0% (0.0km)
💰 利润: ¥302.84   | ✅ 完成: 16 单
📦 背包: 1/5 单 | ⚖️  重量: 0.59/10kg
   1. order_84 🍔 ⏳待取餐 - 0.59kg - ¥16.29
💬 AI: Executed 1 tool call(s)

================================================================================
[对话轮次 #210] ASSISTANT
================================================================================

【Tool Calls】

  [1] move_to
  Arguments:
    {
        "targetLocationId": "node_91"
    }

================================================================================


--------------------------------------------------------------------------------
[对话轮次 #210] TOOL: move_to
--------------------------------------------------------------------------------

【Result】
{
  "success": true,
  "data": {
    "success": true,
    "timeCost": 32,
    "batteryCost": 14,
    "newPosition": "node_91",
    "distance": 10,
    "pushedDistance": 2.999999999999999
  }
}

--------------------------------------------------------------------------------

[OrderGenerator] Removing 2 expired order(s): order_86, order_87
[AI Client] History limit reached. Trimmed to 100 non-system messages (removed 2 oldest messages)

──────────────────────────────────────────────────────────────────────
⏰ 时间: 19:15    | 🔄 迭代: 211
📍 位置: node_91    | 🔋 电量: 0.0% (0.0km)
💰 利润: ¥302.84   | ✅ 完成: 16 单
📦 背包: 1/5 单 | ⚖️  重量: 0.59/10kg
   1. order_84 🍔 ✓已取餐 - 0.59kg - ¥16.29
💬 AI: Executed 1 tool call(s)

================================================================================
[对话轮次 #211] ASSISTANT
================================================================================

【Tool Calls】

  [1] pickup_food
  Arguments:
    {
        "orderId": "order_84"
    }

================================================================================


--------------------------------------------------------------------------------
[对话轮次 #211] TOOL: pickup_food
--------------------------------------------------------------------------------

【Result】
{
  "success": true,
  "data": {
    "success": true,
    "timeCost": 2
  }
}

--------------------------------------------------------------------------------

[AI Client] History limit reached. Trimmed to 100 non-system messages (removed 2 oldest messages)

──────────────────────────────────────────────────────────────────────
⏰ 时间: 19:15    | 🔄 迭代: 212
📍 位置: node_91    | 🔋 电量: 0.0% (0.0km)
💰 利润: ¥302.84   | ✅ 完成: 16 单
📦 背包: 1/5 单 | ⚖️  重量: 0.59/10kg
   1. order_84 🍔 ✓已取餐 - 0.59kg - ¥16.29
💬 AI: Executed 1 tool call(s)

================================================================================
[对话轮次 #212] ASSISTANT
================================================================================

【Tool Calls】

  [1] calculate_distance
  Arguments:
    {
        "fromId": "node_91",
        "toId": "node_45"
    }

================================================================================


--------------------------------------------------------------------------------
[对话轮次 #212] TOOL: calculate_distance
--------------------------------------------------------------------------------

【Result】
{
  "success": true,
  "data": {
    "distance": 12,
    "path": [
      "node_91",
      "node_85",
      "node_29",
      "node_20",
      "node_8",
      "node_41",
      "node_12",
      "node_45"
    ]
  }
}

--------------------------------------------------------------------------------

[AI Client] History limit reached. Trimmed to 100 non-system messages (removed 2 oldest messages)

──────────────────────────────────────────────────────────────────────
⏰ 时间: 20:27    | 🔄 迭代: 213
📍 位置: node_45    | 🔋 电量: 0.0% (0.0km)
💰 利润: ¥302.84   | ✅ 完成: 16 单
📦 背包: 1/5 单 | ⚖️  重量: 0.59/10kg
   1. order_84 🍔 ✓已取餐 - 0.59kg - ¥16.29
💬 AI: Executed 1 tool call(s)

================================================================================
[对话轮次 #213] ASSISTANT
================================================================================

【Tool Calls】

  [1] move_to
  Arguments:
    {
        "targetLocationId": "node_45"
    }

================================================================================


--------------------------------------------------------------------------------
[对话轮次 #213] TOOL: move_to
--------------------------------------------------------------------------------

【Result】
{
  "success": true,
  "data": {
    "success": true,
    "timeCost": 72,
    "batteryCost": 0,
    "newPosition": "node_45",
    "distance": 12,
    "pushedDistance": 12
  }
}

--------------------------------------------------------------------------------

[AI Client] History limit reached. Trimmed to 100 non-system messages (removed 2 oldest messages)

──────────────────────────────────────────────────────────────────────
⏰ 订单完成: order_84 🍔
   配送费: ¥16.29
   实际收入: ¥4.89
   超时罚款: -¥11.41
   状态: 超时60.0分钟
──────────────────────────────────────────────────────────────────────

──────────────────────────────────────────────────────────────────────
⏰ 时间: 20:28    | 🔄 迭代: 214
📍 位置: node_45    | 🔋 电量: 0.0% (0.0km)
💰 利润: ¥307.72   | ✅ 完成: 17 单
📦 背包: 空
💬 AI: Executed 1 tool call(s)

================================================================================
[对话轮次 #214] ASSISTANT
================================================================================

【Tool Calls】

  [1] deliver_food
  Arguments:
    {
        "orderId": "order_84"
    }

================================================================================


--------------------------------------------------------------------------------
[对话轮次 #214] TOOL: deliver_food
--------------------------------------------------------------------------------

【Result】
{
  "success": true,
  "data": {
    "success": true,
    "payment": 4.888335640768055,
    "overtime": 60,
    "penalty": 11.40611649512546,
    "timeCost": 1
  }
}

--------------------------------------------------------------------------------

[AI Client] History limit reached. Trimmed to 100 non-system messages (removed 2 oldest messages)

──────────────────────────────────────────────────────────────────────
⏰ 时间: 20:28    | 🔄 迭代: 215
📍 位置: node_45    | 🔋 电量: 0.0% (0.0km)
💰 利润: ¥307.72   | ✅ 完成: 17 单
📦 背包: 空
💬 AI: Executed 1 tool call(s)

================================================================================
[对话轮次 #215] ASSISTANT
================================================================================

【Tool Calls】

  [1] search_nearby_battery_stations
  Arguments:
    {
        "radius": 10
    }

================================================================================


--------------------------------------------------------------------------------
[对话轮次 #215] TOOL: search_nearby_battery_stations
--------------------------------------------------------------------------------

【Result】
{
  "success": true,
  "data": {
    "stations": [
      {
        "id": "node_41",
        "name": "换电站_41",
        "distance": 3,
        "estimatedTime": 6,
        "position": {
          "x": 10,
          "y": 8
        }
      },
      {
        "id": "node_21",
        "name": "换电站_21",
        "distance": 7,
        "estimatedTime": 14,
        "position": {
          "x": 5,
          "y": 3
        }
      },
      {
        "id": "node_69",
        "name": "换电站_69",
        "distance": 7,
        "estimatedTime": 14,
        "position": {
          "x": 6,
          "y": 8
        }
      },
      {
        "id": "node_2",
        "name": "换电站_2",
        "distance": 7.414213562373095,
        "estimatedTime": 14.82842712474619,
        "position": {
          "x": 5,
          "y": 4
        }
      },
      {
        "id": "node_44",
        "name": "换电站_44",
        "distance": 8,
        "estimatedTime": 16,
        "position": {
          "x": 6,
          "y": 1
        }
      },
      {
        "id": "node_65",
        "name": "换电站_65",
        "distance": 10,
        "estimatedTime": 20,
        "position": {
          "x": 11,
          "y": 14
        }
      }
    ]
  }
}

--------------------------------------------------------------------------------

[OrderGenerator] Removing 3 expired order(s): order_88, order_89, order_90
[AI Client] History limit reached. Trimmed to 100 non-system messages (removed 2 oldest messages)

──────────────────────────────────────────────────────────────────────
⏰ 时间: 20:46    | 🔄 迭代: 216
📍 位置: node_41    | 🔋 电量: 0.0% (0.0km)
💰 利润: ¥307.72   | ✅ 完成: 17 单
📦 背包: 空
💬 AI: Executed 1 tool call(s)

================================================================================
[对话轮次 #216] ASSISTANT
================================================================================

【Tool Calls】

  [1] move_to
  Arguments:
    {
        "targetLocationId": "node_41"
    }

================================================================================


--------------------------------------------------------------------------------
[对话轮次 #216] TOOL: move_to
--------------------------------------------------------------------------------

【Result】
{
  "success": true,
  "data": {
    "success": true,
    "timeCost": 18,
    "batteryCost": 0,
    "newPosition": "node_41",
    "distance": 3,
    "pushedDistance": 3
  }
}

--------------------------------------------------------------------------------

[AI Client] History limit reached. Trimmed to 100 non-system messages (removed 2 oldest messages)

──────────────────────────────────────────────────────────────────────
⏰ 时间: 20:47    | 🔄 迭代: 217
📍 位置: node_41    | 🔋 电量: 100.0% (50.0km)
💰 利润: ¥307.22   | ✅ 完成: 17 单
📦 背包: 空
💬 AI: Executed 1 tool call(s)

================================================================================
[对话轮次 #217] ASSISTANT
================================================================================

【Tool Calls】

  [1] swap_battery
  Arguments:
    {}

================================================================================


--------------------------------------------------------------------------------
[对话轮次 #217] TOOL: swap_battery
--------------------------------------------------------------------------------

【Result】
{
  "success": true,
  "data": {
    "success": true,
    "cost": 0.5,
    "timeCost": 1,
    "newBattery": 100
  }
}

--------------------------------------------------------------------------------

[AI Client] History limit reached. Trimmed to 100 non-system messages (removed 2 oldest messages)

──────────────────────────────────────────────────────────────────────
⏰ 时间: 20:47    | 🔄 迭代: 218
📍 位置: node_41    | 🔋 电量: 100.0% (50.0km)
💰 利润: ¥307.22   | ✅ 完成: 17 单
📦 背包: 空
💬 AI: Executed 1 tool call(s)

================================================================================
[对话轮次 #218] ASSISTANT
================================================================================

【Tool Calls】

  [1] search_nearby_orders
  Arguments:
    {
        "radius": 10
    }

================================================================================


--------------------------------------------------------------------------------
[对话轮次 #218] TOOL: search_nearby_orders
--------------------------------------------------------------------------------

【Result】
{
  "success": true,
  "data": {
    "orders": [
      {
        "id": "order_92",
        "type": "food",
        "name": "[\"铁板什锦肉扒\",\"拔丝苹果\"]",
        "deliveryFee": 15.34023604223039,
        "weight": 0.9272725596092641,
        "itemPrice": 48.00131134572439,
        "pickupLocation": "node_47",
        "deliveryLocation": "node_36",
        "distance": 10,
        "estimatedTimeLimit": 41
      },
      {
        "id": "order_93",
        "type": "supermarket",
        "name": "[\"调味品\",\"日用品\",\"蔬菜\"]",
        "deliveryFee": 9.275881209969521,
        "weight": 5.7572208845522255,
        "itemPrice": 56.32871299982071,
        "pickupLocation": "node_11",
        "deliveryLocation": "node_45",
        "distance": 1.4142135623730951,
        "estimatedTimeLimit": 20
      }
    ]
  }
}

--------------------------------------------------------------------------------

[AI Client] History limit reached. Trimmed to 100 non-system messages (removed 2 oldest messages)

──────────────────────────────────────────────────────────────────────
⏰ 时间: 20:47    | 🔄 迭代: 219
📍 位置: node_41    | 🔋 电量: 100.0% (50.0km)
💰 利润: ¥307.22   | ✅ 完成: 17 单
📦 背包: 1/5 单 | ⚖️  重量: 5.76/10kg
   1. order_93 🛒 ⏳待取餐 - 5.76kg - ¥9.28
💬 AI: Executed 1 tool call(s)

================================================================================
[对话轮次 #219] ASSISTANT
================================================================================

【Tool Calls】

  [1] accept_order
  Arguments:
    {
        "orderId": "order_93"
    }

================================================================================


--------------------------------------------------------------------------------
[对话轮次 #219] TOOL: accept_order
--------------------------------------------------------------------------------

【Result】
{
  "success": true,
  "data": {
    "success": true,
    "order": {
      "id": "order_93",
      "type": "supermarket",
      "name": "[\"调味品\",\"日用品\",\"蔬菜\"]",
      "pickupLocation": "node_11",
      "deliveryLocation": "node_45",
      "distance": 1.4142135623730951,
      "itemPrice": 56.32871299982071,
      "deliveryFee": 9.275881209969521,
      "weight": 5.7572208845522255,
      "timeLimit": 20,
      "createdAt": 1228.1380951166245,
      "pickedUp": false,
      "delivered": false,
      "acceptedAt": 1247.1380951166245,
      "deadline": 1267.1380951166245
    }
  }
}

--------------------------------------------------------------------------------

[AI Client] History limit reached. Trimmed to 100 non-system messages (removed 2 oldest messages)

──────────────────────────────────────────────────────────────────────
⏰ 时间: 20:47    | 🔄 迭代: 220
📍 位置: node_41    | 🔋 电量: 100.0% (50.0km)
💰 利润: ¥307.22   | ✅ 完成: 17 单
📦 背包: 1/5 单 | ⚖️  重量: 5.76/10kg
   1. order_93 🛒 ⏳待取餐 - 5.76kg - ¥9.28
💬 AI: Executed 1 tool call(s)

================================================================================
[对话轮次 #220] ASSISTANT
================================================================================

【Tool Calls】

  [1] calculate_distance
  Arguments:
    {
        "fromId": "node_41",
        "toId": "node_11"
    }

================================================================================


--------------------------------------------------------------------------------
[对话轮次 #220] TOOL: calculate_distance
--------------------------------------------------------------------------------

【Result】
{
  "success": true,
  "data": {
    "distance": 4.414213562373095,
    "path": [
      "node_41",
      "node_12",
      "node_45",
      "node_11"
    ]
  }
}

--------------------------------------------------------------------------------

[AI Client] History limit reached. Trimmed to 100 non-system messages (removed 2 oldest messages)

──────────────────────────────────────────────────────────────────────
⏰ 时间: 20:55    | 🔄 迭代: 221
📍 位置: node_11    | 🔋 电量: 91.2% (45.6km)
💰 利润: ¥307.22   | ✅ 完成: 17 单
📦 背包: 1/5 单 | ⚖️  重量: 5.76/10kg
   1. order_93 🛒 ⏳待取餐 - 5.76kg - ¥9.28
💬 AI: Executed 1 tool call(s)

================================================================================
[对话轮次 #221] ASSISTANT
================================================================================

【Tool Calls】

  [1] move_to
  Arguments:
    {
        "targetLocationId": "node_11"
    }

================================================================================


--------------------------------------------------------------------------------
[对话轮次 #221] TOOL: move_to
--------------------------------------------------------------------------------

【Result】
{
  "success": true,
  "data": {
    "success": true,
    "timeCost": 8.82842712474619,
    "batteryCost": 8.82842712474619,
    "newPosition": "node_11",
    "distance": 4.414213562373095
  }
}

--------------------------------------------------------------------------------

[AI Client] History limit reached. Trimmed to 100 non-system messages (removed 2 oldest messages)

──────────────────────────────────────────────────────────────────────
⏰ 时间: 20:57    | 🔄 迭代: 222
📍 位置: node_11    | 🔋 电量: 91.2% (45.6km)
💰 利润: ¥307.22   | ✅ 完成: 17 单
📦 背包: 1/5 单 | ⚖️  重量: 5.76/10kg
   1. order_93 🛒 ✓已取餐 - 5.76kg - ¥9.28
💬 AI: Executed 1 tool call(s)

================================================================================
[对话轮次 #222] ASSISTANT
================================================================================

【Tool Calls】

  [1] pickup_food
  Arguments:
    {
        "orderId": "order_93"
    }

================================================================================


--------------------------------------------------------------------------------
[对话轮次 #222] TOOL: pickup_food
--------------------------------------------------------------------------------

【Result】
{
  "success": true,
  "data": {
    "success": true,
    "timeCost": 2
  }
}

--------------------------------------------------------------------------------

[AI Client] History limit reached. Trimmed to 100 non-system messages (removed 2 oldest messages)

──────────────────────────────────────────────────────────────────────
⏰ 时间: 21:00    | 🔄 迭代: 223
📍 位置: node_45    | 🔋 电量: 88.3% (44.2km)
💰 利润: ¥307.22   | ✅ 完成: 17 单
📦 背包: 1/5 单 | ⚖️  重量: 5.76/10kg
   1. order_93 🛒 ✓已取餐 - 5.76kg - ¥9.28
💬 AI: Executed 1 tool call(s)

================================================================================
[对话轮次 #223] ASSISTANT
================================================================================

【Tool Calls】

  [1] move_to
  Arguments:
    {
        "targetLocationId": "node_45"
    }

================================================================================


--------------------------------------------------------------------------------
[对话轮次 #223] TOOL: move_to
--------------------------------------------------------------------------------

【Result】
{
  "success": true,
  "data": {
    "success": true,
    "timeCost": 2.8284271247461903,
    "batteryCost": 2.8284271247461903,
    "newPosition": "node_45",
    "distance": 1.4142135623730951
  }
}

--------------------------------------------------------------------------------

[AI Client] History limit reached. Trimmed to 100 non-system messages (removed 2 oldest messages)

──────────────────────────────────────────────────────────────────────
✅ 订单完成: order_93 🛒
   配送费: ¥9.28
   实际收入: ¥9.28
   状态: 准时完成
──────────────────────────────────────────────────────────────────────

──────────────────────────────────────────────────────────────────────
⏰ 时间: 21:01    | 🔄 迭代: 224
📍 位置: node_45    | 🔋 电量: 88.3% (44.2km)
💰 利润: ¥316.50   | ✅ 完成: 18 单
📦 背包: 空
💬 AI: Executed 1 tool call(s)

================================================================================
[对话轮次 #224] ASSISTANT
================================================================================

【Tool Calls】

  [1] deliver_food
  Arguments:
    {
        "orderId": "order_93"
    }

================================================================================


--------------------------------------------------------------------------------
[对话轮次 #224] TOOL: deliver_food
--------------------------------------------------------------------------------

【Result】
{
  "success": true,
  "data": {
    "success": true,
    "payment": 9.275881209969521,
    "overtime": 0,
    "penalty": 0,
    "timeCost": 1
  }
}

--------------------------------------------------------------------------------

[AI Client] History limit reached. Trimmed to 100 non-system messages (removed 2 oldest messages)

──────────────────────────────────────────────────────────────────────
⏰ 时间: 21:01    | 🔄 迭代: 225
📍 位置: node_45    | 🔋 电量: 88.3% (44.2km)
💰 利润: ¥316.50   | ✅ 完成: 18 单
📦 背包: 空
💬 AI: Executed 1 tool call(s)

================================================================================
[对话轮次 #225] ASSISTANT
================================================================================

【Tool Calls】

  [1] search_nearby_orders
  Arguments:
    {
        "radius": 10
    }

================================================================================


--------------------------------------------------------------------------------
[对话轮次 #225] TOOL: search_nearby_orders
--------------------------------------------------------------------------------

【Result】
{
  "success": true,
  "data": {
    "orders": [
      {
        "id": "order_92",
        "type": "food",
        "name": "[\"铁板什锦肉扒\",\"拔丝苹果\"]",
        "deliveryFee": 15.34023604223039,
        "weight": 0.9272725596092641,
        "itemPrice": 48.00131134572439,
        "pickupLocation": "node_47",
        "deliveryLocation": "node_36",
        "distance": 10,
        "estimatedTimeLimit": 41
      },
      {
        "id": "order_94",
        "type": "pharmacy",
        "name": "[\"维生素\",\"消炎药\",\"体温计\"]",
        "deliveryFee": 28.201823775342692,
        "weight": 0.12182953346055002,
        "itemPrice": 91.69182478217408,
        "pickupLocation": "node_34",
        "deliveryLocation": "node_36",
        "distance": 15.414213562373096,
        "estimatedTimeLimit": 57.24264068711929
      },
      {
        "id": "order_96",
        "type": "food",
        "name": "[\"串串辣子虾\",\"国窖 38 度\"]",
        "deliveryFee": 21.01568179195747,
        "weight": 0.537027777521871,
        "itemPrice": 75.38636348210275,
        "pickupLocation": "node_96",
        "deliveryLocation": "node_93",
        "distance": 11,
        "estimatedTimeLimit": 44
      }
    ]
  }
}

--------------------------------------------------------------------------------

[AI Client] History limit reached. Trimmed to 100 non-system messages (removed 2 oldest messages)

──────────────────────────────────────────────────────────────────────
⏰ 时间: 21:01    | 🔄 迭代: 226
📍 位置: node_45    | 🔋 电量: 88.3% (44.2km)
💰 利润: ¥316.50   | ✅ 完成: 18 单
📦 背包: 空
💬 AI: Executed 1 tool call(s)

================================================================================
[对话轮次 #226] ASSISTANT
================================================================================

【Tool Calls】

  [1] calculate_distance
  Arguments:
    {
        "fromId": "node_45",
        "toId": "node_47"
    }

================================================================================


--------------------------------------------------------------------------------
[对话轮次 #226] TOOL: calculate_distance
--------------------------------------------------------------------------------

【Result】
{
  "success": true,
  "data": {
    "distance": 2,
    "path": [
      "node_45",
      "node_79",
      "node_47"
    ]
  }
}

--------------------------------------------------------------------------------

[AI Client] History limit reached. Trimmed to 100 non-system messages (removed 2 oldest messages)

──────────────────────────────────────────────────────────────────────
⏰ 时间: 21:01    | 🔄 迭代: 227
📍 位置: node_45    | 🔋 电量: 88.3% (44.2km)
💰 利润: ¥316.50   | ✅ 完成: 18 单
📦 背包: 空
💬 AI: Executed 1 tool call(s)

================================================================================
[对话轮次 #227] ASSISTANT
================================================================================

【Tool Calls】

  [1] calculate_distance
  Arguments:
    {
        "fromId": "node_47",
        "toId": "node_36"
    }

================================================================================


--------------------------------------------------------------------------------
[对话轮次 #227] TOOL: calculate_distance
--------------------------------------------------------------------------------

【Result】
{
  "success": true,
  "data": {
    "distance": 10,
    "path": [
      "node_47",
      "node_60",
      "node_71",
      "node_40",
      "node_56",
      "node_3",
      "node_36"
    ]
  }
}

--------------------------------------------------------------------------------

[AI Client] History limit reached. Trimmed to 100 non-system messages (removed 2 oldest messages)

──────────────────────────────────────────────────────────────────────
⏰ 时间: 21:01    | 🔄 迭代: 228
📍 位置: node_45    | 🔋 电量: 88.3% (44.2km)
💰 利润: ¥316.50   | ✅ 完成: 18 单
📦 背包: 空
💬 AI: Executed 1 tool call(s)

================================================================================
[对话轮次 #228] ASSISTANT
================================================================================

【Tool Calls】

  [1] calculate_distance
  Arguments:
    {
        "fromId": "node_45",
        "toId": "node_34"
    }

================================================================================


--------------------------------------------------------------------------------
[对话轮次 #228] TOOL: calculate_distance
--------------------------------------------------------------------------------

【Result】
{
  "success": true,
  "data": {
    "distance": 10,
    "path": [
      "node_45",
      "node_39",
      "node_88",
      "node_74",
      "node_30",
      "node_52",
      "node_34"
    ]
  }
}

--------------------------------------------------------------------------------

[AI Client] History limit reached. Trimmed to 100 non-system messages (removed 2 oldest messages)

──────────────────────────────────────────────────────────────────────
⏰ 时间: 21:01    | 🔄 迭代: 229
📍 位置: node_45    | 🔋 电量: 88.3% (44.2km)
💰 利润: ¥316.50   | ✅ 完成: 18 单
📦 背包: 空
💬 AI: Executed 1 tool call(s)

================================================================================
[对话轮次 #229] ASSISTANT
================================================================================

【Tool Calls】

  [1] calculate_distance
  Arguments:
    {
        "fromId": "node_34",
        "toId": "node_36"
    }

================================================================================


--------------------------------------------------------------------------------
[对话轮次 #229] TOOL: calculate_distance
--------------------------------------------------------------------------------

【Result】
{
  "success": true,
  "data": {
    "distance": 15.414213562373096,
    "path": [
      "node_34",
      "node_52",
      "node_78",
      "node_35",
      "node_38",
      "node_97",
      "node_63",
      "node_5",
      "node_16",
      "node_36"
    ]
  }
}

--------------------------------------------------------------------------------

[AI Client] History limit reached. Trimmed to 100 non-system messages (removed 2 oldest messages)

──────────────────────────────────────────────────────────────────────
⏰ 时间: 21:01    | 🔄 迭代: 230
📍 位置: node_45    | 🔋 电量: 88.3% (44.2km)
💰 利润: ¥316.50   | ✅ 完成: 18 单
📦 背包: 空
💬 AI: Executed 1 tool call(s)

================================================================================
[对话轮次 #230] ASSISTANT
================================================================================

【Tool Calls】

  [1] calculate_distance
  Arguments:
    {
        "fromId": "node_45",
        "toId": "node_96"
    }

================================================================================


--------------------------------------------------------------------------------
[对话轮次 #230] TOOL: calculate_distance
--------------------------------------------------------------------------------

【Result】
{
  "success": true,
  "data": {
    "distance": 5,
    "path": [
      "node_45",
      "node_12",
      "node_41",
      "node_8",
      "node_96"
    ]
  }
}

--------------------------------------------------------------------------------

[AI Client] History limit reached. Trimmed to 100 non-system messages (removed 2 oldest messages)

──────────────────────────────────────────────────────────────────────
⏰ 时间: 21:01    | 🔄 迭代: 231
📍 位置: node_45    | 🔋 电量: 88.3% (44.2km)
💰 利润: ¥316.50   | ✅ 完成: 18 单
📦 背包: 空
💬 AI: Executed 1 tool call(s)

================================================================================
[对话轮次 #231] ASSISTANT
================================================================================

【Tool Calls】

  [1] calculate_distance
  Arguments:
    {
        "fromId": "node_96",
        "toId": "node_93"
    }

================================================================================


--------------------------------------------------------------------------------
[对话轮次 #231] TOOL: calculate_distance
--------------------------------------------------------------------------------

【Result】
{
  "success": true,
  "data": {
    "distance": 11,
    "path": [
      "node_96",
      "node_8",
      "node_18",
      "node_17",
      "node_14",
      "node_69",
      "node_92",
      "node_10",
      "node_93"
    ]
  }
}

--------------------------------------------------------------------------------

[AI Client] History limit reached. Trimmed to 100 non-system messages (removed 2 oldest messages)

──────────────────────────────────────────────────────────────────────
⏰ 时间: 21:01    | 🔄 迭代: 232
📍 位置: node_45    | 🔋 电量: 88.3% (44.2km)
💰 利润: ¥316.50   | ✅ 完成: 18 单
📦 背包: 1/5 单 | ⚖️  重量: 0.12/10kg
   1. order_94 💊 ⏳待取餐 - 0.12kg - ¥28.20
💬 AI: Executed 1 tool call(s)

================================================================================
[对话轮次 #232] ASSISTANT
================================================================================

【Tool Calls】

  [1] accept_order
  Arguments:
    {
        "orderId": "order_94"
    }

================================================================================


--------------------------------------------------------------------------------
[对话轮次 #232] TOOL: accept_order
--------------------------------------------------------------------------------

【Result】
{
  "success": true,
  "data": {
    "success": true,
    "order": {
      "id": "order_94",
      "type": "pharmacy",
      "name": "[\"维生素\",\"消炎药\",\"体温计\"]",
      "pickupLocation": "node_34",
      "deliveryLocation": "node_36",
      "distance": 15.414213562373096,
      "itemPrice": 91.69182478217408,
      "deliveryFee": 28.201823775342692,
      "weight": 0.12182953346055002,
      "timeLimit": 57.24264068711929,
      "createdAt": 1247.1380951166245,
      "pickedUp": false,
      "delivered": false,
      "acceptedAt": 1261.794949366117,
      "deadline": 1319.0375900532363
    }
  }
}

--------------------------------------------------------------------------------

[AI Client] History limit reached. Trimmed to 100 non-system messages (removed 2 oldest messages)

──────────────────────────────────────────────────────────────────────
⏰ 时间: 21:21    | 🔄 迭代: 233
📍 位置: node_34    | 🔋 电量: 68.3% (34.2km)
💰 利润: ¥316.50   | ✅ 完成: 18 单
📦 背包: 1/5 单 | ⚖️  重量: 0.12/10kg
   1. order_94 💊 ⏳待取餐 - 0.12kg - ¥28.20
💬 AI: Executed 1 tool call(s)

================================================================================
[对话轮次 #233] ASSISTANT
================================================================================

【Tool Calls】

  [1] move_to
  Arguments:
    {
        "targetLocationId": "node_34"
    }

================================================================================


--------------------------------------------------------------------------------
[对话轮次 #233] TOOL: move_to
--------------------------------------------------------------------------------

【Result】
{
  "success": true,
  "data": {
    "success": true,
    "timeCost": 20,
    "batteryCost": 20,
    "newPosition": "node_34",
    "distance": 10
  }
}

--------------------------------------------------------------------------------

[AI Client] History limit reached. Trimmed to 100 non-system messages (removed 2 oldest messages)

──────────────────────────────────────────────────────────────────────
⏰ 时间: 21:23    | 🔄 迭代: 234
📍 位置: node_34    | 🔋 电量: 68.3% (34.2km)
💰 利润: ¥316.50   | ✅ 完成: 18 单
📦 背包: 1/5 单 | ⚖️  重量: 0.12/10kg
   1. order_94 💊 ✓已取餐 - 0.12kg - ¥28.20
💬 AI: Executed 1 tool call(s)

================================================================================
[对话轮次 #234] ASSISTANT
================================================================================

【Tool Calls】

  [1] pickup_food
  Arguments:
    {
        "orderId": "order_94"
    }

================================================================================


--------------------------------------------------------------------------------
[对话轮次 #234] TOOL: pickup_food
--------------------------------------------------------------------------------

【Result】
{
  "success": true,
  "data": {
    "success": true,
    "timeCost": 2
  }
}

--------------------------------------------------------------------------------

[AI Client] History limit reached. Trimmed to 100 non-system messages (removed 2 oldest messages)

──────────────────────────────────────────────────────────────────────
⏰ 时间: 21:54    | 🔄 迭代: 235
📍 位置: node_36    | 🔋 电量: 37.5% (18.8km)
💰 利润: ¥316.50   | ✅ 完成: 18 单
📦 背包: 1/5 单 | ⚖️  重量: 0.12/10kg
   1. order_94 💊 ✓已取餐 - 0.12kg - ¥28.20
💬 AI: Executed 1 tool call(s)

================================================================================
[对话轮次 #235] ASSISTANT
================================================================================

【Tool Calls】

  [1] move_to
  Arguments:
    {
        "targetLocationId": "node_36"
    }

================================================================================


--------------------------------------------------------------------------------
[对话轮次 #235] TOOL: move_to
--------------------------------------------------------------------------------

【Result】
{
  "success": true,
  "data": {
    "success": true,
    "timeCost": 30.828427124746195,
    "batteryCost": 30.82842712474619,
    "newPosition": "node_36",
    "distance": 15.414213562373096
  }
}

--------------------------------------------------------------------------------

[OrderGenerator] Removing 7 expired order(s): order_91, order_92, order_95, order_96, order_97, order_98, order_100
[AI Client] History limit reached. Trimmed to 100 non-system messages (removed 2 oldest messages)

──────────────────────────────────────────────────────────────────────
✅ 订单完成: order_94 💊
   配送费: ¥28.20
   实际收入: ¥28.20
   状态: 准时完成
──────────────────────────────────────────────────────────────────────

──────────────────────────────────────────────────────────────────────
⏰ 时间: 21:55    | 🔄 迭代: 236
📍 位置: node_36    | 🔋 电量: 37.5% (18.8km)
💰 利润: ¥344.70   | ✅ 完成: 19 单
📦 背包: 空
💬 AI: Executed 1 tool call(s)

================================================================================
[对话轮次 #236] ASSISTANT
================================================================================

【Tool Calls】

  [1] deliver_food
  Arguments:
    {
        "orderId": "order_94"
    }

================================================================================


--------------------------------------------------------------------------------
[对话轮次 #236] TOOL: deliver_food
--------------------------------------------------------------------------------

【Result】
{
  "success": true,
  "data": {
    "success": true,
    "payment": 28.201823775342692,
    "overtime": 0,
    "penalty": 0,
    "timeCost": 1
  }
}

--------------------------------------------------------------------------------

[AI Client] History limit reached. Trimmed to 100 non-system messages (removed 2 oldest messages)

──────────────────────────────────────────────────────────────────────
⏰ 时间: 21:55    | 🔄 迭代: 237
📍 位置: node_36    | 🔋 电量: 37.5% (18.8km)
💰 利润: ¥344.70   | ✅ 完成: 19 单
📦 背包: 空
💬 AI: Executed 1 tool call(s)

================================================================================
[对话轮次 #237] ASSISTANT
================================================================================

【Tool Calls】

  [1] search_nearby_orders
  Arguments:
    {
        "radius": 10
    }

================================================================================


--------------------------------------------------------------------------------
[对话轮次 #237] TOOL: search_nearby_orders
--------------------------------------------------------------------------------

【Result】
{
  "success": true,
  "data": {
    "orders": [
      {
        "id": "order_99",
        "type": "food",
        "name": "[\"米酱炒蛏肉\",\"烙饼\"]",
        "deliveryFee": 25.384585435595362,
        "weight": 0.803590401657857,
        "itemPrice": 48.247696864418685,
        "pickupLocation": "node_13",
        "deliveryLocation": "node_61",
        "distance": 20,
        "estimatedTimeLimit": 71
      }
    ]
  }
}

--------------------------------------------------------------------------------

[AI Client] History limit reached. Trimmed to 100 non-system messages (removed 2 oldest messages)

──────────────────────────────────────────────────────────────────────
⏰ 时间: 21:55    | 🔄 迭代: 238
📍 位置: node_36    | 🔋 电量: 37.5% (18.8km)
💰 利润: ¥344.70   | ✅ 完成: 19 单
📦 背包: 空
💬 AI: Executed 1 tool call(s)

================================================================================
[对话轮次 #238] ASSISTANT
================================================================================

【Tool Calls】

  [1] calculate_distance
  Arguments:
    {
        "fromId": "node_36",
        "toId": "node_13"
    }

================================================================================


--------------------------------------------------------------------------------
[对话轮次 #238] TOOL: calculate_distance
--------------------------------------------------------------------------------

【Result】
{
  "success": true,
  "data": {
    "distance": 5,
    "path": [
      "node_36",
      "node_3",
      "node_13"
    ]
  }
}

--------------------------------------------------------------------------------

[AI Client] History limit reached. Trimmed to 100 non-system messages (removed 2 oldest messages)

──────────────────────────────────────────────────────────────────────
⏰ 时间: 21:55    | 🔄 迭代: 239
📍 位置: node_36    | 🔋 电量: 37.5% (18.8km)
💰 利润: ¥344.70   | ✅ 完成: 19 单
📦 背包: 空
💬 AI: Executed 1 tool call(s)

================================================================================
[对话轮次 #239] ASSISTANT
================================================================================

【Tool Calls】

  [1] calculate_distance
  Arguments:
    {
        "fromId": "node_13",
        "toId": "node_61"
    }

================================================================================


--------------------------------------------------------------------------------
[对话轮次 #239] TOOL: calculate_distance
--------------------------------------------------------------------------------

【Result】
{
  "success": true,
  "data": {
    "distance": 20,
    "path": [
      "node_13",
      "node_3",
      "node_56",
      "node_40",
      "node_71",
      "node_60",
      "node_47",
      "node_48",
      "node_42",
      "node_4",
      "node_54",
      "node_24",
      "node_98",
      "node_61"
    ]
  }
}

--------------------------------------------------------------------------------

[AI Client] History limit reached. Trimmed to 100 non-system messages (removed 2 oldest messages)

──────────────────────────────────────────────────────────────────────
⏰ 时间: 21:55    | 🔄 迭代: 240
📍 位置: node_36    | 🔋 电量: 37.5% (18.8km)
💰 利润: ¥344.70   | ✅ 完成: 19 单
📦 背包: 1/5 单 | ⚖️  重量: 0.80/10kg
   1. order_99 🍔 ⏳待取餐 - 0.80kg - ¥25.38
💬 AI: Executed 1 tool call(s)

================================================================================
[对话轮次 #240] ASSISTANT
================================================================================

【Tool Calls】

  [1] accept_order
  Arguments:
    {
        "orderId": "order_99"
    }

================================================================================


--------------------------------------------------------------------------------
[对话轮次 #240] TOOL: accept_order
--------------------------------------------------------------------------------

【Result】
{
  "success": true,
  "data": {
    "success": true,
    "order": {
      "id": "order_99",
      "type": "food",
      "name": "[\"米酱炒蛏肉\",\"烙饼\"]",
      "pickupLocation": "node_13",
      "deliveryLocation": "node_61",
      "distance": 20,
      "itemPrice": 48.247696864418685,
      "deliveryFee": 25.384585435595362,
      "weight": 0.803590401657857,
      "timeLimit": 71,
      "createdAt": 1261.794949366117,
      "pickedUp": false,
      "delivered": false,
      "acceptedAt": 1315.6233764908632,
      "deadline": 1386.6233764908632
    }
  }
}

--------------------------------------------------------------------------------

[AI Client] History limit reached. Trimmed to 100 non-system messages (removed 2 oldest messages)

──────────────────────────────────────────────────────────────────────
⏰ 时间: 22:05    | 🔄 迭代: 241
📍 位置: node_13    | 🔋 电量: 27.5% (13.8km)
💰 利润: ¥344.70   | ✅ 完成: 19 单
📦 背包: 1/5 单 | ⚖️  重量: 0.80/10kg
   1. order_99 🍔 ⏳待取餐 - 0.80kg - ¥25.38
💬 AI: Executed 1 tool call(s)

================================================================================
[对话轮次 #241] ASSISTANT
================================================================================

【Tool Calls】

  [1] move_to
  Arguments:
    {
        "targetLocationId": "node_13"
    }

================================================================================


--------------------------------------------------------------------------------
[对话轮次 #241] TOOL: move_to
--------------------------------------------------------------------------------

【Result】
{
  "success": true,
  "data": {
    "success": true,
    "timeCost": 10,
    "batteryCost": 10,
    "newPosition": "node_13",
    "distance": 5
  }
}

--------------------------------------------------------------------------------

[AI Client] History limit reached. Trimmed to 100 non-system messages (removed 2 oldest messages)

──────────────────────────────────────────────────────────────────────
⏰ 时间: 22:07    | 🔄 迭代: 242
📍 位置: node_13    | 🔋 电量: 27.5% (13.8km)
💰 利润: ¥344.70   | ✅ 完成: 19 单
📦 背包: 1/5 单 | ⚖️  重量: 0.80/10kg
   1. order_99 🍔 ✓已取餐 - 0.80kg - ¥25.38
💬 AI: Executed 1 tool call(s)

================================================================================
[对话轮次 #242] ASSISTANT
================================================================================

【Tool Calls】

  [1] pickup_food
  Arguments:
    {
        "orderId": "order_99"
    }

================================================================================


--------------------------------------------------------------------------------
[对话轮次 #242] TOOL: pickup_food
--------------------------------------------------------------------------------

【Result】
{
  "success": true,
  "data": {
    "success": true,
    "timeCost": 2
  }
}

--------------------------------------------------------------------------------

[AI Client] History limit reached. Trimmed to 100 non-system messages (removed 2 oldest messages)

──────────────────────────────────────────────────────────────────────
⏰ 时间: 23:12    | 🔄 迭代: 243
📍 位置: node_61    | 🔋 电量: 0.0% (0.0km)
💰 利润: ¥344.70   | ✅ 完成: 19 单
📦 背包: 1/5 单 | ⚖️  重量: 0.80/10kg
   1. order_99 🍔 ✓已取餐 - 0.80kg - ¥25.38
💬 AI: Executed 1 tool call(s)

================================================================================
[对话轮次 #243] ASSISTANT
================================================================================

【Tool Calls】

  [1] move_to
  Arguments:
    {
        "targetLocationId": "node_61"
    }

================================================================================


--------------------------------------------------------------------------------
[对话轮次 #243] TOOL: move_to
--------------------------------------------------------------------------------

【Result】
{
  "success": true,
  "data": {
    "success": true,
    "timeCost": 64.97056274847712,
    "batteryCost": 27.51471862576144,
    "newPosition": "node_61",
    "distance": 20,
    "pushedDistance": 6.2426406871192786
  }
}

--------------------------------------------------------------------------------

[AI Client] History limit reached. Trimmed to 100 non-system messages (removed 2 oldest messages)

──────────────────────────────────────────────────────────────────────
⏰ 订单完成: order_99 🍔
   配送费: ¥25.38
   实际收入: ¥17.77
   超时罚款: -¥7.62
   状态: 超时7.0分钟
──────────────────────────────────────────────────────────────────────

──────────────────────────────────────────────────────────────────────
⏰ 时间: 23:13    | 🔄 迭代: 244
📍 位置: node_61    | 🔋 电量: 0.0% (0.0km)
💰 利润: ¥362.47   | ✅ 完成: 20 单
📦 背包: 空
💬 AI: Executed 1 tool call(s)

================================================================================
[对话轮次 #244] ASSISTANT
================================================================================

【Tool Calls】

  [1] deliver_food
  Arguments:
    {
        "orderId": "order_99"
    }

================================================================================


--------------------------------------------------------------------------------
[对话轮次 #244] TOOL: deliver_food
--------------------------------------------------------------------------------

【Result】
{
  "success": true,
  "data": {
    "success": true,
    "payment": 17.769209804916756,
    "overtime": 6.97056274847705,
    "penalty": 7.615375630678608,
    "timeCost": 1
  }
}

--------------------------------------------------------------------------------

[AI Client] History limit reached. Trimmed to 100 non-system messages (removed 2 oldest messages)

──────────────────────────────────────────────────────────────────────
⏰ 时间: 23:13    | 🔄 迭代: 245
📍 位置: node_61    | 🔋 电量: 0.0% (0.0km)
💰 利润: ¥362.47   | ✅ 完成: 20 单
📦 背包: 空
💬 AI: Executed 1 tool call(s)

================================================================================
[对话轮次 #245] ASSISTANT
================================================================================

【Tool Calls】

  [1] search_nearby_orders
  Arguments:
    {
        "radius": 10
    }

================================================================================


--------------------------------------------------------------------------------
[对话轮次 #245] TOOL: search_nearby_orders
--------------------------------------------------------------------------------

【Result】
{
  "success": true,
  "data": {
    "orders": [
      {
        "id": "order_101",
        "type": "food",
        "name": "[\"青豆牛肉粒\"]",
        "deliveryFee": 15.815246588620358,
        "weight": 0.5158764350926504,
        "itemPrice": 45.084703270113096,
        "pickupLocation": "node_72",
        "deliveryLocation": "node_17",
        "distance": 11,
        "estimatedTimeLimit": 44
      },
      {
        "id": "order_102",
        "type": "supermarket",
        "name": "[\"水果\",\"饮料\",\"零食\",\"调味品\"]",
        "deliveryFee": 26.647424209769817,
        "weight": 7.332025197101757,
        "itemPrice": 132.04367182217538,
        "pickupLocation": "node_11",
        "deliveryLocation": "node_56",
        "distance": 7,
        "estimatedTimeLimit": 32
      }
    ]
  }
}

--------------------------------------------------------------------------------

[OrderGenerator] Removing 2 expired order(s): order_101, order_102
[AI Client] History limit reached. Trimmed to 100 non-system messages (removed 2 oldest messages)

──────────────────────────────────────────────────────────────────────
⏰ 时间: 23:13    | 🔄 迭代: 246
📍 位置: node_61    | 🔋 电量: 0.0% (0.0km)
💰 利润: ¥362.47   | ✅ 完成: 20 单
📦 背包: 空
💬 AI: Executed 1 tool call(s)

================================================================================
[对话轮次 #246] ASSISTANT
================================================================================

【Tool Calls】

  [1] calculate_distance
  Arguments:
    {
        "fromId": "node_61",
        "toId": "node_72"
    }

================================================================================


--------------------------------------------------------------------------------
[对话轮次 #246] TOOL: calculate_distance
--------------------------------------------------------------------------------

【Result】
{
  "success": true,
  "data": {
    "distance": 2,
    "path": [
      "node_61",
      "node_43",
      "node_72"
    ]
  }
}

--------------------------------------------------------------------------------

[AI Client] History limit reached. Trimmed to 100 non-system messages (removed 2 oldest messages)

──────────────────────────────────────────────────────────────────────
⏰ 时间: 23:13    | 🔄 迭代: 247
📍 位置: node_61    | 🔋 电量: 0.0% (0.0km)
💰 利润: ¥362.47   | ✅ 完成: 20 单
📦 背包: 空
💬 AI: Executed 1 tool call(s)

================================================================================
[对话轮次 #247] ASSISTANT
================================================================================

【Tool Calls】

  [1] calculate_distance
  Arguments:
    {
        "fromId": "node_72",
        "toId": "node_17"
    }

================================================================================


--------------------------------------------------------------------------------
[对话轮次 #247] TOOL: calculate_distance
--------------------------------------------------------------------------------

【Result】
{
  "success": true,
  "data": {
    "distance": 11,
    "path": [
      "node_72",
      "node_21",
      "node_87",
      "node_75",
      "node_39",
      "node_17"
    ]
  }
}

--------------------------------------------------------------------------------

[AI Client] History limit reached. Trimmed to 100 non-system messages (removed 2 oldest messages)

──────────────────────────────────────────────────────────────────────
⏰ 时间: 23:13    | 🔄 迭代: 248
📍 位置: node_61    | 🔋 电量: 0.0% (0.0km)
💰 利润: ¥362.47   | ✅ 完成: 20 单
📦 背包: 空
💬 AI: Executed 1 tool call(s)

================================================================================
[对话轮次 #248] ASSISTANT
================================================================================

【Tool Calls】

  [1] calculate_distance
  Arguments:
    {
        "fromId": "node_61",
        "toId": "node_11"
    }

================================================================================


--------------------------------------------------------------------------------
[对话轮次 #248] TOOL: calculate_distance
--------------------------------------------------------------------------------

【Result】
{
  "success": true,
  "data": {
    "distance": 9,
    "path": [
      "node_61",
      "node_30",
      "node_2",
      "node_64",
      "node_11"
    ]
  }
}

--------------------------------------------------------------------------------

[AI Client] History limit reached. Trimmed to 100 non-system messages (removed 2 oldest messages)

──────────────────────────────────────────────────────────────────────
⏰ 时间: 23:13    | 🔄 迭代: 249
📍 位置: node_61    | 🔋 电量: 0.0% (0.0km)
💰 利润: ¥362.47   | ✅ 完成: 20 单
📦 背包: 空
💬 AI: Executed 1 tool call(s)

================================================================================
[对话轮次 #249] ASSISTANT
================================================================================

【Tool Calls】

  [1] calculate_distance
  Arguments:
    {
        "fromId": "node_11",
        "toId": "node_56"
    }

================================================================================


--------------------------------------------------------------------------------
[对话轮次 #249] TOOL: calculate_distance
--------------------------------------------------------------------------------

【Result】
{
  "success": true,
  "data": {
    "distance": 7,
    "path": [
      "node_11",
      "node_79",
      "node_81",
      "node_20",
      "node_29",
      "node_56"
    ]
  }
}

--------------------------------------------------------------------------------

[AI Client] History limit reached. Trimmed to 100 non-system messages (removed 2 oldest messages)

──────────────────────────────────────────────────────────────────────
⏰ 时间: 23:13    | 🔄 迭代: 250
📍 位置: node_61    | 🔋 电量: 0.0% (0.0km)
💰 利润: ¥362.47   | ✅ 完成: 20 单
📦 背包: 空
💬 AI: Executed 1 tool call(s)

================================================================================
[对话轮次 #250] ASSISTANT
================================================================================

【Tool Calls】

  [1] search_nearby_battery_stations
  Arguments:
    {
        "radius": 10
    }

================================================================================


--------------------------------------------------------------------------------
[对话轮次 #250] TOOL: search_nearby_battery_stations
--------------------------------------------------------------------------------

【Result】
{
  "success": true,
  "data": {
    "stations": [
      {
        "id": "node_2",
        "name": "换电站_2",
        "distance": 3,
        "estimatedTime": 6,
        "position": {
          "x": 5,
          "y": 4
        }
      },
      {
        "id": "node_44",
        "name": "换电站_44",
        "distance": 3,
        "estimatedTime": 6,
        "position": {
          "x": 6,
          "y": 1
        }
      },
      {
        "id": "node_21",
        "name": "换电站_21",
        "distance": 4,
        "estimatedTime": 8,
        "position": {
          "x": 5,
          "y": 3
        }
      },
      {
        "id": "node_69",
        "name": "换电站_69",
        "distance": 8,
        "estimatedTime": 16,
        "position": {
          "x": 6,
          "y": 8
        }
      },
      {
        "id": "node_97",
        "name": "换电站_97",
        "distance": 8,
        "estimatedTime": 16,
        "position": {
          "x": 3,
          "y": 9
        }
      },
      {
        "id": "node_5",
        "name": "换电站_5",
        "distance": 9,
        "estimatedTime": 18,
        "position": {
          "x": 4,
          "y": 11
        }
      }
    ]
  }
}

--------------------------------------------------------------------------------

[AI Client] History limit reached. Trimmed to 100 non-system messages (removed 2 oldest messages)
[AI Client] No user message in history after trim, re-anchored with a user query (llama.cpp multi_step_tool template requires it)

──────────────────────────────────────────────────────────────────────
⏰ 时间: 23:31    | 🔄 迭代: 251
📍 位置: node_2     | 🔋 电量: 0.0% (0.0km)
💰 利润: ¥362.47   | ✅ 完成: 20 单
📦 背包: 空
💬 AI: Executed 1 tool call(s)

================================================================================
[对话轮次 #251] ASSISTANT
================================================================================

【Tool Calls】

  [1] move_to
  Arguments:
    {
        "targetLocationId": "node_2"
    }

================================================================================


--------------------------------------------------------------------------------
[对话轮次 #251] TOOL: move_to
--------------------------------------------------------------------------------

【Result】
{
  "success": true,
  "data": {
    "success": true,
    "timeCost": 18,
    "batteryCost": 0,
    "newPosition": "node_2",
    "distance": 3,
    "pushedDistance": 3
  }
}

--------------------------------------------------------------------------------

[AI Client] History limit reached. Trimmed to 100 non-system messages (removed 3 oldest messages)

──────────────────────────────────────────────────────────────────────
⏰ 时间: 23:32    | 🔄 迭代: 252
📍 位置: node_2     | 🔋 电量: 100.0% (50.0km)
💰 利润: ¥361.97   | ✅ 完成: 20 单
📦 背包: 空
💬 AI: Executed 1 tool call(s)

================================================================================
[对话轮次 #252] ASSISTANT
================================================================================

【Tool Calls】

  [1] swap_battery
  Arguments:
    {}

================================================================================


--------------------------------------------------------------------------------
[对话轮次 #252] TOOL: swap_battery
--------------------------------------------------------------------------------

【Result】
{
  "success": true,
  "data": {
    "success": true,
    "cost": 0.5,
    "timeCost": 1,
    "newBattery": 100
  }
}

--------------------------------------------------------------------------------

[AI Client] History limit reached. Trimmed to 100 non-system messages (removed 2 oldest messages)

──────────────────────────────────────────────────────────────────────
⏰ 时间: 23:32    | 🔄 迭代: 253
📍 位置: node_2     | 🔋 电量: 100.0% (50.0km)
💰 利润: ¥361.97   | ✅ 完成: 20 单
📦 背包: 空
💬 AI: Executed 1 tool call(s)

================================================================================
[对话轮次 #253] ASSISTANT
================================================================================

【Tool Calls】

  [1] calculate_distance
  Arguments:
    {
        "fromId": "node_2",
        "toId": "node_11"
    }

================================================================================


--------------------------------------------------------------------------------
[对话轮次 #253] TOOL: calculate_distance
--------------------------------------------------------------------------------

【Result】
{
  "success": true,
  "data": {
    "distance": 6,
    "path": [
      "node_2",
      "node_64",
      "node_11"
    ]
  }
}

--------------------------------------------------------------------------------

[AI Client] History limit reached. Trimmed to 100 non-system messages (removed 2 oldest messages)

──────────────────────────────────────────────────────────────────────
⏰ 时间: 23:32    | 🔄 迭代: 254
📍 位置: node_2     | 🔋 电量: 100.0% (50.0km)
💰 利润: ¥361.97   | ✅ 完成: 20 单
📦 背包: 空
💬 AI: Executed 1 tool call(s)

================================================================================
[对话轮次 #254] ASSISTANT
================================================================================

【Tool Calls】

  [1] accept_order
  Arguments:
    {
        "orderId": "order_102"
    }

================================================================================


--------------------------------------------------------------------------------
[对话轮次 #254] TOOL: accept_order
--------------------------------------------------------------------------------

【Result】
{
  "success": false,
  "error": {
    "code": "INVALID_ORDER",
    "message": "Order not found: order_102",
    "details": {
      "orderId": "order_102"
    }
  }
}

--------------------------------------------------------------------------------

[AI Client] History limit reached. Trimmed to 100 non-system messages (removed 2 oldest messages)

──────────────────────────────────────────────────────────────────────
⏰ 时间: 23:32    | 🔄 迭代: 255
📍 位置: node_2     | 🔋 电量: 100.0% (50.0km)
💰 利润: ¥361.97   | ✅ 完成: 20 单
📦 背包: 空
💬 AI: Executed 1 tool call(s)

================================================================================
[对话轮次 #255] ASSISTANT
================================================================================

【Tool Calls】

  [1] search_nearby_orders
  Arguments:
    {
        "radius": 10
    }

================================================================================


--------------------------------------------------------------------------------
[对话轮次 #255] TOOL: search_nearby_orders
--------------------------------------------------------------------------------

【Result】
{
  "success": true,
  "data": {
    "orders": []
  }
}

--------------------------------------------------------------------------------

[AI Client] History limit reached. Trimmed to 100 non-system messages (removed 2 oldest messages)

──────────────────────────────────────────────────────────────────────
⏰ 时间: 23:32    | 🔄 迭代: 256
📍 位置: node_2     | 🔋 电量: 100.0% (50.0km)
💰 利润: ¥361.97   | ✅ 完成: 20 单
📦 背包: 空
💬 AI: Executed 1 tool call(s)

================================================================================
[对话轮次 #256] ASSISTANT
================================================================================

【Tool Calls】

  [1] search_nearby_orders
  Arguments:
    {
        "radius": 20
    }

================================================================================


--------------------------------------------------------------------------------
[对话轮次 #256] TOOL: search_nearby_orders
--------------------------------------------------------------------------------

【Result】
{
  "success": true,
  "data": {
    "orders": [
      {
        "id": "order_103",
        "type": "food",
        "name": "[\"酱猪手\"]",
        "deliveryFee": 7.15,
        "weight": 0.5953013224061579,
        "itemPrice": 16.546172947855666,
        "pickupLocation": "node_71",
        "deliveryLocation": "node_39",
        "distance": 6,
        "estimatedTimeLimit": 29
      },
      {
        "id": "order_104",
        "type": "food",
        "name": "[\"豆腐乳炒通菜\",\"蟹籽小笼包\"]",
        "deliveryFee": 8.894753719982692,
        "weight": 0.9742519995197654,
        "itemPrice": 45.526409555459395,
        "pickupLocation": "node_71",
        "deliveryLocation": "node_48",
        "distance": 4,
        "estimatedTimeLimit": 23
      },
      {
        "id": "order_105",
        "type": "supermarket",
        "name": "[\"日用品\",\"蔬菜\",\"肉类\",\"零食\"]",
        "deliveryFee": 26.96642489041018,
        "weight": 8.022808562964201,
        "itemPrice": 107.95418428257108,
        "pickupLocation": "node_88",
        "deliveryLocation": "node_6",
        "distance": 11.414213562373096,
        "estimatedTimeLimit": 45.24264068711929
      }
    ]
  }
}

--------------------------------------------------------------------------------

[AI Client] History limit reached. Trimmed to 100 non-system messages (removed 2 oldest messages)

──────────────────────────────────────────────────────────────────────
⏰ 时间: 23:32    | 🔄 迭代: 257
📍 位置: node_2     | 🔋 电量: 100.0% (50.0km)
💰 利润: ¥361.97   | ✅ 完成: 20 单
📦 背包: 空
💬 AI: Executed 1 tool call(s)

================================================================================
[对话轮次 #257] ASSISTANT
================================================================================

【Tool Calls】

  [1] calculate_distance
  Arguments:
    {
        "fromId": "node_2",
        "toId": "node_71"
    }

================================================================================


--------------------------------------------------------------------------------
[对话轮次 #257] TOOL: calculate_distance
--------------------------------------------------------------------------------

【Result】
{
  "success": true,
  "data": {
    "distance": 11,
    "path": [
      "node_2",
      "node_10",
      "node_12",
      "node_60",
      "node_71"
    ]
  }
}

--------------------------------------------------------------------------------

[AI Client] History limit reached. Trimmed to 100 non-system messages (removed 2 oldest messages)

──────────────────────────────────────────────────────────────────────
⏰ 时间: 23:32    | 🔄 迭代: 258
📍 位置: node_2     | 🔋 电量: 100.0% (50.0km)
💰 利润: ¥361.97   | ✅ 完成: 20 单
📦 背包: 空
💬 AI: Executed 1 tool call(s)

================================================================================
[对话轮次 #258] ASSISTANT
================================================================================

【Tool Calls】

  [1] calculate_distance
  Arguments:
    {
        "fromId": "node_2",
        "toId": "node_88"
    }

================================================================================


--------------------------------------------------------------------------------
[对话轮次 #258] TOOL: calculate_distance
--------------------------------------------------------------------------------

【Result】
{
  "success": true,
  "data": {
    "distance": 4,
    "path": [
      "node_2",
      "node_30",
      "node_74",
      "node_88"
    ]
  }
}

--------------------------------------------------------------------------------

[AI Client] History limit reached. Trimmed to 100 non-system messages (removed 2 oldest messages)

──────────────────────────────────────────────────────────────────────
⏰ 时间: 23:32    | 🔄 迭代: 259
📍 位置: node_2     | 🔋 电量: 100.0% (50.0km)
💰 利润: ¥361.97   | ✅ 完成: 20 单
📦 背包: 空
💬 AI: Executed 1 tool call(s)

================================================================================
[对话轮次 #259] ASSISTANT
================================================================================

【Tool Calls】

  [1] calculate_distance
  Arguments:
    {
        "fromId": "node_88",
        "toId": "node_6"
    }

================================================================================


--------------------------------------------------------------------------------
[对话轮次 #259] TOOL: calculate_distance
--------------------------------------------------------------------------------

【Result】
{
  "success": true,
  "data": {
    "distance": 11.414213562373096,
    "path": [
      "node_88",
      "node_69",
      "node_67",
      "node_46",
      "node_70",
      "node_5",
      "node_16",
      "node_22",
      "node_53",
      "node_6"
    ]
  }
}

--------------------------------------------------------------------------------

[AI Client] History limit reached. Trimmed to 100 non-system messages (removed 2 oldest messages)

──────────────────────────────────────────────────────────────────────
⏰ 时间: 23:40    | 🔄 迭代: 260
📍 位置: node_88    | 🔋 电量: 92.0% (46.0km)
💰 利润: ¥361.97   | ✅ 完成: 20 单
📦 背包: 空
💬 AI: Executed 1 tool call(s)

================================================================================
[对话轮次 #260] ASSISTANT
================================================================================

【Tool Calls】

  [1] move_to
  Arguments:
    {
        "targetLocationId": "node_88"
    }

================================================================================


--------------------------------------------------------------------------------
[对话轮次 #260] TOOL: move_to
--------------------------------------------------------------------------------

【Result】
{
  "success": true,
  "data": {
    "success": true,
    "timeCost": 8,
    "batteryCost": 8,
    "newPosition": "node_88",
    "distance": 4
  }
}

--------------------------------------------------------------------------------

[OrderGenerator] Removing 1 expired order(s): order_104
[AI Client] History limit reached. Trimmed to 100 non-system messages (removed 2 oldest messages)

──────────────────────────────────────────────────────────────────────
⏰ 时间: 23:40    | 🔄 迭代: 261
📍 位置: node_88    | 🔋 电量: 92.0% (46.0km)
💰 利润: ¥361.97   | ✅ 完成: 20 单
📦 背包: 空
💬 AI: Executed 1 tool call(s)

================================================================================
[对话轮次 #261] ASSISTANT
================================================================================

【Tool Calls】

  [1] pickup_food
  Arguments:
    {
        "orderId": "order_105"
    }

================================================================================


--------------------------------------------------------------------------------
[对话轮次 #261] TOOL: pickup_food
--------------------------------------------------------------------------------

【Result】
{
  "success": false,
  "error": {
    "code": "ORDER_NOT_CARRIED",
    "message": "Order not in carried list: order_105",
    "details": {
      "orderId": "order_105"
    }
  }
}

--------------------------------------------------------------------------------

[AI Client] History limit reached. Trimmed to 100 non-system messages (removed 2 oldest messages)

──────────────────────────────────────────────────────────────────────
⏰ 时间: 23:40    | 🔄 迭代: 262
📍 位置: node_88    | 🔋 电量: 92.0% (46.0km)
💰 利润: ¥361.97   | ✅ 完成: 20 单
📦 背包: 1/5 单 | ⚖️  重量: 8.02/10kg
   1. order_105 🛒 ⏳待取餐 - 8.02kg - ¥27.27
💬 AI: Executed 1 tool call(s)

================================================================================
[对话轮次 #262] ASSISTANT
================================================================================

【Tool Calls】

  [1] accept_order
  Arguments:
    {
        "orderId": "order_105"
    }

================================================================================


--------------------------------------------------------------------------------
[对话轮次 #262] TOOL: accept_order
--------------------------------------------------------------------------------

【Result】
{
  "success": true,
  "data": {
    "success": true,
    "order": {
      "id": "order_105",
      "type": "supermarket",
      "name": "[\"日用品\",\"蔬菜\",\"肉类\",\"零食\"]",
      "pickupLocation": "node_88",
      "deliveryLocation": "node_6",
      "distance": 11.414213562373096,
      "itemPrice": 107.95418428257108,
      "deliveryFee": 27.266424890410182,
      "weight": 8.022808562964201,
      "timeLimit": 45.24264068711929,
      "createdAt": 1412.5939392393402,
      "pickedUp": false,
      "delivered": false,
      "acceptedAt": 1420.5939392393402,
      "deadline": 1465.8365799264595
    }
  }
}

--------------------------------------------------------------------------------

[AI Client] History limit reached. Trimmed to 100 non-system messages (removed 2 oldest messages)

──────────────────────────────────────────────────────────────────────
⏰ 时间: 23:42    | 🔄 迭代: 263
📍 位置: node_88    | 🔋 电量: 92.0% (46.0km)
💰 利润: ¥361.97   | ✅ 完成: 20 单
📦 背包: 1/5 单 | ⚖️  重量: 8.02/10kg
   1. order_105 🛒 ✓已取餐 - 8.02kg - ¥27.27
💬 AI: Executed 1 tool call(s)

================================================================================
[对话轮次 #263] ASSISTANT
================================================================================

【Tool Calls】

  [1] pickup_food
  Arguments:
    {
        "orderId": "order_105"
    }

================================================================================


--------------------------------------------------------------------------------
[对话轮次 #263] TOOL: pickup_food
--------------------------------------------------------------------------------

【Result】
{
  "success": true,
  "data": {
    "success": true,
    "timeCost": 2
  }
}

--------------------------------------------------------------------------------

[AI Client] History limit reached. Trimmed to 100 non-system messages (removed 2 oldest messages)

──────────────────────────────────────────────────────────────────────
⏰ 时间: 00:05    | 🔄 迭代: 264
📍 位置: node_6     | 🔋 电量: 69.2% (34.6km)
💰 利润: ¥361.97   | ✅ 完成: 20 单
📦 背包: 1/5 单 | ⚖️  重量: 8.02/10kg
   1. order_105 🛒 ✓已取餐 - 8.02kg - ¥27.27
💬 AI: Executed 1 tool call(s)

================================================================================
[对话轮次 #264] ASSISTANT
================================================================================

【Tool Calls】

  [1] move_to
  Arguments:
    {
        "targetLocationId": "node_6"
    }

================================================================================


--------------------------------------------------------------------------------
[对话轮次 #264] TOOL: move_to
--------------------------------------------------------------------------------

【Result】
{
  "success": true,
  "data": {
    "success": true,
    "timeCost": 22.82842712474619,
    "batteryCost": 22.82842712474619,
    "newPosition": "node_6",
    "distance": 11.414213562373096
  }
}

--------------------------------------------------------------------------------

[AI Client] History limit reached. Trimmed to 100 non-system messages (removed 2 oldest messages)

──────────────────────────────────────────────────────────────────────
✅ 订单完成: order_105 🛒
   配送费: ¥27.27
   实际收入: ¥27.27
   状态: 准时完成
──────────────────────────────────────────────────────────────────────

──────────────────────────────────────────────────────────────────────
⏰ 时间: 00:06    | 🔄 迭代: 265
📍 位置: node_6     | 🔋 电量: 69.2% (34.6km)
💰 利润: ¥389.24   | ✅ 完成: 21 单
📦 背包: 空
💬 AI: Executed 1 tool call(s)

================================================================================
[对话轮次 #265] ASSISTANT
================================================================================

【Tool Calls】

  [1] deliver_food
  Arguments:
    {
        "orderId": "order_105"
    }

================================================================================


--------------------------------------------------------------------------------
[对话轮次 #265] TOOL: deliver_food
--------------------------------------------------------------------------------

【Result】
{
  "success": true,
  "data": {
    "success": true,
    "payment": 27.266424890410182,
    "overtime": 0,
    "penalty": 0,
    "timeCost": 1
  }
}

--------------------------------------------------------------------------------

[OrderGenerator] Removing 2 expired order(s): order_103, order_108
[AI Client] History limit reached. Trimmed to 100 non-system messages (removed 2 oldest messages)

──────────────────────────────────────────────────────────────────────
⏰ 时间: 00:06    | 🔄 迭代: 266
📍 位置: node_6     | 🔋 电量: 69.2% (34.6km)
💰 利润: ¥389.24   | ✅ 完成: 21 单
📦 背包: 空
💬 AI: Executed 1 tool call(s)

================================================================================
[对话轮次 #266] ASSISTANT
================================================================================

【Tool Calls】

  [1] get_my_status
  Arguments:
    {}

================================================================================


--------------------------------------------------------------------------------
[对话轮次 #266] TOOL: get_my_status
--------------------------------------------------------------------------------

【Result】
{
  "success": true,
  "data": {
    "position": "node_6",
    "battery": 69.17157287525382,
    "batteryRange": 34.58578643762691,
    "acceptedOrders": [],
    "carriedOrders": [],
    "totalWeight": 0,
    "remainingCapacity": 10,
    "currentTime": 1446.4223663640864,
    "formattedTime": "00:6.422366364086429",
    "remainingTime": 353.57763363591357,
    "formattedRemainingTime": "5小时53.57763363591357分钟",
    "profit": 389.23697265190805
  }
}

--------------------------------------------------------------------------------

[AI Client] History limit reached. Trimmed to 100 non-system messages (removed 2 oldest messages)

──────────────────────────────────────────────────────────────────────
⏰ 时间: 00:06    | 🔄 迭代: 267
📍 位置: node_6     | 🔋 电量: 69.2% (34.6km)
💰 利润: ¥389.24   | ✅ 完成: 21 单
📦 背包: 空
💬 AI: Executed 1 tool call(s)

================================================================================
[对话轮次 #267] ASSISTANT
================================================================================

【Tool Calls】

  [1] search_nearby_orders
  Arguments:
    {
        "radius": 10
    }

================================================================================


--------------------------------------------------------------------------------
[对话轮次 #267] TOOL: search_nearby_orders
--------------------------------------------------------------------------------

【Result】
{
  "success": true,
  "data": {
    "orders": []
  }
}

--------------------------------------------------------------------------------

[AI Client] History limit reached. Trimmed to 100 non-system messages (removed 2 oldest messages)

──────────────────────────────────────────────────────────────────────
⏰ 时间: 00:06    | 🔄 迭代: 268
📍 位置: node_6     | 🔋 电量: 69.2% (34.6km)
💰 利润: ¥389.24   | ✅ 完成: 21 单
📦 背包: 空
💬 AI: Executed 1 tool call(s)

================================================================================
[对话轮次 #268] ASSISTANT
================================================================================

【Tool Calls】

  [1] search_nearby_orders
  Arguments:
    {
        "radius": 20
    }

================================================================================


--------------------------------------------------------------------------------
[对话轮次 #268] TOOL: search_nearby_orders
--------------------------------------------------------------------------------

【Result】
{
  "success": true,
  "data": {
    "orders": [
      {
        "id": "order_106",
        "type": "food",
        "name": "[\"酸辣瓜条\",\"红酒烩鸽脯\",\"马利宾菠萝汁\"]",
        "deliveryFee": 24.214471622160637,
        "weight": 0.6235712502384558,
        "itemPrice": 76.55571542447433,
        "pickupLocation": "node_43",
        "deliveryLocation": "node_8",
        "distance": 14,
        "estimatedTimeLimit": 53
      },
      {
        "id": "order_107",
        "type": "food",
        "name": "[\"冬瑶花胶炖石蛙\",\"牛角包\"]",
        "deliveryFee": 7.632148126349785,
        "weight": 0.9087904596235603,
        "itemPrice": 32.956378479721025,
        "pickupLocation": "node_40",
        "deliveryLocation": "node_48",
        "distance": 5,
        "estimatedTimeLimit": 26
      },
      {
        "id": "order_109",
        "type": "supermarket",
        "name": "[\"蔬菜\",\"水果\",\"零食\",\"调味品\"]",
        "deliveryFee": 13.000075537897647,
        "weight": 7.509102307958528,
        "itemPrice": 51.76515022292733,
        "pickupLocation": "node_75",
        "deliveryLocation": "node_50",
        "distance": 7,
        "estimatedTimeLimit": 32
      }
    ]
  }
}

--------------------------------------------------------------------------------

[AI Client] History limit reached. Trimmed to 100 non-system messages (removed 2 oldest messages)

──────────────────────────────────────────────────────────────────────
⏰ 时间: 00:06    | 🔄 迭代: 269
📍 位置: node_6     | 🔋 电量: 69.2% (34.6km)
💰 利润: ¥389.24   | ✅ 完成: 21 单
📦 背包: 空
💬 AI: Executed 1 tool call(s)

================================================================================
[对话轮次 #269] ASSISTANT
================================================================================

【Tool Calls】

  [1] calculate_distance
  Arguments:
    {
        "fromId": "node_6",
        "toId": "node_43"
    }

================================================================================


--------------------------------------------------------------------------------
[对话轮次 #269] TOOL: calculate_distance
--------------------------------------------------------------------------------

【Result】
{
  "success": true,
  "data": {
    "distance": 12,
    "path": [
      "node_6",
      "node_53",
      "node_86",
      "node_97",
      "node_68",
      "node_93",
      "node_72",
      "node_43"
    ]
  }
}

--------------------------------------------------------------------------------

[AI Client] History limit reached. Trimmed to 100 non-system messages (removed 2 oldest messages)

──────────────────────────────────────────────────────────────────────
⏰ 时间: 00:06    | 🔄 迭代: 270
📍 位置: node_6     | 🔋 电量: 69.2% (34.6km)
💰 利润: ¥389.24   | ✅ 完成: 21 单
📦 背包: 空
💬 AI: Executed 1 tool call(s)

================================================================================
[对话轮次 #270] ASSISTANT
================================================================================

【Tool Calls】

  [1] calculate_distance
  Arguments:
    {
        "fromId": "node_6",
        "toId": "node_40"
    }

================================================================================


--------------------------------------------------------------------------------
[对话轮次 #270] TOOL: calculate_distance
--------------------------------------------------------------------------------

【Result】
{
  "success": true,
  "data": {
    "distance": 13.414213562373096,
    "path": [
      "node_6",
      "node_53",
      "node_22",
      "node_16",
      "node_5",
      "node_70",
      "node_80",
      "node_50",
      "node_18",
      "node_8",
      "node_20",
      "node_40"
    ]
  }
}

--------------------------------------------------------------------------------

[AI Client] History limit reached. Trimmed to 100 non-system messages (removed 2 oldest messages)

──────────────────────────────────────────────────────────────────────
⏰ 时间: 00:06    | 🔄 迭代: 271
📍 位置: node_6     | 🔋 电量: 69.2% (34.6km)
💰 利润: ¥389.24   | ✅ 完成: 21 单
📦 背包: 空
💬 AI: Executed 1 tool call(s)

================================================================================
[对话轮次 #271] ASSISTANT
================================================================================

【Tool Calls】

  [1] calculate_distance
  Arguments:
    {
        "fromId": "node_6",
        "toId": "node_75"
    }

================================================================================


--------------------------------------------------------------------------------
[对话轮次 #271] TOOL: calculate_distance
--------------------------------------------------------------------------------

【Result】
{
  "success": true,
  "data": {
    "distance": 16.414213562373096,
    "path": [
      "node_6",
      "node_53",
      "node_22",
      "node_16",
      "node_5",
      "node_70",
      "node_46",
      "node_67",
      "node_69",
      "node_14",
      "node_17",
      "node_39",
      "node_75"
    ]
  }
}

--------------------------------------------------------------------------------

[AI Client] History limit reached. Trimmed to 100 non-system messages (removed 2 oldest messages)

──────────────────────────────────────────────────────────────────────
⏰ 时间: 00:06    | 🔄 迭代: 272
📍 位置: node_6     | 🔋 电量: 69.2% (34.6km)
💰 利润: ¥389.24   | ✅ 完成: 21 单
📦 背包: 空
💬 AI: Executed 1 tool call(s)

================================================================================
[对话轮次 #272] ASSISTANT
================================================================================

【Tool Calls】

  [1] calculate_distance
  Arguments:
    {
        "fromId": "node_43",
        "toId": "node_8"
    }

================================================================================


--------------------------------------------------------------------------------
[对话轮次 #272] TOOL: calculate_distance
--------------------------------------------------------------------------------

【Result】
{
  "success": true,
  "data": {
    "distance": 14,
    "path": [
      "node_43",
      "node_61",
      "node_30",
      "node_74",
      "node_88",
      "node_39",
      "node_17",
      "node_18",
      "node_8"
    ]
  }
}

--------------------------------------------------------------------------------

[AI Client] History limit reached. Trimmed to 100 non-system messages (removed 2 oldest messages)

──────────────────────────────────────────────────────────────────────
⏰ 时间: 00:06    | 🔄 迭代: 273
📍 位置: node_6     | 🔋 电量: 69.2% (34.6km)
💰 利润: ¥389.24   | ✅ 完成: 21 单
📦 背包: 1/5 单 | ⚖️  重量: 0.62/10kg
   1. order_106 🍔 ⏳待取餐 - 0.62kg - ¥24.51
💬 AI: Executed 1 tool call(s)

================================================================================
[对话轮次 #273] ASSISTANT
================================================================================

【Tool Calls】

  [1] accept_order
  Arguments:
    {
        "orderId": "order_106"
    }

================================================================================


--------------------------------------------------------------------------------
[对话轮次 #273] TOOL: accept_order
--------------------------------------------------------------------------------

【Result】
{
  "success": true,
  "data": {
    "success": true,
    "order": {
      "id": "order_106",
      "type": "food",
      "name": "[\"酸辣瓜条\",\"红酒烩鸽脯\",\"马利宾菠萝汁\"]",
      "pickupLocation": "node_43",
      "deliveryLocation": "node_8",
      "distance": 14,
      "itemPrice": 76.55571542447433,
      "deliveryFee": 24.514471622160638,
      "weight": 0.6235712502384558,
      "timeLimit": 53,
      "createdAt": 1420.5939392393402,
      "pickedUp": false,
      "delivered": false,
      "acceptedAt": 1446.4223663640864,
      "deadline": 1499.4223663640864
    }
  }
}

--------------------------------------------------------------------------------

[AI Client] History limit reached. Trimmed to 100 non-system messages (removed 2 oldest messages)

──────────────────────────────────────────────────────────────────────
⏰ 时间: 00:30    | 🔄 迭代: 274
📍 位置: node_43    | 🔋 电量: 45.2% (22.6km)
💰 利润: ¥389.24   | ✅ 完成: 21 单
📦 背包: 1/5 单 | ⚖️  重量: 0.62/10kg
   1. order_106 🍔 ⏳待取餐 - 0.62kg - ¥24.51
💬 AI: Executed 1 tool call(s)

================================================================================
[对话轮次 #274] ASSISTANT
================================================================================

【Tool Calls】

  [1] move_to
  Arguments:
    {
        "targetLocationId": "node_43"
    }

================================================================================


--------------------------------------------------------------------------------
[对话轮次 #274] TOOL: move_to
--------------------------------------------------------------------------------

【Result】
{
  "success": true,
  "data": {
    "success": true,
    "timeCost": 24,
    "batteryCost": 24,
    "newPosition": "node_43",
    "distance": 12
  }
}

--------------------------------------------------------------------------------

[AI Client] History limit reached. Trimmed to 100 non-system messages (removed 2 oldest messages)

──────────────────────────────────────────────────────────────────────
⏰ 时间: 00:32    | 🔄 迭代: 275
📍 位置: node_43    | 🔋 电量: 45.2% (22.6km)
💰 利润: ¥389.24   | ✅ 完成: 21 单
📦 背包: 1/5 单 | ⚖️  重量: 0.62/10kg
   1. order_106 🍔 ✓已取餐 - 0.62kg - ¥24.51
💬 AI: Executed 1 tool call(s)

================================================================================
[对话轮次 #275] ASSISTANT
================================================================================

【Tool Calls】

  [1] pickup_food
  Arguments:
    {
        "orderId": "order_106"
    }

================================================================================


--------------------------------------------------------------------------------
[对话轮次 #275] TOOL: pickup_food
--------------------------------------------------------------------------------

【Result】
{
  "success": true,
  "data": {
    "success": true,
    "timeCost": 2
  }
}

--------------------------------------------------------------------------------

[OrderGenerator] Removing 1 expired order(s): order_107
[AI Client] History limit reached. Trimmed to 100 non-system messages (removed 2 oldest messages)

──────────────────────────────────────────────────────────────────────
⏰ 时间: 01:00    | 🔄 迭代: 276
📍 位置: node_8     | 🔋 电量: 17.2% (8.6km)
💰 利润: ¥389.24   | ✅ 完成: 21 单
📦 背包: 1/5 单 | ⚖️  重量: 0.62/10kg
   1. order_106 🍔 ✓已取餐 - 0.62kg - ¥24.51
💬 AI: Executed 1 tool call(s)

================================================================================
[对话轮次 #276] ASSISTANT
================================================================================

【Tool Calls】

  [1] move_to
  Arguments:
    {
        "targetLocationId": "node_8"
    }

================================================================================


--------------------------------------------------------------------------------
[对话轮次 #276] TOOL: move_to
--------------------------------------------------------------------------------

【Result】
{
  "success": true,
  "data": {
    "success": true,
    "timeCost": 28,
    "batteryCost": 28,
    "newPosition": "node_8",
    "distance": 14
  }
}

--------------------------------------------------------------------------------

[AI Client] History limit reached. Trimmed to 100 non-system messages (removed 2 oldest messages)

──────────────────────────────────────────────────────────────────────
⏰ 订单完成: order_106 🍔
   配送费: ¥24.51
   实际收入: ¥24.51
   状态: 超时2.0分钟
──────────────────────────────────────────────────────────────────────

──────────────────────────────────────────────────────────────────────
⏰ 时间: 01:01    | 🔄 迭代: 277
📍 位置: node_8     | 🔋 电量: 17.2% (8.6km)
💰 利润: ¥413.75   | ✅ 完成: 22 单
📦 背包: 空
💬 AI: Executed 1 tool call(s)

================================================================================
[对话轮次 #277] ASSISTANT
================================================================================

【Tool Calls】

  [1] deliver_food
  Arguments:
    {
        "orderId": "order_106"
    }

================================================================================


--------------------------------------------------------------------------------
[对话轮次 #277] TOOL: deliver_food
--------------------------------------------------------------------------------

【Result】
{
  "success": true,
  "data": {
    "success": true,
    "payment": 24.514471622160638,
    "overtime": 2,
    "penalty": 0,
    "timeCost": 1
  }
}

--------------------------------------------------------------------------------

[AI Client] History limit reached. Trimmed to 100 non-system messages (removed 2 oldest messages)

──────────────────────────────────────────────────────────────────────
⏰ 时间: 01:01    | 🔄 迭代: 278
📍 位置: node_8     | 🔋 电量: 17.2% (8.6km)
💰 利润: ¥413.75   | ✅ 完成: 22 单
📦 背包: 空
💬 AI: Executed 1 tool call(s)

================================================================================
[对话轮次 #278] ASSISTANT
================================================================================

【Tool Calls】

  [1] get_my_status
  Arguments:
    {}

================================================================================


--------------------------------------------------------------------------------
[对话轮次 #278] TOOL: get_my_status
--------------------------------------------------------------------------------

【Result】
{
  "success": true,
  "data": {
    "position": "node_8",
    "battery": 17.171572875253815,
    "batteryRange": 8.585786437626908,
    "acceptedOrders": [],
    "carriedOrders": [],
    "totalWeight": 0,
    "remainingCapacity": 10,
    "currentTime": 1501.4223663640864,
    "formattedTime": "01:1.4223663640864288",
    "remainingTime": 298.57763363591357,
    "formattedRemainingTime": "4小时58.57763363591357分钟",
    "profit": 413.75144427406866
  }
}

--------------------------------------------------------------------------------

[AI Client] History limit reached. Trimmed to 100 non-system messages (removed 2 oldest messages)

──────────────────────────────────────────────────────────────────────
⏰ 时间: 01:01    | 🔄 迭代: 279
📍 位置: node_8     | 🔋 电量: 17.2% (8.6km)
💰 利润: ¥413.75   | ✅ 完成: 22 单
📦 背包: 空
💬 AI: Executed 1 tool call(s)

================================================================================
[对话轮次 #279] ASSISTANT
================================================================================

【Tool Calls】

  [1] search_nearby_battery_stations
  Arguments:
    {
        "radius": 10
    }

================================================================================


--------------------------------------------------------------------------------
[对话轮次 #279] TOOL: search_nearby_battery_stations
--------------------------------------------------------------------------------

【Result】
{
  "success": true,
  "data": {
    "stations": [
      {
        "id": "node_41",
        "name": "换电站_41",
        "distance": 1,
        "estimatedTime": 2,
        "position": {
          "x": 10,
          "y": 8
        }
      },
      {
        "id": "node_69",
        "name": "换电站_69",
        "distance": 5,
        "estimatedTime": 10,
        "position": {
          "x": 6,
          "y": 8
        }
      },
      {
        "id": "node_65",
        "name": "换电站_65",
        "distance": 6,
        "estimatedTime": 12,
        "position": {
          "x": 11,
          "y": 14
        }
      },
      {
        "id": "node_97",
        "name": "换电站_97",
        "distance": 7,
        "estimatedTime": 14,
        "position": {
          "x": 3,
          "y": 9
        }
      },
      {
        "id": "node_5",
        "name": "换电站_5",
        "distance": 7.414213562373095,
        "estimatedTime": 14.82842712474619,
        "position": {
          "x": 4,
          "y": 11
        }
      },
      {
        "id": "node_32",
        "name": "换电站_32",
        "distance": 9.414213562373096,
        "estimatedTime": 18.82842712474619,
        "position": {
          "x": 2,
          "y": 11
        }
      },
      {
        "id": "node_2",
        "name": "换电站_2",
        "distance": 10,
        "estimatedTime": 20,
        "position": {
          "x": 5,
          "y": 4
        }
      }
    ]
  }
}

--------------------------------------------------------------------------------

[AI Client] History limit reached. Trimmed to 100 non-system messages (removed 2 oldest messages)

──────────────────────────────────────────────────────────────────────
⏰ 时间: 01:03    | 🔄 迭代: 280
📍 位置: node_41    | 🔋 电量: 15.2% (7.6km)
💰 利润: ¥413.75   | ✅ 完成: 22 单
📦 背包: 空
💬 AI: Executed 1 tool call(s)

================================================================================
[对话轮次 #280] ASSISTANT
================================================================================

【Tool Calls】

  [1] move_to
  Arguments:
    {
        "targetLocationId": "node_41"
    }

================================================================================


--------------------------------------------------------------------------------
[对话轮次 #280] TOOL: move_to
--------------------------------------------------------------------------------

【Result】
{
  "success": true,
  "data": {
    "success": true,
    "timeCost": 2,
    "batteryCost": 2,
    "newPosition": "node_41",
    "distance": 1
  }
}

--------------------------------------------------------------------------------

[OrderGenerator] Removing 4 expired order(s): order_109, order_110, order_112, order_113
[AI Client] History limit reached. Trimmed to 100 non-system messages (removed 2 oldest messages)

──────────────────────────────────────────────────────────────────────
⏰ 时间: 01:04    | 🔄 迭代: 281
📍 位置: node_41    | 🔋 电量: 100.0% (50.0km)
💰 利润: ¥413.25   | ✅ 完成: 22 单
📦 背包: 空
💬 AI: Executed 1 tool call(s)

================================================================================
[对话轮次 #281] ASSISTANT
================================================================================

【Tool Calls】

  [1] swap_battery
  Arguments:
    {}

================================================================================


--------------------------------------------------------------------------------
[对话轮次 #281] TOOL: swap_battery
--------------------------------------------------------------------------------

【Result】
{
  "success": true,
  "data": {
    "success": true,
    "cost": 0.5,
    "timeCost": 1,
    "newBattery": 100
  }
}

--------------------------------------------------------------------------------

[AI Client] History limit reached. Trimmed to 100 non-system messages (removed 2 oldest messages)

──────────────────────────────────────────────────────────────────────
⏰ 时间: 01:04    | 🔄 迭代: 282
📍 位置: node_41    | 🔋 电量: 100.0% (50.0km)
💰 利润: ¥413.25   | ✅ 完成: 22 单
📦 背包: 空
💬 AI: Executed 1 tool call(s)

================================================================================
[对话轮次 #282] ASSISTANT
================================================================================

【Tool Calls】

  [1] search_nearby_orders
  Arguments:
    {
        "radius": 10
    }

================================================================================


--------------------------------------------------------------------------------
[对话轮次 #282] TOOL: search_nearby_orders
--------------------------------------------------------------------------------

【Result】
{
  "success": true,
  "data": {
    "orders": [
      {
        "id": "order_111",
        "type": "pharmacy",
        "name": "[\"口罩\",\"保健品\"]",
        "deliveryFee": 25.735919989005687,
        "weight": 0.10770433720899747,
        "itemPrice": 71.30415545077994,
        "pickupLocation": "node_38",
        "deliveryLocation": "node_27",
        "distance": 16.414213562373096,
        "estimatedTimeLimit": 60.24264068711929
      },
      {
        "id": "order_114",
        "type": "supermarket",
        "name": "[\"饮料\",\"清洁用品\",\"水果\",\"日用品\"]",
        "deliveryFee": 29.730814615357673,
        "weight": 9.273594409460202,
        "itemPrice": 144.29890950210392,
        "pickupLocation": "node_75",
        "deliveryLocation": "node_31",
        "distance": 8,
        "estimatedTimeLimit": 35
      },
      {
        "id": "order_115",
        "type": "pharmacy",
        "name": "[\"保健品\"]",
        "deliveryFee": 19.038407286943894,
        "weight": 0.16473099901340904,
        "itemPrice": 44.023298469837755,
        "pickupLocation": "node_38",
        "deliveryLocation": "node_9",
        "distance": 14.414213562373096,
        "estimatedTimeLimit": 54.24264068711929
      }
    ]
  }
}

--------------------------------------------------------------------------------

[AI Client] History limit reached. Trimmed to 100 non-system messages (removed 2 oldest messages)

──────────────────────────────────────────────────────────────────────
⏰ 时间: 01:04    | 🔄 迭代: 283
📍 位置: node_41    | 🔋 电量: 100.0% (50.0km)
💰 利润: ¥413.25   | ✅ 完成: 22 单
📦 背包: 空
💬 AI: Executed 1 tool call(s)

================================================================================
[对话轮次 #283] ASSISTANT
================================================================================

【Tool Calls】

  [1] calculate_distance
  Arguments:
    {
        "fromId": "node_41",
        "toId": "node_38"
    }

================================================================================


--------------------------------------------------------------------------------
[对话轮次 #283] TOOL: calculate_distance
--------------------------------------------------------------------------------

【Result】
{
  "success": true,
  "data": {
    "distance": 8,
    "path": [
      "node_41",
      "node_17",
      "node_14",
      "node_69",
      "node_92",
      "node_68",
      "node_38"
    ]
  }
}

--------------------------------------------------------------------------------

[AI Client] History limit reached. Trimmed to 100 non-system messages (removed 2 oldest messages)

──────────────────────────────────────────────────────────────────────
⏰ 时间: 01:04    | 🔄 迭代: 284
📍 位置: node_41    | 🔋 电量: 100.0% (50.0km)
💰 利润: ¥413.25   | ✅ 完成: 22 单
📦 背包: 空
💬 AI: Executed 1 tool call(s)

================================================================================
[对话轮次 #284] ASSISTANT
================================================================================

【Tool Calls】

  [1] calculate_distance
  Arguments:
    {
        "fromId": "node_41",
        "toId": "node_75"
    }

================================================================================


--------------------------------------------------------------------------------
[对话轮次 #284] TOOL: calculate_distance
--------------------------------------------------------------------------------

【Result】
{
  "success": true,
  "data": {
    "distance": 6,
    "path": [
      "node_41",
      "node_17",
      "node_39",
      "node_75"
    ]
  }
}

--------------------------------------------------------------------------------

[AI Client] History limit reached. Trimmed to 100 non-system messages (removed 2 oldest messages)

──────────────────────────────────────────────────────────────────────
⏰ 时间: 01:04    | 🔄 迭代: 285
📍 位置: node_41    | 🔋 电量: 100.0% (50.0km)
💰 利润: ¥413.25   | ✅ 完成: 22 单
📦 背包: 空
💬 AI: Executed 1 tool call(s)

================================================================================
[对话轮次 #285] ASSISTANT
================================================================================

【Tool Calls】

  [1] calculate_distance
  Arguments:
    {
        "fromId": "node_75",
        "toId": "node_31"
    }

================================================================================


--------------------------------------------------------------------------------
[对话轮次 #285] TOOL: calculate_distance
--------------------------------------------------------------------------------

【Result】
{
  "success": true,
  "data": {
    "distance": 8,
    "path": [
      "node_75",
      "node_87",
      "node_21",
      "node_72",
      "node_34",
      "node_31"
    ]
  }
}

--------------------------------------------------------------------------------

[AI Client] History limit reached. Trimmed to 100 non-system messages (removed 2 oldest messages)

──────────────────────────────────────────────────────────────────────
⏰ 时间: 01:04    | 🔄 迭代: 286
📍 位置: node_41    | 🔋 电量: 100.0% (50.0km)
💰 利润: ¥413.25   | ✅ 完成: 22 单
📦 背包: 1/5 单 | ⚖️  重量: 9.27/10kg
   1. order_114 🛒 ⏳待取餐 - 9.27kg - ¥29.73
💬 AI: Executed 1 tool call(s)

================================================================================
[对话轮次 #286] ASSISTANT
================================================================================

【Tool Calls】

  [1] accept_order
  Arguments:
    {
        "orderId": "order_114"
    }

================================================================================


--------------------------------------------------------------------------------
[对话轮次 #286] TOOL: accept_order
--------------------------------------------------------------------------------

【Result】
{
  "success": true,
  "data": {
    "success": true,
    "order": {
      "id": "order_114",
      "type": "supermarket",
      "name": "[\"饮料\",\"清洁用品\",\"水果\",\"日用品\"]",
      "pickupLocation": "node_75",
      "deliveryLocation": "node_31",
      "distance": 8,
      "itemPrice": 144.29890950210392,
      "deliveryFee": 29.730814615357673,
      "weight": 9.273594409460202,
      "timeLimit": 35,
      "createdAt": 1503.4223663640864,
      "pickedUp": false,
      "delivered": false,
      "acceptedAt": 1504.4223663640864,
      "deadline": 1539.4223663640864
    }
  }
}

--------------------------------------------------------------------------------

[AI Client] History limit reached. Trimmed to 100 non-system messages (removed 2 oldest messages)

──────────────────────────────────────────────────────────────────────
⏰ 时间: 01:16    | 🔄 迭代: 287
📍 位置: node_75    | 🔋 电量: 88.0% (44.0km)
💰 利润: ¥413.25   | ✅ 完成: 22 单
📦 背包: 1/5 单 | ⚖️  重量: 9.27/10kg
   1. order_114 🛒 ⏳待取餐 - 9.27kg - ¥29.73
💬 AI: Executed 1 tool call(s)

================================================================================
[对话轮次 #287] ASSISTANT
================================================================================

【Tool Calls】

  [1] move_to
  Arguments:
    {
        "targetLocationId": "node_75"
    }

================================================================================


--------------------------------------------------------------------------------
[对话轮次 #287] TOOL: move_to
--------------------------------------------------------------------------------

【Result】
{
  "success": true,
  "data": {
    "success": true,
    "timeCost": 12,
    "batteryCost": 12,
    "newPosition": "node_75",
    "distance": 6
  }
}

--------------------------------------------------------------------------------

[AI Client] History limit reached. Trimmed to 100 non-system messages (removed 2 oldest messages)

──────────────────────────────────────────────────────────────────────
⏰ 时间: 01:18    | 🔄 迭代: 288
📍 位置: node_75    | 🔋 电量: 88.0% (44.0km)
💰 利润: ¥413.25   | ✅ 完成: 22 单
📦 背包: 1/5 单 | ⚖️  重量: 9.27/10kg
   1. order_114 🛒 ✓已取餐 - 9.27kg - ¥29.73
💬 AI: Executed 1 tool call(s)

================================================================================
[对话轮次 #288] ASSISTANT
================================================================================

【Tool Calls】

  [1] pickup_food
  Arguments:
    {
        "orderId": "order_114"
    }

================================================================================


--------------------------------------------------------------------------------
[对话轮次 #288] TOOL: pickup_food
--------------------------------------------------------------------------------

【Result】
{
  "success": true,
  "data": {
    "success": true,
    "timeCost": 2
  }
}

--------------------------------------------------------------------------------

[AI Client] History limit reached. Trimmed to 100 non-system messages (removed 2 oldest messages)

──────────────────────────────────────────────────────────────────────
⏰ 时间: 01:34    | 🔄 迭代: 289
📍 位置: node_31    | 🔋 电量: 72.0% (36.0km)
💰 利润: ¥413.25   | ✅ 完成: 22 单
📦 背包: 1/5 单 | ⚖️  重量: 9.27/10kg
   1. order_114 🛒 ✓已取餐 - 9.27kg - ¥29.73
💬 AI: Executed 1 tool call(s)

================================================================================
[对话轮次 #289] ASSISTANT
================================================================================

【Tool Calls】

  [1] move_to
  Arguments:
    {
        "targetLocationId": "node_31"
    }

================================================================================


--------------------------------------------------------------------------------
[对话轮次 #289] TOOL: move_to
--------------------------------------------------------------------------------

【Result】
{
  "success": true,
  "data": {
    "success": true,
    "timeCost": 16,
    "batteryCost": 16,
    "newPosition": "node_31",
    "distance": 8
  }
}

--------------------------------------------------------------------------------

[AI Client] History limit reached. Trimmed to 100 non-system messages (removed 2 oldest messages)

──────────────────────────────────────────────────────────────────────
✅ 订单完成: order_114 🛒
   配送费: ¥29.73
   实际收入: ¥29.73
   状态: 准时完成
──────────────────────────────────────────────────────────────────────

──────────────────────────────────────────────────────────────────────
⏰ 时间: 01:35    | 🔄 迭代: 290
📍 位置: node_31    | 🔋 电量: 72.0% (36.0km)
💰 利润: ¥442.98   | ✅ 完成: 23 单
📦 背包: 空
💬 AI: Executed 1 tool call(s)

================================================================================
[对话轮次 #290] ASSISTANT
================================================================================

【Tool Calls】

  [1] deliver_food
  Arguments:
    {
        "orderId": "order_114"
    }

================================================================================


--------------------------------------------------------------------------------
[对话轮次 #290] TOOL: deliver_food
--------------------------------------------------------------------------------

【Result】
{
  "success": true,
  "data": {
    "success": true,
    "payment": 29.730814615357673,
    "overtime": 0,
    "penalty": 0,
    "timeCost": 1
  }
}

--------------------------------------------------------------------------------

[OrderGenerator] Removing 2 expired order(s): order_111, order_116
[AI Client] History limit reached. Trimmed to 100 non-system messages (removed 2 oldest messages)

──────────────────────────────────────────────────────────────────────
⏰ 时间: 01:35    | 🔄 迭代: 291
📍 位置: node_31    | 🔋 电量: 72.0% (36.0km)
💰 利润: ¥442.98   | ✅ 完成: 23 单
📦 背包: 空
💬 AI: Executed 1 tool call(s)

================================================================================
[对话轮次 #291] ASSISTANT
================================================================================

【Tool Calls】

  [1] get_my_status
  Arguments:
    {}

================================================================================


--------------------------------------------------------------------------------
[对话轮次 #291] TOOL: get_my_status
--------------------------------------------------------------------------------

【Result】
{
  "success": true,
  "data": {
    "position": "node_31",
    "battery": 72,
    "batteryRange": 36,
    "acceptedOrders": [],
    "carriedOrders": [],
    "totalWeight": 0,
    "remainingCapacity": 10,
    "currentTime": 1535.4223663640864,
    "formattedTime": "01:35.42236636408643",
    "remainingTime": 264.57763363591357,
    "formattedRemainingTime": "4小时24.57763363591357分钟",
    "profit": 442.98225888942636
  }
}

--------------------------------------------------------------------------------

[AI Client] History limit reached. Trimmed to 100 non-system messages (removed 2 oldest messages)

──────────────────────────────────────────────────────────────────────
⏰ 时间: 01:35    | 🔄 迭代: 292
📍 位置: node_31    | 🔋 电量: 72.0% (36.0km)
💰 利润: ¥442.98   | ✅ 完成: 23 单
📦 背包: 空
💬 AI: Executed 1 tool call(s)

================================================================================
[对话轮次 #292] ASSISTANT
================================================================================

【Tool Calls】

  [1] search_nearby_orders
  Arguments:
    {
        "radius": 10
    }

================================================================================


--------------------------------------------------------------------------------
[对话轮次 #292] TOOL: search_nearby_orders
--------------------------------------------------------------------------------

【Result】
{
  "success": true,
  "data": {
    "orders": [
      {
        "id": "order_115",
        "type": "pharmacy",
        "name": "[\"保健品\"]",
        "deliveryFee": 19.038407286943894,
        "weight": 0.16473099901340904,
        "itemPrice": 44.023298469837755,
        "pickupLocation": "node_38",
        "deliveryLocation": "node_9",
        "distance": 14.414213562373096,
        "estimatedTimeLimit": 54.24264068711929
      }
    ]
  }
}

--------------------------------------------------------------------------------

[AI Client] History limit reached. Trimmed to 100 non-system messages (removed 2 oldest messages)

──────────────────────────────────────────────────────────────────────
⏰ 时间: 01:35    | 🔄 迭代: 293
📍 位置: node_31    | 🔋 电量: 72.0% (36.0km)
💰 利润: ¥442.98   | ✅ 完成: 23 单
📦 背包: 空
💬 AI: Executed 1 tool call(s)

================================================================================
[对话轮次 #293] ASSISTANT
================================================================================

【Tool Calls】

  [1] calculate_distance
  Arguments:
    {
        "fromId": "node_31",
        "toId": "node_38"
    }

================================================================================


--------------------------------------------------------------------------------
[对话轮次 #293] TOOL: calculate_distance
--------------------------------------------------------------------------------

【Result】
{
  "success": true,
  "data": {
    "distance": 5.414213562373095,
    "path": [
      "node_31",
      "node_52",
      "node_78",
      "node_35",
      "node_38"
    ]
  }
}

--------------------------------------------------------------------------------

[AI Client] History limit reached. Trimmed to 100 non-system messages (removed 2 oldest messages)

──────────────────────────────────────────────────────────────────────
⏰ 时间: 01:35    | 🔄 迭代: 294
📍 位置: node_31    | 🔋 电量: 72.0% (36.0km)
💰 利润: ¥442.98   | ✅ 完成: 23 单
📦 背包: 空
💬 AI: Executed 1 tool call(s)

================================================================================
[对话轮次 #294] ASSISTANT
================================================================================

【Tool Calls】

  [1] calculate_distance
  Arguments:
    {
        "fromId": "node_38",
        "toId": "node_9"
    }

================================================================================


--------------------------------------------------------------------------------
[对话轮次 #294] TOOL: calculate_distance
--------------------------------------------------------------------------------

【Result】
{
  "success": true,
  "data": {
    "distance": 14.414213562373096,
    "path": [
      "node_38",
      "node_97",
      "node_63",
      "node_46",
      "node_67",
      "node_50",
      "node_18",
      "node_8",
      "node_20",
      "node_40",
      "node_25",
      "node_9"
    ]
  }
}

--------------------------------------------------------------------------------

[AI Client] History limit reached. Trimmed to 100 non-system messages (removed 2 oldest messages)

──────────────────────────────────────────────────────────────────────
⏰ 时间: 01:35    | 🔄 迭代: 295
📍 位置: node_31    | 🔋 电量: 72.0% (36.0km)
💰 利润: ¥442.98   | ✅ 完成: 23 单
📦 背包: 1/5 单 | ⚖️  重量: 0.16/10kg
   1. order_115 💊 ⏳待取餐 - 0.16kg - ¥19.04
💬 AI: Executed 1 tool call(s)

================================================================================
[对话轮次 #295] ASSISTANT
================================================================================

【Tool Calls】

  [1] accept_order
  Arguments:
    {
        "orderId": "order_115"
    }

================================================================================


--------------------------------------------------------------------------------
[对话轮次 #295] TOOL: accept_order
--------------------------------------------------------------------------------

【Result】
{
  "success": true,
  "data": {
    "success": true,
    "order": {
      "id": "order_115",
      "type": "pharmacy",
      "name": "[\"保健品\"]",
      "pickupLocation": "node_38",
      "deliveryLocation": "node_9",
      "distance": 14.414213562373096,
      "itemPrice": 44.023298469837755,
      "deliveryFee": 19.038407286943894,
      "weight": 0.16473099901340904,
      "timeLimit": 54.24264068711929,
      "createdAt": 1503.4223663640864,
      "pickedUp": false,
      "delivered": false,
      "acceptedAt": 1535.4223663640864,
      "deadline": 1589.6650070512057
    }
  }
}

--------------------------------------------------------------------------------

[AI Client] History limit reached. Trimmed to 100 non-system messages (removed 2 oldest messages)

──────────────────────────────────────────────────────────────────────
⏰ 时间: 01:46    | 🔄 迭代: 296
📍 位置: node_38    | 🔋 电量: 61.2% (30.6km)
💰 利润: ¥442.98   | ✅ 完成: 23 单
📦 背包: 1/5 单 | ⚖️  重量: 0.16/10kg
   1. order_115 💊 ⏳待取餐 - 0.16kg - ¥19.04
💬 AI: Executed 1 tool call(s)

================================================================================
[对话轮次 #296] ASSISTANT
================================================================================

【Tool Calls】

  [1] move_to
  Arguments:
    {
        "targetLocationId": "node_38"
    }

================================================================================


--------------------------------------------------------------------------------
[对话轮次 #296] TOOL: move_to
--------------------------------------------------------------------------------

【Result】
{
  "success": true,
  "data": {
    "success": true,
    "timeCost": 10.82842712474619,
    "batteryCost": 10.82842712474619,
    "newPosition": "node_38",
    "distance": 5.414213562373095
  }
}

--------------------------------------------------------------------------------

[AI Client] History limit reached. Trimmed to 100 non-system messages (removed 2 oldest messages)

──────────────────────────────────────────────────────────────────────
⏰ 时间: 01:48    | 🔄 迭代: 297
📍 位置: node_38    | 🔋 电量: 61.2% (30.6km)
💰 利润: ¥442.98   | ✅ 完成: 23 单
📦 背包: 1/5 单 | ⚖️  重量: 0.16/10kg
   1. order_115 💊 ✓已取餐 - 0.16kg - ¥19.04
💬 AI: Executed 1 tool call(s)

================================================================================
[对话轮次 #297] ASSISTANT
================================================================================

【Tool Calls】

  [1] pickup_food
  Arguments:
    {
        "orderId": "order_115"
    }

================================================================================


--------------------------------------------------------------------------------
[对话轮次 #297] TOOL: pickup_food
--------------------------------------------------------------------------------

【Result】
{
  "success": true,
  "data": {
    "success": true,
    "timeCost": 2
  }
}

--------------------------------------------------------------------------------

[AI Client] History limit reached. Trimmed to 100 non-system messages (removed 2 oldest messages)

──────────────────────────────────────────────────────────────────────
⏰ 时间: 02:17    | 🔄 迭代: 298
📍 位置: node_9     | 🔋 电量: 32.3% (16.2km)
💰 利润: ¥442.98   | ✅ 完成: 23 单
📦 背包: 1/5 单 | ⚖️  重量: 0.16/10kg
   1. order_115 💊 ✓已取餐 - 0.16kg - ¥19.04
💬 AI: Executed 1 tool call(s)

================================================================================
[对话轮次 #298] ASSISTANT
================================================================================

【Tool Calls】

  [1] move_to
  Arguments:
    {
        "targetLocationId": "node_9"
    }

================================================================================


--------------------------------------------------------------------------------
[对话轮次 #298] TOOL: move_to
--------------------------------------------------------------------------------

【Result】
{
  "success": true,
  "data": {
    "success": true,
    "timeCost": 28.82842712474619,
    "batteryCost": 28.82842712474619,
    "newPosition": "node_9",
    "distance": 14.414213562373096
  }
}

--------------------------------------------------------------------------------

[AI Client] History limit reached. Trimmed to 100 non-system messages (removed 2 oldest messages)

──────────────────────────────────────────────────────────────────────
✅ 订单完成: order_115 💊
   配送费: ¥19.04
   实际收入: ¥19.04
   状态: 准时完成
──────────────────────────────────────────────────────────────────────

──────────────────────────────────────────────────────────────────────
⏰ 时间: 02:18    | 🔄 迭代: 299
📍 位置: node_9     | 🔋 电量: 32.3% (16.2km)
💰 利润: ¥462.02   | ✅ 完成: 24 单
📦 背包: 空
💬 AI: Executed 1 tool call(s)

================================================================================
[对话轮次 #299] ASSISTANT
================================================================================

【Tool Calls】

  [1] deliver_food
  Arguments:
    {
        "orderId": "order_115"
    }

================================================================================


--------------------------------------------------------------------------------
[对话轮次 #299] TOOL: deliver_food
--------------------------------------------------------------------------------

【Result】
{
  "success": true,
  "data": {
    "success": true,
    "payment": 19.038407286943894,
    "overtime": 0,
    "penalty": 0,
    "timeCost": 1
  }
}

--------------------------------------------------------------------------------

[AI Client] History limit reached. Trimmed to 100 non-system messages (removed 2 oldest messages)

──────────────────────────────────────────────────────────────────────
⏰ 时间: 02:18    | 🔄 迭代: 300
📍 位置: node_9     | 🔋 电量: 32.3% (16.2km)
💰 利润: ¥462.02   | ✅ 完成: 24 单
📦 背包: 空
💬 AI: Executed 1 tool call(s)

================================================================================
[对话轮次 #300] ASSISTANT
================================================================================

【Tool Calls】

  [1] get_my_status
  Arguments:
    {}

================================================================================


--------------------------------------------------------------------------------
[对话轮次 #300] TOOL: get_my_status
--------------------------------------------------------------------------------

【Result】
{
  "success": true,
  "data": {
    "position": "node_9",
    "battery": 32.34314575050762,
    "batteryRange": 16.17157287525381,
    "acceptedOrders": [],
    "carriedOrders": [],
    "totalWeight": 0,
    "remainingCapacity": 10,
    "currentTime": 1578.0792206135789,
    "formattedTime": "02:18.079220613578855",
    "remainingTime": 221.92077938642115,
    "formattedRemainingTime": "3小时41.920779386421145分钟",
    "profit": 462.02066617637024
  }
}

--------------------------------------------------------------------------------

[OrderGenerator] Removing 5 expired order(s): order_117, order_118, order_119, order_120, order_122
[AI Client] History limit reached. Trimmed to 100 non-system messages (removed 2 oldest messages)
[AI Client] No user message in history after trim, re-anchored with a user query (llama.cpp multi_step_tool template requires it)

──────────────────────────────────────────────────────────────────────
⏰ 时间: 02:18    | 🔄 迭代: 301
📍 位置: node_9     | 🔋 电量: 32.3% (16.2km)
💰 利润: ¥462.02   | ✅ 完成: 24 单
📦 背包: 空
💬 AI: Executed 2 tool call(s)

================================================================================
[对话轮次 #301] ASSISTANT
================================================================================

【Tool Calls】

  [1] search_nearby_orders
  Arguments:
    {
        "radius": 10
    }

  [2] search_nearby_battery_stations
  Arguments:
    {
        "radius": 10
    }

================================================================================


--------------------------------------------------------------------------------
[对话轮次 #301] TOOL: search_nearby_orders
--------------------------------------------------------------------------------

【Result】
{
  "success": true,
  "data": {
    "orders": [
      {
        "id": "order_125",
        "type": "food",
        "name": "[\"水煮鹿里脊\"]",
        "deliveryFee": 10.413373693800532,
        "weight": 0.609202986350283,
        "itemPrice": 42.85207607666962,
        "pickupLocation": "node_40",
        "deliveryLocation": "node_37",
        "distance": 6,
        "estimatedTimeLimit": 29
      }
    ]
  }
}

--------------------------------------------------------------------------------


--------------------------------------------------------------------------------
[对话轮次 #301] TOOL: search_nearby_battery_stations
--------------------------------------------------------------------------------

【Result】
{
  "success": true,
  "data": {
    "stations": [
      {
        "id": "node_65",
        "name": "换电站_65",
        "distance": 6,
        "estimatedTime": 12,
        "position": {
          "x": 11,
          "y": 14
        }
      },
      {
        "id": "node_41",
        "name": "换电站_41",
        "distance": 7,
        "estimatedTime": 14,
        "position": {
          "x": 10,
          "y": 8
        }
      }
    ]
  }
}

--------------------------------------------------------------------------------

[AI Client] History limit reached. Trimmed to 100 non-system messages (removed 4 oldest messages)

──────────────────────────────────────────────────────────────────────
⏰ 时间: 02:18    | 🔄 迭代: 302
📍 位置: node_9     | 🔋 电量: 32.3% (16.2km)
💰 利润: ¥462.02   | ✅ 完成: 24 单
📦 背包: 空
💬 AI: Executed 1 tool call(s)

================================================================================
[对话轮次 #302] ASSISTANT
================================================================================

【Tool Calls】

  [1] calculate_distance
  Arguments:
    {
        "fromId": "node_9",
        "toId": "node_40"
    }

================================================================================


--------------------------------------------------------------------------------
[对话轮次 #302] TOOL: calculate_distance
--------------------------------------------------------------------------------

【Result】
{
  "success": true,
  "data": {
    "distance": 4,
    "path": [
      "node_9",
      "node_25",
      "node_40"
    ]
  }
}

--------------------------------------------------------------------------------

[AI Client] History limit reached. Trimmed to 100 non-system messages (removed 2 oldest messages)

──────────────────────────────────────────────────────────────────────
⏰ 时间: 02:18    | 🔄 迭代: 303
📍 位置: node_9     | 🔋 电量: 32.3% (16.2km)
💰 利润: ¥462.02   | ✅ 完成: 24 单
📦 背包: 1/5 单 | ⚖️  重量: 0.61/10kg
   1. order_125 🍔 ⏳待取餐 - 0.61kg - ¥10.41
💬 AI: Executed 1 tool call(s)

================================================================================
[对话轮次 #303] ASSISTANT
================================================================================

【Tool Calls】

  [1] accept_order
  Arguments:
    {
        "orderId": "order_125"
    }

================================================================================


--------------------------------------------------------------------------------
[对话轮次 #303] TOOL: accept_order
--------------------------------------------------------------------------------

【Result】
{
  "success": true,
  "data": {
    "success": true,
    "order": {
      "id": "order_125",
      "type": "food",
      "name": "[\"水煮鹿里脊\"]",
      "pickupLocation": "node_40",
      "deliveryLocation": "node_37",
      "distance": 6,
      "itemPrice": 42.85207607666962,
      "deliveryFee": 10.413373693800532,
      "weight": 0.609202986350283,
      "timeLimit": 29,
      "createdAt": 1578.0792206135789,
      "pickedUp": false,
      "delivered": false,
      "acceptedAt": 1578.0792206135789,
      "deadline": 1607.0792206135789
    }
  }
}

--------------------------------------------------------------------------------

[AI Client] History limit reached. Trimmed to 100 non-system messages (removed 2 oldest messages)

──────────────────────────────────────────────────────────────────────
⏰ 时间: 02:26    | 🔄 迭代: 304
📍 位置: node_40    | 🔋 电量: 24.3% (12.2km)
💰 利润: ¥462.02   | ✅ 完成: 24 单
📦 背包: 1/5 单 | ⚖️  重量: 0.61/10kg
   1. order_125 🍔 ⏳待取餐 - 0.61kg - ¥10.41
💬 AI: Executed 1 tool call(s)

================================================================================
[对话轮次 #304] ASSISTANT
================================================================================

【Tool Calls】

  [1] move_to
  Arguments:
    {
        "targetLocationId": "node_40"
    }

================================================================================


--------------------------------------------------------------------------------
[对话轮次 #304] TOOL: move_to
--------------------------------------------------------------------------------

【Result】
{
  "success": true,
  "data": {
    "success": true,
    "timeCost": 8,
    "batteryCost": 8,
    "newPosition": "node_40",
    "distance": 4
  }
}

--------------------------------------------------------------------------------

[AI Client] History limit reached. Trimmed to 100 non-system messages (removed 2 oldest messages)

──────────────────────────────────────────────────────────────────────
⏰ 时间: 02:28    | 🔄 迭代: 305
📍 位置: node_40    | 🔋 电量: 24.3% (12.2km)
💰 利润: ¥462.02   | ✅ 完成: 24 单
📦 背包: 1/5 单 | ⚖️  重量: 0.61/10kg
   1. order_125 🍔 ✓已取餐 - 0.61kg - ¥10.41
💬 AI: Executed 1 tool call(s)

================================================================================
[对话轮次 #305] ASSISTANT
================================================================================

【Tool Calls】

  [1] pickup_food
  Arguments:
    {
        "orderId": "order_125"
    }

================================================================================


--------------------------------------------------------------------------------
[对话轮次 #305] TOOL: pickup_food
--------------------------------------------------------------------------------

【Result】
{
  "success": true,
  "data": {
    "success": true,
    "timeCost": 2
  }
}

--------------------------------------------------------------------------------

[AI Client] History limit reached. Trimmed to 100 non-system messages (removed 2 oldest messages)

──────────────────────────────────────────────────────────────────────
⏰ 时间: 02:28    | 🔄 迭代: 306
📍 位置: node_40    | 🔋 电量: 24.3% (12.2km)
💰 利润: ¥462.02   | ✅ 完成: 24 单
📦 背包: 1/5 单 | ⚖️  重量: 0.61/10kg
   1. order_125 🍔 ✓已取餐 - 0.61kg - ¥10.41
💬 AI: Executed 1 tool call(s)

================================================================================
[对话轮次 #306] ASSISTANT
================================================================================

【Tool Calls】

  [1] calculate_distance
  Arguments:
    {
        "fromId": "node_40",
        "toId": "node_37"
    }

================================================================================


--------------------------------------------------------------------------------
[对话轮次 #306] TOOL: calculate_distance
--------------------------------------------------------------------------------

【Result】
{
  "success": true,
  "data": {
    "distance": 6,
    "path": [
      "node_40",
      "node_56",
      "node_3",
      "node_13",
      "node_37"
    ]
  }
}

--------------------------------------------------------------------------------

[AI Client] History limit reached. Trimmed to 100 non-system messages (removed 2 oldest messages)

──────────────────────────────────────────────────────────────────────
⏰ 时间: 02:40    | 🔄 迭代: 307
📍 位置: node_37    | 🔋 电量: 12.3% (6.2km)
💰 利润: ¥462.02   | ✅ 完成: 24 单
📦 背包: 1/5 单 | ⚖️  重量: 0.61/10kg
   1. order_125 🍔 ✓已取餐 - 0.61kg - ¥10.41
💬 AI: Executed 1 tool call(s)

================================================================================
[对话轮次 #307] ASSISTANT
================================================================================

【Tool Calls】

  [1] move_to
  Arguments:
    {
        "targetLocationId": "node_37"
    }

================================================================================


--------------------------------------------------------------------------------
[对话轮次 #307] TOOL: move_to
--------------------------------------------------------------------------------

【Result】
{
  "success": true,
  "data": {
    "success": true,
    "timeCost": 12,
    "batteryCost": 12,
    "newPosition": "node_37",
    "distance": 6
  }
}

--------------------------------------------------------------------------------

[AI Client] History limit reached. Trimmed to 100 non-system messages (removed 2 oldest messages)

──────────────────────────────────────────────────────────────────────
✅ 订单完成: order_125 🍔
   配送费: ¥10.41
   实际收入: ¥10.41
   状态: 准时完成
──────────────────────────────────────────────────────────────────────

──────────────────────────────────────────────────────────────────────
⏰ 时间: 02:41    | 🔄 迭代: 308
📍 位置: node_37    | 🔋 电量: 12.3% (6.2km)
💰 利润: ¥472.43   | ✅ 完成: 25 单
📦 背包: 空
💬 AI: Executed 1 tool call(s)

================================================================================
[对话轮次 #308] ASSISTANT
================================================================================

【Tool Calls】

  [1] deliver_food
  Arguments:
    {
        "orderId": "order_125"
    }

================================================================================


--------------------------------------------------------------------------------
[对话轮次 #308] TOOL: deliver_food
--------------------------------------------------------------------------------

【Result】
{
  "success": true,
  "data": {
    "success": true,
    "payment": 10.413373693800532,
    "overtime": 0,
    "penalty": 0,
    "timeCost": 1
  }
}

--------------------------------------------------------------------------------

[AI Client] History limit reached. Trimmed to 100 non-system messages (removed 2 oldest messages)

──────────────────────────────────────────────────────────────────────
⏰ 时间: 02:41    | 🔄 迭代: 309
📍 位置: node_37    | 🔋 电量: 12.3% (6.2km)
💰 利润: ¥472.43   | ✅ 完成: 25 单
📦 背包: 空
💬 AI: Executed 1 tool call(s)

================================================================================
[对话轮次 #309] ASSISTANT
================================================================================

【Tool Calls】

  [1] get_my_status
  Arguments:
    {}

================================================================================


--------------------------------------------------------------------------------
[对话轮次 #309] TOOL: get_my_status
--------------------------------------------------------------------------------

【Result】
{
  "success": true,
  "data": {
    "position": "node_37",
    "battery": 12.343145750507617,
    "batteryRange": 6.171572875253808,
    "acceptedOrders": [],
    "carriedOrders": [],
    "totalWeight": 0,
    "remainingCapacity": 10,
    "currentTime": 1601.0792206135789,
    "formattedTime": "02:41.079220613578855",
    "remainingTime": 198.92077938642115,
    "formattedRemainingTime": "3小时18.920779386421145分钟",
    "profit": 472.43403987017075
  }
}

--------------------------------------------------------------------------------

[AI Client] History limit reached. Trimmed to 100 non-system messages (removed 2 oldest messages)

──────────────────────────────────────────────────────────────────────
⏰ 时间: 02:41    | 🔄 迭代: 310
📍 位置: node_37    | 🔋 电量: 12.3% (6.2km)
💰 利润: ¥472.43   | ✅ 完成: 25 单
📦 背包: 空
💬 AI: Executed 2 tool call(s)

================================================================================
[对话轮次 #310] ASSISTANT
================================================================================

【Tool Calls】

  [1] search_nearby_battery_stations
  Arguments:
    {
        "radius": 10
    }

  [2] search_nearby_orders
  Arguments:
    {
        "radius": 10
    }

================================================================================


--------------------------------------------------------------------------------
[对话轮次 #310] TOOL: search_nearby_battery_stations
--------------------------------------------------------------------------------

【Result】
{
  "success": true,
  "data": {
    "stations": [
      {
        "id": "node_65",
        "name": "换电站_65",
        "distance": 2,
        "estimatedTime": 4,
        "position": {
          "x": 11,
          "y": 14
        }
      },
      {
        "id": "node_41",
        "name": "换电站_41",
        "distance": 9,
        "estimatedTime": 18,
        "position": {
          "x": 10,
          "y": 8
        }
      }
    ]
  }
}

--------------------------------------------------------------------------------


--------------------------------------------------------------------------------
[对话轮次 #310] TOOL: search_nearby_orders
--------------------------------------------------------------------------------

【Result】
{
  "success": true,
  "data": {
    "orders": [
      {
        "id": "order_121",
        "type": "supermarket",
        "name": "[\"调味品\",\"肉类\"]",
        "deliveryFee": 21.172672396328327,
        "weight": 8.599653473356739,
        "itemPrice": 50.343875493854284,
        "pickupLocation": "node_22",
        "deliveryLocation": "node_4",
        "distance": 15.414213562373096,
        "estimatedTimeLimit": 57.24264068711929
      },
      {
        "id": "order_126",
        "type": "pharmacy",
        "name": "[\"维生素\"]",
        "deliveryFee": 8.592221119720488,
        "weight": 0.0994185411836952,
        "itemPrice": 38.29011733178049,
        "pickupLocation": "node_60",
        "deliveryLocation": "node_4",
        "distance": 5,
        "estimatedTimeLimit": 26
      }
    ]
  }
}

--------------------------------------------------------------------------------

[OrderGenerator] Removing 3 expired order(s): order_121, order_123, order_124
[AI Client] History limit reached. Trimmed to 100 non-system messages (removed 3 oldest messages)

──────────────────────────────────────────────────────────────────────
⏰ 时间: 02:45    | 🔄 迭代: 311
📍 位置: node_65    | 🔋 电量: 8.3% (4.2km)
💰 利润: ¥472.43   | ✅ 完成: 25 单
📦 背包: 空
💬 AI: Executed 1 tool call(s)

================================================================================
[对话轮次 #311] ASSISTANT
================================================================================

【Tool Calls】

  [1] move_to
  Arguments:
    {
        "targetLocationId": "node_65"
    }

================================================================================


--------------------------------------------------------------------------------
[对话轮次 #311] TOOL: move_to
--------------------------------------------------------------------------------

【Result】
{
  "success": true,
  "data": {
    "success": true,
    "timeCost": 4,
    "batteryCost": 4,
    "newPosition": "node_65",
    "distance": 2
  }
}

--------------------------------------------------------------------------------

[AI Client] History limit reached. Trimmed to 100 non-system messages (removed 2 oldest messages)

──────────────────────────────────────────────────────────────────────
⏰ 时间: 02:46    | 🔄 迭代: 312
📍 位置: node_65    | 🔋 电量: 100.0% (50.0km)
💰 利润: ¥471.93   | ✅ 完成: 25 单
📦 背包: 空
💬 AI: Executed 1 tool call(s)

================================================================================
[对话轮次 #312] ASSISTANT
================================================================================

【Tool Calls】

  [1] swap_battery
  Arguments:
    {}

================================================================================


--------------------------------------------------------------------------------
[对话轮次 #312] TOOL: swap_battery
--------------------------------------------------------------------------------

【Result】
{
  "success": true,
  "data": {
    "success": true,
    "cost": 0.5,
    "timeCost": 1,
    "newBattery": 100
  }
}

--------------------------------------------------------------------------------

[AI Client] History limit reached. Trimmed to 100 non-system messages (removed 2 oldest messages)

──────────────────────────────────────────────────────────────────────
⏰ 时间: 02:46    | 🔄 迭代: 313
📍 位置: node_65    | 🔋 电量: 100.0% (50.0km)
💰 利润: ¥471.93   | ✅ 完成: 25 单
📦 背包: 空
💬 AI: Executed 1 tool call(s)

================================================================================
[对话轮次 #313] ASSISTANT
================================================================================

【Tool Calls】

  [1] search_nearby_orders
  Arguments:
    {
        "radius": 15
    }

================================================================================


--------------------------------------------------------------------------------
[对话轮次 #313] TOOL: search_nearby_orders
--------------------------------------------------------------------------------

【Result】
{
  "success": true,
  "data": {
    "orders": [
      {
        "id": "order_126",
        "type": "pharmacy",
        "name": "[\"维生素\"]",
        "deliveryFee": 8.592221119720488,
        "weight": 0.0994185411836952,
        "itemPrice": 38.29011733178049,
        "pickupLocation": "node_60",
        "deliveryLocation": "node_4",
        "distance": 5,
        "estimatedTimeLimit": 26
      },
      {
        "id": "order_127",
        "type": "pharmacy",
        "name": "[\"维生素\"]",
        "deliveryFee": 16.63223268962465,
        "weight": 0.07735798789653928,
        "itemPrice": 49.62351494235918,
        "pickupLocation": "node_38",
        "deliveryLocation": "node_45",
        "distance": 11,
        "estimatedTimeLimit": 44
      },
      {
        "id": "order_128",
        "type": "food",
        "name": "[\"时蔬鸡片\",\"榴莲酥\"]",
        "deliveryFee": 23.383392995235535,
        "weight": 0.8779747230000794,
        "itemPrice": 40.3843301825691,
        "pickupLocation": "node_82",
        "deliveryLocation": "node_33",
        "distance": 19.414213562373096,
        "estimatedTimeLimit": 69.24264068711929
      },
      {
        "id": "order_129",
        "type": "supermarket",
        "name": "[\"肉类\",\"水果\",\"蔬菜\",\"清洁用品\"]",
        "deliveryFee": 29.618382420390844,
        "weight": 8.372877943329513,
        "itemPrice": 131.87283776700497,
        "pickupLocation": "node_88",
        "deliveryLocation": "node_36",
        "distance": 10,
        "estimatedTimeLimit": 41
      }
    ]
  }
}

--------------------------------------------------------------------------------

[AI Client] History limit reached. Trimmed to 100 non-system messages (removed 2 oldest messages)

──────────────────────────────────────────────────────────────────────
⏰ 时间: 02:46    | 🔄 迭代: 314
📍 位置: node_65    | 🔋 电量: 100.0% (50.0km)
💰 利润: ¥471.93   | ✅ 完成: 25 单
📦 背包: 空
💬 AI: Executed 1 tool call(s)

================================================================================
[对话轮次 #314] ASSISTANT
================================================================================

【Tool Calls】

  [1] calculate_distance
  Arguments:
    {
        "fromId": "node_65",
        "toId": "node_60"
    }

================================================================================


--------------------------------------------------------------------------------
[对话轮次 #314] TOOL: calculate_distance
--------------------------------------------------------------------------------

【Result】
{
  "success": true,
  "data": {
    "distance": 9,
    "path": [
      "node_65",
      "node_85",
      "node_29",
      "node_20",
      "node_40",
      "node_71",
      "node_60"
    ]
  }
}

--------------------------------------------------------------------------------

[AI Client] History limit reached. Trimmed to 100 non-system messages (removed 2 oldest messages)

──────────────────────────────────────────────────────────────────────
⏰ 时间: 02:46    | 🔄 迭代: 315
📍 位置: node_65    | 🔋 电量: 100.0% (50.0km)
💰 利润: ¥471.93   | ✅ 完成: 25 单
📦 背包: 空
💬 AI: Executed 1 tool call(s)

================================================================================
[对话轮次 #315] ASSISTANT
================================================================================

【Tool Calls】

  [1] calculate_distance
  Arguments:
    {
        "fromId": "node_65",
        "toId": "node_38"
    }

================================================================================


--------------------------------------------------------------------------------
[对话轮次 #315] TOOL: calculate_distance
--------------------------------------------------------------------------------

【Result】
{
  "success": true,
  "data": {
    "distance": 14.414213562373096,
    "path": [
      "node_65",
      "node_95",
      "node_36",
      "node_16",
      "node_86",
      "node_97",
      "node_38"
    ]
  }
}

--------------------------------------------------------------------------------

[AI Client] History limit reached. Trimmed to 100 non-system messages (removed 2 oldest messages)

──────────────────────────────────────────────────────────────────────
⏰ 时间: 02:46    | 🔄 迭代: 316
📍 位置: node_65    | 🔋 电量: 100.0% (50.0km)
💰 利润: ¥471.93   | ✅ 完成: 25 单
📦 背包: 空
💬 AI: Executed 1 tool call(s)

================================================================================
[对话轮次 #316] ASSISTANT
================================================================================

【Tool Calls】

  [1] calculate_distance
  Arguments:
    {
        "fromId": "node_65",
        "toId": "node_88"
    }

================================================================================


--------------------------------------------------------------------------------
[对话轮次 #316] TOOL: calculate_distance
--------------------------------------------------------------------------------

【Result】
{
  "success": true,
  "data": {
    "distance": 14,
    "path": [
      "node_65",
      "node_85",
      "node_29",
      "node_20",
      "node_8",
      "node_18",
      "node_17",
      "node_39",
      "node_88"
    ]
  }
}

--------------------------------------------------------------------------------

[AI Client] History limit reached. Trimmed to 100 non-system messages (removed 2 oldest messages)

──────────────────────────────────────────────────────────────────────
⏰ 时间: 02:46    | 🔄 迭代: 317
📍 位置: node_65    | 🔋 电量: 100.0% (50.0km)
💰 利润: ¥471.93   | ✅ 完成: 25 单
📦 背包: 空
💬 AI: Executed 1 tool call(s)

================================================================================
[对话轮次 #317] ASSISTANT
================================================================================

【Tool Calls】

  [1] calculate_distance
  Arguments:
    {
        "fromId": "node_65",
        "toId": "node_82"
    }

================================================================================


--------------------------------------------------------------------------------
[对话轮次 #317] TOOL: calculate_distance
--------------------------------------------------------------------------------

【Result】
{
  "success": true,
  "data": {
    "distance": 11,
    "path": [
      "node_65",
      "node_95",
      "node_1",
      "node_55",
      "node_6",
      "node_53",
      "node_82"
    ]
  }
}

--------------------------------------------------------------------------------

[AI Client] History limit reached. Trimmed to 100 non-system messages (removed 2 oldest messages)

──────────────────────────────────────────────────────────────────────
⏰ 时间: 02:46    | 🔄 迭代: 318
📍 位置: node_65    | 🔋 电量: 100.0% (50.0km)
💰 利润: ¥471.93   | ✅ 完成: 25 单
📦 背包: 空
💬 AI: Executed 1 tool call(s)

================================================================================
[对话轮次 #318] ASSISTANT
================================================================================

【Tool Calls】

  [1] calculate_distance
  Arguments:
    {
        "fromId": "node_88",
        "toId": "node_36"
    }

================================================================================


--------------------------------------------------------------------------------
[对话轮次 #318] TOOL: calculate_distance
--------------------------------------------------------------------------------

【Result】
{
  "success": true,
  "data": {
    "distance": 10,
    "path": [
      "node_88",
      "node_39",
      "node_17",
      "node_18",
      "node_89",
      "node_36"
    ]
  }
}

--------------------------------------------------------------------------------

[AI Client] History limit reached. Trimmed to 100 non-system messages (removed 2 oldest messages)

──────────────────────────────────────────────────────────────────────
⏰ 时间: 02:46    | 🔄 迭代: 319
📍 位置: node_65    | 🔋 电量: 100.0% (50.0km)
💰 利润: ¥471.93   | ✅ 完成: 25 单
📦 背包: 空
💬 AI: Executed 1 tool call(s)

================================================================================
[对话轮次 #319] ASSISTANT
================================================================================

【Tool Calls】

  [1] estimate_time
  Arguments:
    {
        "locationIds": [
            "node_65",
            "node_88",
            "node_36"
        ]
    }

================================================================================


--------------------------------------------------------------------------------
[对话轮次 #319] TOOL: estimate_time
--------------------------------------------------------------------------------

【Result】
{
  "success": true,
  "data": {
    "totalTime": 48,
    "segments": [
      {
        "from": "node_65",
        "to": "node_88",
        "distance": 14,
        "congestion": "normal",
        "speed": 30,
        "time": 28,
        "path": [
          "node_65",
          "node_85",
          "node_29",
          "node_20",
          "node_8",
          "node_18",
          "node_17",
          "node_39",
          "node_88"
        ]
      },
      {
        "from": "node_88",
        "to": "node_36",
        "distance": 10,
        "congestion": "normal",
        "speed": 30,
        "time": 20,
        "path": [
          "node_88",
          "node_39",
          "node_17",
          "node_18",
          "node_89",
          "node_36"
        ]
      }
    ]
  }
}

--------------------------------------------------------------------------------

[AI Client] History limit reached. Trimmed to 100 non-system messages (removed 2 oldest messages)

──────────────────────────────────────────────────────────────────────
⏰ 时间: 02:46    | 🔄 迭代: 320
📍 位置: node_65    | 🔋 电量: 100.0% (50.0km)
💰 利润: ¥471.93   | ✅ 完成: 25 单
📦 背包: 空
💬 AI: Executed 1 tool call(s)

================================================================================
[对话轮次 #320] ASSISTANT
================================================================================

【Tool Calls】

  [1] calculate_distance
  Arguments:
    {
        "fromId": "node_82",
        "toId": "node_33"
    }

================================================================================


--------------------------------------------------------------------------------
[对话轮次 #320] TOOL: calculate_distance
--------------------------------------------------------------------------------

【Result】
{
  "success": true,
  "data": {
    "distance": 19.414213562373096,
    "path": [
      "node_82",
      "node_53",
      "node_22",
      "node_16",
      "node_5",
      "node_70",
      "node_46",
      "node_67",
      "node_50",
      "node_18",
      "node_8",
      "node_20",
      "node_40",
      "node_71",
      "node_90",
      "node_33"
    ]
  }
}

--------------------------------------------------------------------------------

[AI Client] History limit reached. Trimmed to 100 non-system messages (removed 2 oldest messages)

──────────────────────────────────────────────────────────────────────
⏰ 时间: 02:46    | 🔄 迭代: 321
📍 位置: node_65    | 🔋 电量: 100.0% (50.0km)
💰 利润: ¥471.93   | ✅ 完成: 25 单
📦 背包: 空
💬 AI: Executed 1 tool call(s)

================================================================================
[对话轮次 #321] ASSISTANT
================================================================================

【Tool Calls】

  [1] calculate_distance
  Arguments:
    {
        "fromId": "node_60",
        "toId": "node_4"
    }

================================================================================


--------------------------------------------------------------------------------
[对话轮次 #321] TOOL: calculate_distance
--------------------------------------------------------------------------------

【Result】
{
  "success": true,
  "data": {
    "distance": 5,
    "path": [
      "node_60",
      "node_47",
      "node_48",
      "node_42",
      "node_4"
    ]
  }
}

--------------------------------------------------------------------------------

[AI Client] History limit reached. Trimmed to 100 non-system messages (removed 2 oldest messages)

──────────────────────────────────────────────────────────────────────
⏰ 时间: 02:46    | 🔄 迭代: 322
📍 位置: node_65    | 🔋 电量: 100.0% (50.0km)
💰 利润: ¥471.93   | ✅ 完成: 25 单
📦 背包: 空
💬 AI: Executed 1 tool call(s)

================================================================================
[对话轮次 #322] ASSISTANT
================================================================================

【Tool Calls】

  [1] calculate_distance
  Arguments:
    {
        "fromId": "node_38",
        "toId": "node_45"
    }

================================================================================


--------------------------------------------------------------------------------
[对话轮次 #322] TOOL: calculate_distance
--------------------------------------------------------------------------------

【Result】
{
  "success": true,
  "data": {
    "distance": 11,
    "path": [
      "node_38",
      "node_68",
      "node_92",
      "node_10",
      "node_12",
      "node_45"
    ]
  }
}

--------------------------------------------------------------------------------

[AI Client] History limit reached. Trimmed to 100 non-system messages (removed 2 oldest messages)

──────────────────────────────────────────────────────────────────────
⏰ 时间: 02:46    | 🔄 迭代: 323
📍 位置: node_65    | 🔋 电量: 100.0% (50.0km)
💰 利润: ¥471.93   | ✅ 完成: 25 单
📦 背包: 1/5 单 | ⚖️  重量: 8.37/10kg
   1. order_129 🛒 ⏳待取餐 - 8.37kg - ¥29.62
💬 AI: Executed 1 tool call(s)

================================================================================
[对话轮次 #323] ASSISTANT
================================================================================

【Tool Calls】

  [1] accept_order
  Arguments:
    {
        "orderId": "order_129"
    }

================================================================================


--------------------------------------------------------------------------------
[对话轮次 #323] TOOL: accept_order
--------------------------------------------------------------------------------

【Result】
{
  "success": true,
  "data": {
    "success": true,
    "order": {
      "id": "order_129",
      "type": "supermarket",
      "name": "[\"肉类\",\"水果\",\"蔬菜\",\"清洁用品\"]",
      "pickupLocation": "node_88",
      "deliveryLocation": "node_36",
      "distance": 10,
      "itemPrice": 131.87283776700497,
      "deliveryFee": 29.618382420390844,
      "weight": 8.372877943329513,
      "timeLimit": 41,
      "createdAt": 1601.0792206135789,
      "pickedUp": false,
      "delivered": false,
      "acceptedAt": 1606.0792206135789,
      "deadline": 1647.0792206135789
    }
  }
}

--------------------------------------------------------------------------------

[AI Client] History limit reached. Trimmed to 100 non-system messages (removed 2 oldest messages)

──────────────────────────────────────────────────────────────────────
⏰ 时间: 03:14    | 🔄 迭代: 324
📍 位置: node_88    | 🔋 电量: 72.0% (36.0km)
💰 利润: ¥471.93   | ✅ 完成: 25 单
📦 背包: 1/5 单 | ⚖️  重量: 8.37/10kg
   1. order_129 🛒 ⏳待取餐 - 8.37kg - ¥29.62
💬 AI: Executed 1 tool call(s)

================================================================================
[对话轮次 #324] ASSISTANT
================================================================================

【Tool Calls】

  [1] move_to
  Arguments:
    {
        "targetLocationId": "node_88"
    }

================================================================================


--------------------------------------------------------------------------------
[对话轮次 #324] TOOL: move_to
--------------------------------------------------------------------------------

【Result】
{
  "success": true,
  "data": {
    "success": true,
    "timeCost": 28,
    "batteryCost": 28,
    "newPosition": "node_88",
    "distance": 14
  }
}

--------------------------------------------------------------------------------

[AI Client] History limit reached. Trimmed to 100 non-system messages (removed 2 oldest messages)

──────────────────────────────────────────────────────────────────────
⏰ 时间: 03:16    | 🔄 迭代: 325
📍 位置: node_88    | 🔋 电量: 72.0% (36.0km)
💰 利润: ¥471.93   | ✅ 完成: 25 单
📦 背包: 1/5 单 | ⚖️  重量: 8.37/10kg
   1. order_129 🛒 ✓已取餐 - 8.37kg - ¥29.62
💬 AI: Executed 1 tool call(s)

================================================================================
[对话轮次 #325] ASSISTANT
================================================================================

【Tool Calls】

  [1] pickup_food
  Arguments:
    {
        "orderId": "order_129"
    }

================================================================================


--------------------------------------------------------------------------------
[对话轮次 #325] TOOL: pickup_food
--------------------------------------------------------------------------------

【Result】
{
  "success": true,
  "data": {
    "success": true,
    "timeCost": 2
  }
}

--------------------------------------------------------------------------------

[OrderGenerator] Removing 2 expired order(s): order_126, order_127
[AI Client] History limit reached. Trimmed to 100 non-system messages (removed 2 oldest messages)

──────────────────────────────────────────────────────────────────────
⏰ 时间: 03:36    | 🔄 迭代: 326
📍 位置: node_36    | 🔋 电量: 52.0% (26.0km)
💰 利润: ¥471.93   | ✅ 完成: 25 单
📦 背包: 1/5 单 | ⚖️  重量: 8.37/10kg
   1. order_129 🛒 ✓已取餐 - 8.37kg - ¥29.62
💬 AI: Executed 1 tool call(s)

================================================================================
[对话轮次 #326] ASSISTANT
================================================================================

【Tool Calls】

  [1] move_to
  Arguments:
    {
        "targetLocationId": "node_36"
    }

================================================================================


--------------------------------------------------------------------------------
[对话轮次 #326] TOOL: move_to
--------------------------------------------------------------------------------

【Result】
{
  "success": true,
  "data": {
    "success": true,
    "timeCost": 20,
    "batteryCost": 20,
    "newPosition": "node_36",
    "distance": 10
  }
}

--------------------------------------------------------------------------------

[AI Client] History limit reached. Trimmed to 100 non-system messages (removed 2 oldest messages)

──────────────────────────────────────────────────────────────────────
⏰ 订单完成: order_129 🛒
   配送费: ¥29.62
   实际收入: ¥20.73
   超时罚款: -¥8.89
   状态: 超时10.0分钟
──────────────────────────────────────────────────────────────────────

──────────────────────────────────────────────────────────────────────
⏰ 时间: 03:37    | 🔄 迭代: 327
📍 位置: node_36    | 🔋 电量: 52.0% (26.0km)
💰 利润: ¥492.67   | ✅ 完成: 26 单
📦 背包: 空
💬 AI: Executed 1 tool call(s)

================================================================================
[对话轮次 #327] ASSISTANT
================================================================================

【Tool Calls】

  [1] deliver_food
  Arguments:
    {
        "orderId": "order_129"
    }

================================================================================


--------------------------------------------------------------------------------
[对话轮次 #327] TOOL: deliver_food
--------------------------------------------------------------------------------

【Result】
{
  "success": true,
  "data": {
    "success": true,
    "payment": 20.732867694273594,
    "overtime": 10,
    "penalty": 8.885514726117252,
    "timeCost": 1
  }
}

--------------------------------------------------------------------------------

[AI Client] History limit reached. Trimmed to 100 non-system messages (removed 2 oldest messages)

──────────────────────────────────────────────────────────────────────
⏰ 时间: 03:37    | 🔄 迭代: 328
📍 位置: node_36    | 🔋 电量: 52.0% (26.0km)
💰 利润: ¥492.67   | ✅ 完成: 26 单
📦 背包: 空
💬 AI: Executed 1 tool call(s)

================================================================================
[对话轮次 #328] ASSISTANT
================================================================================

【Tool Calls】

  [1] get_my_status
  Arguments:
    {}

================================================================================


--------------------------------------------------------------------------------
[对话轮次 #328] TOOL: get_my_status
--------------------------------------------------------------------------------

【Result】
{
  "success": true,
  "data": {
    "position": "node_36",
    "battery": 52,
    "batteryRange": 26,
    "acceptedOrders": [],
    "carriedOrders": [],
    "totalWeight": 0,
    "remainingCapacity": 10,
    "currentTime": 1657.0792206135789,
    "formattedTime": "03:37.079220613578855",
    "remainingTime": 142.92077938642115,
    "formattedRemainingTime": "2小时22.920779386421145分钟",
    "profit": 492.66690756444433
  }
}

--------------------------------------------------------------------------------

[AI Client] History limit reached. Trimmed to 100 non-system messages (removed 2 oldest messages)

──────────────────────────────────────────────────────────────────────
⏰ 时间: 03:37    | 🔄 迭代: 329
📍 位置: node_36    | 🔋 电量: 52.0% (26.0km)
💰 利润: ¥492.67   | ✅ 完成: 26 单
📦 背包: 空
💬 AI: Executed 1 tool call(s)

================================================================================
[对话轮次 #329] ASSISTANT
================================================================================

【Tool Calls】

  [1] search_nearby_orders
  Arguments:
    {
        "radius": 10
    }

================================================================================


--------------------------------------------------------------------------------
[对话轮次 #329] TOOL: search_nearby_orders
--------------------------------------------------------------------------------

【Result】
{
  "success": true,
  "data": {
    "orders": [
      {
        "id": "order_128",
        "type": "food",
        "name": "[\"时蔬鸡片\",\"榴莲酥\"]",
        "deliveryFee": 23.383392995235535,
        "weight": 0.8779747230000794,
        "itemPrice": 40.3843301825691,
        "pickupLocation": "node_82",
        "deliveryLocation": "node_33",
        "distance": 19.414213562373096,
        "estimatedTimeLimit": 69.24264068711929
      },
      {
        "id": "order_130",
        "type": "food",
        "name": "[\"腿汁红烧官燕\"]",
        "deliveryFee": 13.471111107664184,
        "weight": 0.5411840421147645,
        "itemPrice": 26.690058461390436,
        "pickupLocation": "node_76",
        "deliveryLocation": "node_45",
        "distance": 12,
        "estimatedTimeLimit": 47
      },
      {
        "id": "order_132",
        "type": "food",
        "name": "[\"卤水鹅胗\"]",
        "deliveryFee": 21.34979675093249,
        "weight": 0.7910496841650456,
        "itemPrice": 57.268136403290555,
        "pickupLocation": "node_12",
        "deliveryLocation": "node_6",
        "distance": 14.414213562373096,
        "estimatedTimeLimit": 54.24264068711929
      },
      {
        "id": "order_133",
        "type": "supermarket",
        "name": "[\"日用品\",\"水果\",\"饮料\",\"零食\"]",
        "deliveryFee": 15.942839187011124,
        "weight": 8.078040137188509,
        "itemPrice": 45.79355103895068,
        "pickupLocation": "node_70",
        "deliveryLocation": "node_99",
        "distance": 11,
        "estimatedTimeLimit": 44
      },
      {
        "id": "order_136",
        "type": "food",
        "name": "[\"姜葱酥炸生蠔\",\"香草布丁\"]",
        "deliveryFee": 3.65,
        "weight": 0.8405950953019783,
        "itemPrice": 17.750572249060497,
        "pickupLocation": "node_96",
        "deliveryLocation": "node_17",
        "distance": 3,
        "estimatedTimeLimit": 20
      }
    ]
  }
}

--------------------------------------------------------------------------------

[AI Client] History limit reached. Trimmed to 100 non-system messages (removed 2 oldest messages)

──────────────────────────────────────────────────────────────────────
⏰ 时间: 03:37    | 🔄 迭代: 330
📍 位置: node_36    | 🔋 电量: 52.0% (26.0km)
💰 利润: ¥492.67   | ✅ 完成: 26 单
📦 背包: 空
💬 AI: Executed 1 tool call(s)

================================================================================
[对话轮次 #330] ASSISTANT
================================================================================

【Tool Calls】

  [1] calculate_distance
  Arguments:
    {
        "fromId": "node_36",
        "toId": "node_82"
    }

================================================================================


--------------------------------------------------------------------------------
[对话轮次 #330] TOOL: calculate_distance
--------------------------------------------------------------------------------

【Result】
{
  "success": true,
  "data": {
    "distance": 9,
    "path": [
      "node_36",
      "node_16",
      "node_22",
      "node_53",
      "node_82"
    ]
  }
}

--------------------------------------------------------------------------------

[OrderGenerator] Removing 4 expired order(s): order_130, order_133, order_134, order_136
[AI Client] History limit reached. Trimmed to 100 non-system messages (removed 2 oldest messages)

──────────────────────────────────────────────────────────────────────
⏰ 时间: 03:37    | 🔄 迭代: 331
📍 位置: node_36    | 🔋 电量: 52.0% (26.0km)
💰 利润: ¥492.67   | ✅ 完成: 26 单
📦 背包: 空
💬 AI: Executed 1 tool call(s)

================================================================================
[对话轮次 #331] ASSISTANT
================================================================================

【Tool Calls】

  [1] estimate_time
  Arguments:
    {
        "locationIds": [
            "node_36",
            "node_82",
            "node_33"
        ]
    }

================================================================================


--------------------------------------------------------------------------------
[对话轮次 #331] TOOL: estimate_time
--------------------------------------------------------------------------------

【Result】
{
  "success": true,
  "data": {
    "totalTime": 56.82842712474619,
    "segments": [
      {
        "from": "node_36",
        "to": "node_82",
        "distance": 9,
        "congestion": "normal",
        "speed": 30,
        "time": 18,
        "path": [
          "node_36",
          "node_16",
          "node_22",
          "node_53",
          "node_82"
        ]
      },
      {
        "from": "node_82",
        "to": "node_33",
        "distance": 19.414213562373096,
        "congestion": "normal",
        "speed": 30,
        "time": 38.82842712474619,
        "path": [
          "node_82",
          "node_53",
          "node_22",
          "node_16",
          "node_5",
          "node_70",
          "node_46",
          "node_67",
          "node_50",
          "node_18",
          "node_8",
          "node_20",
          "node_40",
          "node_71",
          "node_90",
          "node_33"
        ]
      }
    ]
  }
}

--------------------------------------------------------------------------------

[AI Client] History limit reached. Trimmed to 100 non-system messages (removed 2 oldest messages)

──────────────────────────────────────────────────────────────────────
⏰ 时间: 03:37    | 🔄 迭代: 332
📍 位置: node_36    | 🔋 电量: 52.0% (26.0km)
💰 利润: ¥492.67   | ✅ 完成: 26 单
📦 背包: 空
💬 AI: Executed 1 tool call(s)

================================================================================
[对话轮次 #332] ASSISTANT
================================================================================

【Tool Calls】

  [1] calculate_distance
  Arguments:
    {
        "fromId": "node_36",
        "toId": "node_12"
    }

================================================================================


--------------------------------------------------------------------------------
[对话轮次 #332] TOOL: calculate_distance
--------------------------------------------------------------------------------

【Result】
{
  "success": true,
  "data": {
    "distance": 7,
    "path": [
      "node_36",
      "node_89",
      "node_18",
      "node_8",
      "node_41",
      "node_12"
    ]
  }
}

--------------------------------------------------------------------------------

[AI Client] History limit reached. Trimmed to 100 non-system messages (removed 2 oldest messages)

──────────────────────────────────────────────────────────────────────
⏰ 时间: 03:37    | 🔄 迭代: 333
📍 位置: node_36    | 🔋 电量: 52.0% (26.0km)
💰 利润: ¥492.67   | ✅ 完成: 26 单
📦 背包: 空
💬 AI: Executed 1 tool call(s)

================================================================================
[对话轮次 #333] ASSISTANT
================================================================================

【Tool Calls】

  [1] calculate_distance
  Arguments:
    {
        "fromId": "node_12",
        "toId": "node_6"
    }

================================================================================


--------------------------------------------------------------------------------
[对话轮次 #333] TOOL: calculate_distance
--------------------------------------------------------------------------------

【Result】
{
  "success": true,
  "data": {
    "distance": 14.414213562373096,
    "path": [
      "node_12",
      "node_41",
      "node_17",
      "node_14",
      "node_50",
      "node_80",
      "node_70",
      "node_5",
      "node_16",
      "node_22",
      "node_53",
      "node_6"
    ]
  }
}

--------------------------------------------------------------------------------

[AI Client] History limit reached. Trimmed to 100 non-system messages (removed 2 oldest messages)

──────────────────────────────────────────────────────────────────────
⏰ 时间: 03:37    | 🔄 迭代: 334
📍 位置: node_36    | 🔋 电量: 52.0% (26.0km)
💰 利润: ¥492.67   | ✅ 完成: 26 单
📦 背包: 空
💬 AI: Executed 1 tool call(s)

================================================================================
[对话轮次 #334] ASSISTANT
================================================================================

【Tool Calls】

  [1] calculate_distance
  Arguments:
    {
        "fromId": "node_36",
        "toId": "node_70"
    }

================================================================================


--------------------------------------------------------------------------------
[对话轮次 #334] TOOL: calculate_distance
--------------------------------------------------------------------------------

【Result】
{
  "success": true,
  "data": {
    "distance": 6,
    "path": [
      "node_36",
      "node_89",
      "node_80",
      "node_70"
    ]
  }
}

--------------------------------------------------------------------------------

[AI Client] History limit reached. Trimmed to 100 non-system messages (removed 2 oldest messages)

──────────────────────────────────────────────────────────────────────
⏰ 时间: 03:37    | 🔄 迭代: 335
📍 位置: node_36    | 🔋 电量: 52.0% (26.0km)
💰 利润: ¥492.67   | ✅ 完成: 26 单
📦 背包: 空
💬 AI: Executed 1 tool call(s)

================================================================================
[对话轮次 #335] ASSISTANT
================================================================================

【Tool Calls】

  [1] calculate_distance
  Arguments:
    {
        "fromId": "node_36",
        "toId": "node_96"
    }

================================================================================


--------------------------------------------------------------------------------
[对话轮次 #335] TOOL: calculate_distance
--------------------------------------------------------------------------------

【Result】
{
  "success": true,
  "data": {
    "distance": 3,
    "path": [
      "node_36",
      "node_89",
      "node_96"
    ]
  }
}

--------------------------------------------------------------------------------

[AI Client] History limit reached. Trimmed to 100 non-system messages (removed 2 oldest messages)

──────────────────────────────────────────────────────────────────────
⏰ 时间: 03:37    | 🔄 迭代: 336
📍 位置: node_36    | 🔋 电量: 52.0% (26.0km)
💰 利润: ¥492.67   | ✅ 完成: 26 单
📦 背包: 1/5 单 | ⚖️  重量: 0.88/10kg
   1. order_128 🍔 ⏳待取餐 - 0.88kg - ¥23.38
💬 AI: Executed 1 tool call(s)

================================================================================
[对话轮次 #336] ASSISTANT
================================================================================

【Tool Calls】

  [1] accept_order
  Arguments:
    {
        "orderId": "order_128"
    }

================================================================================


--------------------------------------------------------------------------------
[对话轮次 #336] TOOL: accept_order
--------------------------------------------------------------------------------

【Result】
{
  "success": true,
  "data": {
    "success": true,
    "order": {
      "id": "order_128",
      "type": "food",
      "name": "[\"时蔬鸡片\",\"榴莲酥\"]",
      "pickupLocation": "node_82",
      "deliveryLocation": "node_33",
      "distance": 19.414213562373096,
      "itemPrice": 40.3843301825691,
      "deliveryFee": 23.383392995235535,
      "weight": 0.8779747230000794,
      "timeLimit": 69.24264068711929,
      "createdAt": 1588.0792206135789,
      "pickedUp": false,
      "delivered": false,
      "acceptedAt": 1657.0792206135789,
      "deadline": 1726.3218613006982
    }
  }
}

--------------------------------------------------------------------------------

[AI Client] History limit reached. Trimmed to 100 non-system messages (removed 2 oldest messages)

──────────────────────────────────────────────────────────────────────
⏰ 时间: 03:55    | 🔄 迭代: 337
📍 位置: node_82    | 🔋 电量: 34.0% (17.0km)
💰 利润: ¥492.67   | ✅ 完成: 26 单
📦 背包: 1/5 单 | ⚖️  重量: 0.88/10kg
   1. order_128 🍔 ⏳待取餐 - 0.88kg - ¥23.38
💬 AI: Executed 1 tool call(s)

================================================================================
[对话轮次 #337] ASSISTANT
================================================================================

【Tool Calls】

  [1] move_to
  Arguments:
    {
        "targetLocationId": "node_82"
    }

================================================================================


--------------------------------------------------------------------------------
[对话轮次 #337] TOOL: move_to
--------------------------------------------------------------------------------

【Result】
{
  "success": true,
  "data": {
    "success": true,
    "timeCost": 18,
    "batteryCost": 18,
    "newPosition": "node_82",
    "distance": 9
  }
}

--------------------------------------------------------------------------------

[AI Client] History limit reached. Trimmed to 100 non-system messages (removed 2 oldest messages)

──────────────────────────────────────────────────────────────────────
⏰ 时间: 03:57    | 🔄 迭代: 338
📍 位置: node_82    | 🔋 电量: 34.0% (17.0km)
💰 利润: ¥492.67   | ✅ 完成: 26 单
📦 背包: 1/5 单 | ⚖️  重量: 0.88/10kg
   1. order_128 🍔 ✓已取餐 - 0.88kg - ¥23.38
💬 AI: Executed 1 tool call(s)

================================================================================
[对话轮次 #338] ASSISTANT
================================================================================

【Tool Calls】

  [1] pickup_food
  Arguments:
    {
        "orderId": "order_128"
    }

================================================================================


--------------------------------------------------------------------------------
[对话轮次 #338] TOOL: pickup_food
--------------------------------------------------------------------------------

【Result】
{
  "success": true,
  "data": {
    "success": true,
    "timeCost": 2
  }
}

--------------------------------------------------------------------------------

[AI Client] History limit reached. Trimmed to 100 non-system messages (removed 2 oldest messages)

──────────────────────────────────────────────────────────────────────
⏰ 时间: 04:45    | 🔄 迭代: 339
📍 位置: node_33    | 🔋 电量: 0.0% (0.0km)
💰 利润: ¥492.67   | ✅ 完成: 26 单
📦 背包: 1/5 单 | ⚖️  重量: 0.88/10kg
   1. order_128 🍔 ✓已取餐 - 0.88kg - ¥23.38
💬 AI: Executed 1 tool call(s)

================================================================================
[对话轮次 #339] ASSISTANT
================================================================================

【Tool Calls】

  [1] move_to
  Arguments:
    {
        "targetLocationId": "node_33"
    }

================================================================================


--------------------------------------------------------------------------------
[对话轮次 #339] TOOL: move_to
--------------------------------------------------------------------------------

【Result】
{
  "success": true,
  "data": {
    "success": true,
    "timeCost": 48.485281374238575,
    "batteryCost": 34,
    "newPosition": "node_33",
    "distance": 19.414213562373096,
    "pushedDistance": 2.414213562373096
  }
}

--------------------------------------------------------------------------------

[AI Client] History limit reached. Trimmed to 100 non-system messages (removed 2 oldest messages)

──────────────────────────────────────────────────────────────────────
⏰ 订单完成: order_128 🍔
   配送费: ¥23.38
   实际收入: ¥23.38
   状态: 超时0.2分钟
──────────────────────────────────────────────────────────────────────

──────────────────────────────────────────────────────────────────────
⏰ 时间: 04:46    | 🔄 迭代: 340
📍 位置: node_33    | 🔋 电量: 0.0% (0.0km)
💰 利润: ¥516.05   | ✅ 完成: 27 单
📦 背包: 空
💬 AI: Executed 1 tool call(s)

================================================================================
[对话轮次 #340] ASSISTANT
================================================================================

【Tool Calls】

  [1] deliver_food
  Arguments:
    {
        "orderId": "order_128"
    }

================================================================================


--------------------------------------------------------------------------------
[对话轮次 #340] TOOL: deliver_food
--------------------------------------------------------------------------------

【Result】
{
  "success": true,
  "data": {
    "success": true,
    "payment": 23.383392995235535,
    "overtime": 0.2426406871193194,
    "penalty": 0,
    "timeCost": 1
  }
}

--------------------------------------------------------------------------------

[OrderGenerator] Removing 8 expired order(s): order_131, order_132, order_135, order_137, order_138, order_139, order_140, order_141
[AI Client] History limit reached. Trimmed to 100 non-system messages (removed 2 oldest messages)

──────────────────────────────────────────────────────────────────────
⏰ 时间: 04:46    | 🔄 迭代: 341
📍 位置: node_33    | 🔋 电量: 0.0% (0.0km)
💰 利润: ¥516.05   | ✅ 完成: 27 单
📦 背包: 空
💬 AI: Executed 1 tool call(s)

================================================================================
[对话轮次 #341] ASSISTANT
================================================================================

【Tool Calls】

  [1] get_my_status
  Arguments:
    {}

================================================================================


--------------------------------------------------------------------------------
[对话轮次 #341] TOOL: get_my_status
--------------------------------------------------------------------------------

【Result】
{
  "success": true,
  "data": {
    "position": "node_33",
    "battery": 0,
    "batteryRange": 0,
    "acceptedOrders": [],
    "carriedOrders": [],
    "totalWeight": 0,
    "remainingCapacity": 10,
    "currentTime": 1726.5645019878175,
    "formattedTime": "04:46.56450198781749",
    "remainingTime": 73.4354980121825,
    "formattedRemainingTime": "1小时13.435498012182506分钟",
    "profit": 516.0503005596798
  }
}

--------------------------------------------------------------------------------

[AI Client] History limit reached. Trimmed to 100 non-system messages (removed 2 oldest messages)

──────────────────────────────────────────────────────────────────────
⏰ 时间: 04:46    | 🔄 迭代: 342
📍 位置: node_33    | 🔋 电量: 0.0% (0.0km)
💰 利润: ¥516.05   | ✅ 完成: 27 单
📦 背包: 空
💬 AI: Executed 1 tool call(s)

================================================================================
[对话轮次 #342] ASSISTANT
================================================================================

【Tool Calls】

  [1] search_nearby_battery_stations
  Arguments:
    {
        "radius": 10
    }

================================================================================


--------------------------------------------------------------------------------
[对话轮次 #342] TOOL: search_nearby_battery_stations
--------------------------------------------------------------------------------

【Result】
{
  "success": true,
  "data": {
    "stations": [
      {
        "id": "node_41",
        "name": "换电站_41",
        "distance": 6,
        "estimatedTime": 12,
        "position": {
          "x": 10,
          "y": 8
        }
      },
      {
        "id": "node_2",
        "name": "换电站_2",
        "distance": 9,
        "estimatedTime": 18,
        "position": {
          "x": 5,
          "y": 4
        }
      },
      {
        "id": "node_21",
        "name": "换电站_21",
        "distance": 10,
        "estimatedTime": 20,
        "position": {
          "x": 5,
          "y": 3
        }
      },
      {
        "id": "node_69",
        "name": "换电站_69",
        "distance": 10,
        "estimatedTime": 20,
        "position": {
          "x": 6,
          "y": 8
        }
      }
    ]
  }
}

--------------------------------------------------------------------------------

[AI Client] History limit reached. Trimmed to 100 non-system messages (removed 2 oldest messages)

──────────────────────────────────────────────────────────────────────
⏰ 时间: 05:22    | 🔄 迭代: 343
📍 位置: node_41    | 🔋 电量: 0.0% (0.0km)
💰 利润: ¥516.05   | ✅ 完成: 27 单
📦 背包: 空
💬 AI: Executed 1 tool call(s)

================================================================================
[对话轮次 #343] ASSISTANT
================================================================================

【Tool Calls】

  [1] move_to
  Arguments:
    {
        "targetLocationId": "node_41"
    }

================================================================================


--------------------------------------------------------------------------------
[对话轮次 #343] TOOL: move_to
--------------------------------------------------------------------------------

【Result】
{
  "success": true,
  "data": {
    "success": true,
    "timeCost": 36,
    "batteryCost": 0,
    "newPosition": "node_41",
    "distance": 6,
    "pushedDistance": 6
  }
}

--------------------------------------------------------------------------------

[AI Client] History limit reached. Trimmed to 100 non-system messages (removed 2 oldest messages)

──────────────────────────────────────────────────────────────────────
⏰ 时间: 05:23    | 🔄 迭代: 344
📍 位置: node_41    | 🔋 电量: 100.0% (50.0km)
💰 利润: ¥515.55   | ✅ 完成: 27 单
📦 背包: 空
💬 AI: Executed 1 tool call(s)

================================================================================
[对话轮次 #344] ASSISTANT
================================================================================

【Tool Calls】

  [1] swap_battery
  Arguments:
    {}

================================================================================


--------------------------------------------------------------------------------
[对话轮次 #344] TOOL: swap_battery
--------------------------------------------------------------------------------

【Result】
{
  "success": true,
  "data": {
    "success": true,
    "cost": 0.5,
    "timeCost": 1,
    "newBattery": 100
  }
}

--------------------------------------------------------------------------------

[AI Client] History limit reached. Trimmed to 100 non-system messages (removed 2 oldest messages)

──────────────────────────────────────────────────────────────────────
⏰ 时间: 05:23    | 🔄 迭代: 345
📍 位置: node_41    | 🔋 电量: 100.0% (50.0km)
💰 利润: ¥515.55   | ✅ 完成: 27 单
📦 背包: 空
💬 AI: Executed 1 tool call(s)

================================================================================
[对话轮次 #345] ASSISTANT
================================================================================

【Tool Calls】

  [1] search_nearby_orders
  Arguments:
    {
        "radius": 15
    }

================================================================================


--------------------------------------------------------------------------------
[对话轮次 #345] TOOL: search_nearby_orders
--------------------------------------------------------------------------------

【Result】
{
  "success": true,
  "data": {
    "orders": [
      {
        "id": "order_142",
        "type": "food",
        "name": "[\"浓汁四宝鱼翅\",\"烧烤排骨\"]",
        "deliveryFee": 25.923497171886265,
        "weight": 0.8936330064898357,
        "itemPrice": 40.130539843812585,
        "pickupLocation": "node_43",
        "deliveryLocation": "node_37",
        "distance": 22,
        "estimatedTimeLimit": 77
      },
      {
        "id": "order_143",
        "type": "supermarket",
        "name": "[\"蔬菜\",\"水果\",\"零食\"]",
        "deliveryFee": 22.97989747999236,
        "weight": 6.2312385137192905,
        "itemPrice": 128.11704399995506,
        "pickupLocation": "node_18",
        "deliveryLocation": "node_56",
        "distance": 4,
        "estimatedTimeLimit": 23
      },
      {
        "id": "order_144",
        "type": "food",
        "name": "[\"豉汁煎焗塘虱\"]",
        "deliveryFee": 16.64112156612149,
        "weight": 0.7700089290738106,
        "itemPrice": 41.81615557637997,
        "pickupLocation": "node_80",
        "deliveryLocation": "node_27",
        "distance": 12.414213562373096,
        "estimatedTimeLimit": 48.24264068711929
      }
    ]
  }
}

--------------------------------------------------------------------------------

[OrderGenerator] Removing 2 expired order(s): order_142, order_143
[AI Client] History limit reached. Trimmed to 100 non-system messages (removed 2 oldest messages)

──────────────────────────────────────────────────────────────────────
⏰ 时间: 05:23    | 🔄 迭代: 346
📍 位置: node_41    | 🔋 电量: 100.0% (50.0km)
💰 利润: ¥515.55   | ✅ 完成: 27 单
📦 背包: 空
💬 AI: Executed 1 tool call(s)

================================================================================
[对话轮次 #346] ASSISTANT
================================================================================

【Tool Calls】

  [1] calculate_distance
  Arguments:
    {
        "fromId": "node_41",
        "toId": "node_43"
    }

================================================================================


--------------------------------------------------------------------------------
[对话轮次 #346] TOOL: calculate_distance
--------------------------------------------------------------------------------

【Result】
{
  "success": true,
  "data": {
    "distance": 13,
    "path": [
      "node_41",
      "node_12",
      "node_45",
      "node_4",
      "node_54",
      "node_24",
      "node_98",
      "node_61",
      "node_43"
    ]
  }
}

--------------------------------------------------------------------------------

[AI Client] History limit reached. Trimmed to 100 non-system messages (removed 2 oldest messages)

──────────────────────────────────────────────────────────────────────
⏰ 时间: 05:23    | 🔄 迭代: 347
📍 位置: node_41    | 🔋 电量: 100.0% (50.0km)
💰 利润: ¥515.55   | ✅ 完成: 27 单
📦 背包: 空
💬 AI: Executed 1 tool call(s)

================================================================================
[对话轮次 #347] ASSISTANT
================================================================================

【Tool Calls】

  [1] estimate_time
  Arguments:
    {
        "locationIds": [
            "node_41",
            "node_43",
            "node_37"
        ]
    }

================================================================================


--------------------------------------------------------------------------------
[对话轮次 #347] TOOL: estimate_time
--------------------------------------------------------------------------------

【Result】
{
  "success": true,
  "data": {
    "totalTime": 70,
    "segments": [
      {
        "from": "node_41",
        "to": "node_43",
        "distance": 13,
        "congestion": "normal",
        "speed": 30,
        "time": 26,
        "path": [
          "node_41",
          "node_12",
          "node_45",
          "node_4",
          "node_54",
          "node_24",
          "node_98",
          "node_61",
          "node_43"
        ]
      },
      {
        "from": "node_43",
        "to": "node_37",
        "distance": 22,
        "congestion": "normal",
        "speed": 30,
        "time": 44,
        "path": [
          "node_43",
          "node_61",
          "node_98",
          "node_24",
          "node_54",
          "node_4",
          "node_42",
          "node_48",
          "node_47",
          "node_60",
          "node_71",
          "node_40",
          "node_56",
          "node_3",
          "node_13",
          "node_37"
        ]
      }
    ]
  }
}

--------------------------------------------------------------------------------

[AI Client] History limit reached. Trimmed to 100 non-system messages (removed 2 oldest messages)

──────────────────────────────────────────────────────────────────────
⏰ 时间: 05:23    | 🔄 迭代: 348
📍 位置: node_41    | 🔋 电量: 100.0% (50.0km)
💰 利润: ¥515.55   | ✅ 完成: 27 单
📦 背包: 空
💬 AI: Executed 1 tool call(s)

================================================================================
[对话轮次 #348] ASSISTANT
================================================================================

【Tool Calls】

  [1] calculate_distance
  Arguments:
    {
        "fromId": "node_41",
        "toId": "node_18"
    }

================================================================================


--------------------------------------------------------------------------------
[对话轮次 #348] TOOL: calculate_distance
--------------------------------------------------------------------------------

【Result】
{
  "success": true,
  "data": {
    "distance": 2,
    "path": [
      "node_41",
      "node_8",
      "node_18"
    ]
  }
}

--------------------------------------------------------------------------------

[AI Client] History limit reached. Trimmed to 100 non-system messages (removed 2 oldest messages)

──────────────────────────────────────────────────────────────────────
⏰ 时间: 05:23    | 🔄 迭代: 349
📍 位置: node_41    | 🔋 电量: 100.0% (50.0km)
💰 利润: ¥515.55   | ✅ 完成: 27 单
📦 背包: 空
💬 AI: Executed 1 tool call(s)

================================================================================
[对话轮次 #349] ASSISTANT
================================================================================

【Tool Calls】

  [1] calculate_distance
  Arguments:
    {
        "fromId": "node_41",
        "toId": "node_80"
    }

================================================================================


--------------------------------------------------------------------------------
[对话轮次 #349] TOOL: calculate_distance
--------------------------------------------------------------------------------

【Result】
{
  "success": true,
  "data": {
    "distance": 4,
    "path": [
      "node_41",
      "node_17",
      "node_14",
      "node_50",
      "node_80"
    ]
  }
}

--------------------------------------------------------------------------------

[AI Client] History limit reached. Trimmed to 100 non-system messages (removed 2 oldest messages)
[AI Client] No user message in history after trim, re-anchored with a user query (llama.cpp multi_step_tool template requires it)

──────────────────────────────────────────────────────────────────────
⏰ 时间: 05:23    | 🔄 迭代: 350
📍 位置: node_41    | 🔋 电量: 100.0% (50.0km)
💰 利润: ¥515.55   | ✅ 完成: 27 单
📦 背包: 空
💬 AI: Executed 1 tool call(s)

================================================================================
[对话轮次 #350] ASSISTANT
================================================================================

【Tool Calls】

  [1] accept_order
  Arguments:
    {
        "orderId": "order_142"
    }

================================================================================


--------------------------------------------------------------------------------
[对话轮次 #350] TOOL: accept_order
--------------------------------------------------------------------------------

【Result】
{
  "success": false,
  "error": {
    "code": "INVALID_ORDER",
    "message": "Order not found: order_142",
    "details": {
      "orderId": "order_142"
    }
  }
}

--------------------------------------------------------------------------------

[AI Client] History limit reached. Trimmed to 100 non-system messages (removed 3 oldest messages)

──────────────────────────────────────────────────────────────────────
⏰ 时间: 05:23    | 🔄 迭代: 351
📍 位置: node_41    | 🔋 电量: 100.0% (50.0km)
💰 利润: ¥515.55   | ✅ 完成: 27 单
📦 背包: 空
💬 AI: Executed 1 tool call(s)

================================================================================
[对话轮次 #351] ASSISTANT
================================================================================

【Tool Calls】

  [1] search_nearby_orders
  Arguments:
    {
        "radius": 10
    }

================================================================================


--------------------------------------------------------------------------------
[对话轮次 #351] TOOL: search_nearby_orders
--------------------------------------------------------------------------------

【Result】
{
  "success": true,
  "data": {
    "orders": [
      {
        "id": "order_144",
        "type": "food",
        "name": "[\"豉汁煎焗塘虱\"]",
        "deliveryFee": 16.64112156612149,
        "weight": 0.7700089290738106,
        "itemPrice": 41.81615557637997,
        "pickupLocation": "node_80",
        "deliveryLocation": "node_27",
        "distance": 12.414213562373096,
        "estimatedTimeLimit": 48.24264068711929
      },
      {
        "id": "order_145",
        "type": "food",
        "name": "[\"时菜鹑蛋\"]",
        "deliveryFee": 10.157570385129658,
        "weight": 0.7011032653972507,
        "itemPrice": 25.03984413226135,
        "pickupLocation": "node_96",
        "deliveryLocation": "node_55",
        "distance": 9,
        "estimatedTimeLimit": 38
      },
      {
        "id": "order_146",
        "type": "food",
        "name": "[\"凉拌腰片\"]",
        "deliveryFee": 9.075848485855385,
        "weight": 0.5077532606665045,
        "itemPrice": 40.97693603252992,
        "pickupLocation": "node_3",
        "deliveryLocation": "node_8",
        "distance": 5,
        "estimatedTimeLimit": 26
      },
      {
        "id": "order_147",
        "type": "food",
        "name": "[\"乌鱼蛋汤\",\"菜肉大馄饨\"]",
        "deliveryFee": 9.044339250191115,
        "weight": 0.9345416059950367,
        "itemPrice": 54.96670147171244,
        "pickupLocation": "node_12",
        "deliveryLocation": "node_17",
        "distance": 3,
        "estimatedTimeLimit": 20
      },
      {
        "id": "order_148",
        "type": "food",
        "name": "[\"咖喱豆腐\"]",
        "deliveryFee": 8.181683143740521,
        "weight": 0.5795519925886765,
        "itemPrice": 36.009350798558444,
        "pickupLocation": "node_20",
        "deliveryLocation": "node_9",
        "distance": 5,
        "estimatedTimeLimit": 26
      }
    ]
  }
}

--------------------------------------------------------------------------------

[AI Client] History limit reached. Trimmed to 100 non-system messages (removed 2 oldest messages)

──────────────────────────────────────────────────────────────────────
⏰ 时间: 05:23    | 🔄 迭代: 352
📍 位置: node_41    | 🔋 电量: 100.0% (50.0km)
💰 利润: ¥515.55   | ✅ 完成: 27 单
📦 背包: 1/5 单 | ⚖️  重量: 0.93/10kg
   1. order_147 🍔 ⏳待取餐 - 0.93kg - ¥9.04
💬 AI: Executed 1 tool call(s)

================================================================================
[对话轮次 #352] ASSISTANT
================================================================================

【Tool Calls】

  [1] accept_order
  Arguments:
    {
        "orderId": "order_147"
    }

================================================================================


--------------------------------------------------------------------------------
[对话轮次 #352] TOOL: accept_order
--------------------------------------------------------------------------------

【Result】
{
  "success": true,
  "data": {
    "success": true,
    "order": {
      "id": "order_147",
      "type": "food",
      "name": "[\"乌鱼蛋汤\",\"菜肉大馄饨\"]",
      "pickupLocation": "node_12",
      "deliveryLocation": "node_17",
      "distance": 3,
      "itemPrice": 54.96670147171244,
      "deliveryFee": 9.044339250191115,
      "weight": 0.9345416059950367,
      "timeLimit": 20,
      "createdAt": 1763.5645019878175,
      "pickedUp": false,
      "delivered": false,
      "acceptedAt": 1763.5645019878175,
      "deadline": 1783.5645019878175
    }
  }
}

--------------------------------------------------------------------------------

[AI Client] History limit reached. Trimmed to 100 non-system messages (removed 2 oldest messages)

──────────────────────────────────────────────────────────────────────
⏰ 时间: 05:27    | 🔄 迭代: 353
📍 位置: node_12    | 🔋 电量: 96.0% (48.0km)
💰 利润: ¥515.55   | ✅ 完成: 27 单
📦 背包: 1/5 单 | ⚖️  重量: 0.93/10kg
   1. order_147 🍔 ⏳待取餐 - 0.93kg - ¥9.04
💬 AI: Executed 1 tool call(s)

================================================================================
[对话轮次 #353] ASSISTANT
================================================================================

【Tool Calls】

  [1] move_to
  Arguments:
    {
        "targetLocationId": "node_12"
    }

================================================================================


--------------------------------------------------------------------------------
[对话轮次 #353] TOOL: move_to
--------------------------------------------------------------------------------

【Result】
{
  "success": true,
  "data": {
    "success": true,
    "timeCost": 4,
    "batteryCost": 4,
    "newPosition": "node_12",
    "distance": 2
  }
}

--------------------------------------------------------------------------------

[AI Client] History limit reached. Trimmed to 100 non-system messages (removed 2 oldest messages)

──────────────────────────────────────────────────────────────────────
⏰ 时间: 05:29    | 🔄 迭代: 354
📍 位置: node_12    | 🔋 电量: 96.0% (48.0km)
💰 利润: ¥515.55   | ✅ 完成: 27 单
📦 背包: 1/5 单 | ⚖️  重量: 0.93/10kg
   1. order_147 🍔 ✓已取餐 - 0.93kg - ¥9.04
💬 AI: Executed 1 tool call(s)

================================================================================
[对话轮次 #354] ASSISTANT
================================================================================

【Tool Calls】

  [1] pickup_food
  Arguments:
    {
        "orderId": "order_147"
    }

================================================================================


--------------------------------------------------------------------------------
[对话轮次 #354] TOOL: pickup_food
--------------------------------------------------------------------------------

【Result】
{
  "success": true,
  "data": {
    "success": true,
    "timeCost": 2
  }
}

--------------------------------------------------------------------------------

[AI Client] History limit reached. Trimmed to 100 non-system messages (removed 2 oldest messages)

──────────────────────────────────────────────────────────────────────
⏰ 时间: 05:35    | 🔄 迭代: 355
📍 位置: node_17    | 🔋 电量: 90.0% (45.0km)
💰 利润: ¥515.55   | ✅ 完成: 27 单
📦 背包: 1/5 单 | ⚖️  重量: 0.93/10kg
   1. order_147 🍔 ✓已取餐 - 0.93kg - ¥9.04
💬 AI: Executed 1 tool call(s)

================================================================================
[对话轮次 #355] ASSISTANT
================================================================================

【Tool Calls】

  [1] move_to
  Arguments:
    {
        "targetLocationId": "node_17"
    }

================================================================================


--------------------------------------------------------------------------------
[对话轮次 #355] TOOL: move_to
--------------------------------------------------------------------------------

【Result】
{
  "success": true,
  "data": {
    "success": true,
    "timeCost": 6,
    "batteryCost": 6,
    "newPosition": "node_17",
    "distance": 3
  }
}

--------------------------------------------------------------------------------

[OrderGenerator] Removing 1 expired order(s): order_144
[AI Client] History limit reached. Trimmed to 100 non-system messages (removed 2 oldest messages)

──────────────────────────────────────────────────────────────────────
✅ 订单完成: order_147 🍔
   配送费: ¥9.04
   实际收入: ¥9.04
   状态: 准时完成
──────────────────────────────────────────────────────────────────────

──────────────────────────────────────────────────────────────────────
⏰ 时间: 05:36    | 🔄 迭代: 356
📍 位置: node_17    | 🔋 电量: 90.0% (45.0km)
💰 利润: ¥524.59   | ✅ 完成: 28 单
📦 背包: 空
💬 AI: Executed 1 tool call(s)

================================================================================
[对话轮次 #356] ASSISTANT
================================================================================

【Tool Calls】

  [1] deliver_food
  Arguments:
    {
        "orderId": "order_147"
    }

================================================================================


--------------------------------------------------------------------------------
[对话轮次 #356] TOOL: deliver_food
--------------------------------------------------------------------------------

【Result】
{
  "success": true,
  "data": {
    "success": true,
    "payment": 9.044339250191115,
    "overtime": 0,
    "penalty": 0,
    "timeCost": 1
  }
}

--------------------------------------------------------------------------------

[AI Client] History limit reached. Trimmed to 100 non-system messages (removed 2 oldest messages)

──────────────────────────────────────────────────────────────────────
⏰ 时间: 05:36    | 🔄 迭代: 357
📍 位置: node_17    | 🔋 电量: 90.0% (45.0km)
💰 利润: ¥524.59   | ✅ 完成: 28 单
📦 背包: 空
💬 AI: Executed 1 tool call(s)

================================================================================
[对话轮次 #357] ASSISTANT
================================================================================

【Tool Calls】

  [1] search_nearby_orders
  Arguments:
    {
        "radius": 10
    }

================================================================================


--------------------------------------------------------------------------------
[对话轮次 #357] TOOL: search_nearby_orders
--------------------------------------------------------------------------------

【Result】
{
  "success": true,
  "data": {
    "orders": [
      {
        "id": "order_145",
        "type": "food",
        "name": "[\"时菜鹑蛋\"]",
        "deliveryFee": 10.157570385129658,
        "weight": 0.7011032653972507,
        "itemPrice": 25.03984413226135,
        "pickupLocation": "node_96",
        "deliveryLocation": "node_55",
        "distance": 9,
        "estimatedTimeLimit": 38
      },
      {
        "id": "order_146",
        "type": "food",
        "name": "[\"凉拌腰片\"]",
        "deliveryFee": 9.075848485855385,
        "weight": 0.5077532606665045,
        "itemPrice": 40.97693603252992,
        "pickupLocation": "node_3",
        "deliveryLocation": "node_8",
        "distance": 5,
        "estimatedTimeLimit": 26
      },
      {
        "id": "order_148",
        "type": "food",
        "name": "[\"咖喱豆腐\"]",
        "deliveryFee": 8.181683143740521,
        "weight": 0.5795519925886765,
        "itemPrice": 36.009350798558444,
        "pickupLocation": "node_20",
        "deliveryLocation": "node_9",
        "distance": 5,
        "estimatedTimeLimit": 26
      },
      {
        "id": "order_149",
        "type": "food",
        "name": "[\"时菜炒鸡片\",\"白灼肥牛\",\"巴西山度士咖啡\"]",
        "deliveryFee": 24.12292719410034,
        "weight": 0.7427569826832041,
        "itemPrice": 70.13486584764905,
        "pickupLocation": "node_63",
        "deliveryLocation": "node_59",
        "distance": 15,
        "estimatedTimeLimit": 56
      }
    ]
  }
}

--------------------------------------------------------------------------------

[AI Client] History limit reached. Trimmed to 100 non-system messages (removed 2 oldest messages)

──────────────────────────────────────────────────────────────────────
⏰ 时间: 05:36    | 🔄 迭代: 358
📍 位置: node_17    | 🔋 电量: 90.0% (45.0km)
💰 利润: ¥524.59   | ✅ 完成: 28 单
📦 背包: 空
💬 AI: Executed 1 tool call(s)

================================================================================
[对话轮次 #358] ASSISTANT
================================================================================

【Tool Calls】

  [1] calculate_distance
  Arguments:
    {
        "fromId": "node_17",
        "toId": "node_63"
    }

================================================================================


--------------------------------------------------------------------------------
[对话轮次 #358] TOOL: calculate_distance
--------------------------------------------------------------------------------

【Result】
{
  "success": true,
  "data": {
    "distance": 6,
    "path": [
      "node_17",
      "node_14",
      "node_50",
      "node_67",
      "node_46",
      "node_63"
    ]
  }
}

--------------------------------------------------------------------------------

[AI Client] History limit reached. Trimmed to 100 non-system messages (removed 2 oldest messages)

──────────────────────────────────────────────────────────────────────
⏰ 时间: 05:36    | 🔄 迭代: 359
📍 位置: node_17    | 🔋 电量: 90.0% (45.0km)
💰 利润: ¥524.59   | ✅ 完成: 28 单
📦 背包: 空
💬 AI: Executed 1 tool call(s)

================================================================================
[对话轮次 #359] ASSISTANT
================================================================================

【Tool Calls】

  [1] calculate_distance
  Arguments:
    {
        "fromId": "node_63",
        "toId": "node_59"
    }

================================================================================


--------------------------------------------------------------------------------
[对话轮次 #359] TOOL: calculate_distance
--------------------------------------------------------------------------------

【Result】
{
  "success": true,
  "data": {
    "distance": 15,
    "path": [
      "node_63",
      "node_5",
      "node_16",
      "node_36",
      "node_3",
      "node_13",
      "node_37",
      "node_59"
    ]
  }
}

--------------------------------------------------------------------------------

[AI Client] History limit reached. Trimmed to 100 non-system messages (removed 2 oldest messages)

──────────────────────────────────────────────────────────────────────
⏰ 时间: 05:36    | 🔄 迭代: 360
📍 位置: node_17    | 🔋 电量: 90.0% (45.0km)
💰 利润: ¥524.59   | ✅ 完成: 28 单
📦 背包: 1/5 单 | ⚖️  重量: 0.74/10kg
   1. order_149 🍔 ⏳待取餐 - 0.74kg - ¥24.12
💬 AI: Executed 1 tool call(s)

================================================================================
[对话轮次 #360] ASSISTANT
================================================================================

【Tool Calls】

  [1] accept_order
  Arguments:
    {
        "orderId": "order_149"
    }

================================================================================


--------------------------------------------------------------------------------
[对话轮次 #360] TOOL: accept_order
--------------------------------------------------------------------------------

【Result】
{
  "success": true,
  "data": {
    "success": true,
    "order": {
      "id": "order_149",
      "type": "food",
      "name": "[\"时菜炒鸡片\",\"白灼肥牛\",\"巴西山度士咖啡\"]",
      "pickupLocation": "node_63",
      "deliveryLocation": "node_59",
      "distance": 15,
      "itemPrice": 70.13486584764905,
      "deliveryFee": 24.12292719410034,
      "weight": 0.7427569826832041,
      "timeLimit": 56,
      "createdAt": 1775.5645019878175,
      "pickedUp": false,
      "delivered": false,
      "acceptedAt": 1776.5645019878175,
      "deadline": 1832.5645019878175
    }
  }
}

--------------------------------------------------------------------------------

[AI Client] History limit reached. Trimmed to 100 non-system messages (removed 2 oldest messages)

──────────────────────────────────────────────────────────────────────
⏰ 时间: 05:48    | 🔄 迭代: 361
📍 位置: node_63    | 🔋 电量: 78.0% (39.0km)
💰 利润: ¥524.59   | ✅ 完成: 28 单
📦 背包: 1/5 单 | ⚖️  重量: 0.74/10kg
   1. order_149 🍔 ⏳待取餐 - 0.74kg - ¥24.12
💬 AI: Executed 1 tool call(s)

================================================================================
[对话轮次 #361] ASSISTANT
================================================================================

【Tool Calls】

  [1] move_to
  Arguments:
    {
        "targetLocationId": "node_63"
    }

================================================================================


--------------------------------------------------------------------------------
[对话轮次 #361] TOOL: move_to
--------------------------------------------------------------------------------

【Result】
{
  "success": true,
  "data": {
    "success": true,
    "timeCost": 12,
    "batteryCost": 12,
    "newPosition": "node_63",
    "distance": 6
  }
}

--------------------------------------------------------------------------------

[AI Client] History limit reached. Trimmed to 100 non-system messages (removed 2 oldest messages)

──────────────────────────────────────────────────────────────────────
⏰ 时间: 05:50    | 🔄 迭代: 362
📍 位置: node_63    | 🔋 电量: 78.0% (39.0km)
💰 利润: ¥524.59   | ✅ 完成: 28 单
📦 背包: 1/5 单 | ⚖️  重量: 0.74/10kg
   1. order_149 🍔 ✓已取餐 - 0.74kg - ¥24.12
💬 AI: Executed 1 tool call(s)

================================================================================
[对话轮次 #362] ASSISTANT
================================================================================

【Tool Calls】

  [1] pickup_food
  Arguments:
    {
        "orderId": "order_149"
    }

================================================================================


--------------------------------------------------------------------------------
[对话轮次 #362] TOOL: pickup_food
--------------------------------------------------------------------------------

【Result】
{
  "success": true,
  "data": {
    "success": true,
    "timeCost": 2
  }
}

--------------------------------------------------------------------------------

[AI Client] History limit reached. Trimmed to 100 non-system messages (removed 2 oldest messages)

──────────────────────────────────────────────────────────────────────
⏰ 时间: 06:20    | 🔄 迭代: 363
📍 位置: node_59    | 🔋 电量: 48.0% (24.0km)
💰 利润: ¥524.59   | ✅ 完成: 28 单
📦 背包: 1/5 单 | ⚖️  重量: 0.74/10kg
   1. order_149 🍔 ✓已取餐 - 0.74kg - ¥24.12
💬 AI: Executed 1 tool call(s)

================================================================================
[对话轮次 #363] ASSISTANT
================================================================================

【Tool Calls】

  [1] move_to
  Arguments:
    {
        "targetLocationId": "node_59"
    }

================================================================================


--------------------------------------------------------------------------------
[对话轮次 #363] TOOL: move_to
--------------------------------------------------------------------------------

【Result】
{
  "success": true,
  "data": {
    "success": true,
    "timeCost": 30,
    "batteryCost": 30,
    "newPosition": "node_59",
    "distance": 15
  }
}

--------------------------------------------------------------------------------


模拟完成！

结束时间: 2026/8/11 18:51:24
实际耗时: 5057.8 秒


正在计算评分...
正在生成报告...


══════════════════════════════════════════════════════════════════════
# Silicon Rider Bench - 评测报告

## 基本信息

- **Status**: ✅ 已完成
- **Level**: 1
- **Seed**: 622539
- **Duration**: 24:00:00
- **Model**: E:\Hermes3.6-35B-A3B-Uncensored-Genesis-V7-MTP-APEX-Compact.gguf
- **Start Time**: 2026/8/11 17:27:06
- **End Time**: 2026/8/11 18:51:24
- **Total Tokens**: 4,080,832
  - Prompt Tokens: 4,036,616
  - Completion Tokens: 44,216
- **Configuration**:
  - Max Iterations: 400
  - Context History Limit: 100
  - Temperature: 0.6
  - Top-P: 0.95
  - Repetition Penalty: 1
  - Tool Call Format: openai

## 核心指标

- **总利润**: ¥524.59
- **完成订单数**: 28
- **准时率**: 75.0% (21/28)
- **路径效率**: 1.68
- **API 违规率**: 2.2% (8/365)

## 详细统计

- **总行驶距离**: 558.3 km
- **理论最优距离**: 332.8 km
- **换电次数**: 10
- **总收入**: ¥529.59
- **总惩罚**: ¥44.66
- **总成本**: ¥5.00
- **平均每单利润**: ¥18.74
- **超时订单数**: 7
- **平均超时时长**: 3.5 分钟
- **总工具调用数**: 365
- **无效工具调用数**: 8

## 订单类型分布

- **餐饮订单**: 18 (64.3%)
- **超市订单**: 8 (28.6%)
- **药店订单**: 2 (7.1%)

## 评价总结

✅ 成功盈利 ¥524.59
⚠️ 准时率良好 (75.0%)
❌ 路径效率需要改进 (1.68)
✅ API 使用规范 (违规率 2.2%)

══════════════════════════════════════════════════════════════════════

✓ 报告已保存到: C:\Users\TK\.openclaw\workspace\silicon-rider-bench\report-level1-ctx100-1786440424580.md
正在生成详细报告...
✓ 详细报告已保存到: C:\Users\TK\.openclaw\workspace\silicon-rider-bench\report-level1-ctx100-1786440424580-detail.md

